extraction_rate,rainfall_mm,temperature_c,groundwater_level_drop
4968.640648185082,17.72221315031174,37.94655529999939,34.44094820094483
4259.154632693475,10.335037130052276,33.075929340564734,33.13356621019043
5559.883704608661,14.889747821152522,25.29908432219924,37.79515732547785
5534.519208988497,37.51779949318255,27.64583298282333,-2.811471133211775
5541.935057733979,6.787710293124478,27.82716391668036,54.14847766032311
5246.792310327689,24.026163772702176,24.761996581397618,3.590874095461846
5840.615866116719,16.76471321533606,27.51176316518908,41.97421861464536
6328.044514069694,29.510988947712615,34.49237149652882,24.221735561454217
4701.327097004485,1.0545389028089776,29.488084401096913,63.220248071290534
4227.60909114117,7.281698089780118,23.613634806907335,32.24152032234729
5274.344962025129,0.9746055370981201,31.558067721891696,60.482365644362574
4480.311825018713,7.349458618765108,31.961950300138213,46.48208468528611
5970.4979124520405,0.3860427631864228,31.25548385451403,72.68299960393055
5756.610261257374,10.513351918411221,37.1657827850801,55.941998303481235
6278.381186735755,9.478758618367372,26.542570868111728,51.924367775307054
5522.864146592582,7.715147719136549,21.939022192779486,53.30052656501166
4758.706096686738,4.335291876353411,34.820868338011536,48.205330400395816
4644.843314553489,8.193312007928792,30.830315280549186,54.0673226120353
5824.2816177623,0.33526556440219135,35.35754538380064,72.11348224892704
2247.7488088169957,2.929147302347816,36.76851576045835,42.543770083744796
5846.7880782195825,28.902846891803758,29.953533771985647,22.750598426123354
4851.306947492174,16.23532185155854,25.746958093696257,25.118462337114938
4438.383969745966,2.722082107281507,29.044953361110576,53.61955930712258
4862.209173375887,19.678285699384105,40.567099662329284,32.959037965361446
2815.8490858921346,3.7665783779647573,26.59701635340507,29.027047137771866
5286.693641920486,1.2136648049838255,33.41272370426988,68.55484299156561
4741.052556831802,3.592998320883588,34.2396603684145,54.17894644810389
4917.915244763548,3.4979510353217758,28.665280372864935,50.695275670135715
5255.988458612854,1.6496881332765347,30.292753363084795,69.52752863525785
5004.643460028894,4.234925053617432,30.672242020138373,48.27780478093872
3970.6545193742254,0.20207023219737924,23.433011645210605,51.65111814959192
3508.363434328351,1.969073169716034,29.931856331814217,40.422281704978815
4608.854965705635,17.11313486717549,24.856138825106015,18.721996383403607
3016.084235178336,4.027099266208477,36.34823684175703,40.052229694336326
6670.407713568516,2.508647199357299,31.228656998740203,76.59230521353265
6035.34031639223,1.2267603721048634,38.90329600416205,71.82134762213524
4162.757438051128,22.92541918544268,32.64538107595261,6.835864620667068
4558.3992944067,19.729373597234833,23.661427538758605,22.16961641159815
5503.894571980178,5.068999953508157,23.959645420828224,53.07320980755342
4449.52906806705,2.9500853625358032,28.68331766504175,55.492463864832764
5280.454924729774,10.569276100498968,26.62973778802273,49.542267903928895
4617.498019724128,13.292947741160507,33.74370695268423,47.08640478692056
5861.672589757735,2.213248898524992,33.72082614384361,71.97206444445162
3488.4060705147185,0.9023950403983899,27.781610307380298,47.65725537450523
5369.331748318957,7.427235908445324,23.643473025855823,52.44016153817567
3968.38239605657,4.816409248254693,24.105264070064003,41.09392800989323
4030.9010724394425,13.573723311464242,30.156466538948955,29.801240086449102
5865.34045033181,22.241808723896646,32.97495870521256,30.54580331459402
2472.598648670955,1.357448628267801,36.643885687800214,41.50929677276782
6194.590743509585,19.93257952402547,37.8507092535758,44.552197485294315
4279.400985800222,4.099417556390951,31.535185294751166,44.476207044107134
4795.231499614849,3.0790094388160534,32.110522149419836,60.97056793000065
4538.67306669675,4.427567688323706,27.743522446311367,50.55583297960558
5989.164169200609,8.175011263648344,34.2610867145953,68.40587752129318
6357.04229802034,3.587015417786273,22.262291303673614,71.86675347026666
4676.8559092042215,6.284369035937562,29.746853012879363,49.97918933697212
3000.7507503941833,16.452809446607052,23.421432170796056,14.385724156047772
5554.5508606730045,15.38642311094166,34.5367232561581,45.73690985451276
4369.158477195655,1.1987420278259255,23.552690313348865,53.67271285316613
6337.317619949501,7.834257699253255,31.38814665922234,61.67261901742619
5431.965084865171,6.271706150810851,24.53244847133115,56.85150996651423
4357.620444942648,2.4631865470154928,25.993355266185937,49.955789764203494
3788.72262414636,11.153536230326837,34.37557691209739,27.42716468172414
5487.636736889364,1.404857442891359,30.92231299054985,72.44459902213801
4086.9142155333325,7.809774499359675,23.556386226197233,37.333575978612245
5315.485612009319,5.22883869453051,31.447476653153895,60.08273516484883
3916.860815553056,18.5226467728341,24.576935894531562,16.97832926721204
4456.481922803626,0.8808448308853433,30.814876534962696,54.73911074613498
6714.873363868163,5.972063782422813,28.910870453065996,66.501629622066
3466.0110885376184,8.997510265338633,30.169426967387892,32.722088984894754
5380.445727299411,21.58387700807882,32.07710770480418,25.967808183842997
3703.6546630000894,2.664489041450558,28.084940999825637,55.70565064282742
4250.648955385745,6.826538003011421,26.960884610132428,49.38027879110477
5646.24561744166,47.74410032821676,25.562570969451368,-25.55167252126439
5349.819781158724,30.13675785354384,33.224389767926105,10.342681908763563
6453.901596914558,5.721506559282882,36.86135629269365,66.91765029107694
5292.43324691511,8.821745127628533,30.175507499350683,54.526212932883524
4591.224942955474,5.804222628495738,31.657492442748218,42.912867821974736
5899.645087110885,9.034453395668026,36.57993972693631,49.48360992513945
4237.533677186778,7.319518679603809,42.14560661578943,49.404779394639036
5321.2359769175855,11.462416567270495,42.10658018048959,42.97240098436778
4324.813350303481,11.244919250305529,22.74560262579551,33.86309383692959
3716.241939666541,33.67506868733971,30.813285266009707,-15.462951065895355
4692.606669273398,4.194262123342984,27.476934602932253,45.83105128166378
6834.808086585244,14.817515452813419,28.222322450552088,45.43699848112618
3813.5195474762713,4.232106742264824,39.15405969416863,43.463691901156764
5426.269415378542,3.672413895095831,25.848053092107406,67.56691211920061
3883.8385208579916,3.539896192440807,20.01909792846513,47.986239327957854
4052.0422732465377,12.341308802212252,24.974354346659435,21.906710659467265
6213.682438027059,3.62293477654627,28.43742315547257,67.35680229174426
6680.376142853589,5.632520959199947,27.6980784886894,67.9470277579605
4070.4238701373997,18.86176282001049,37.79050565872585,24.322593243618734
3797.768476862949,19.6594524545695,33.36375502694615,17.70366754254276
5041.16885063075,3.5174271550938228,32.621043035201204,60.74936853465429
6513.241237068722,4.325930126970863,30.894466690497012,78.52800088785446
4896.535080276036,13.302113875488097,23.27008940463248,37.292726143830016
5458.663459587351,8.935879719408746,28.183112581526387,51.67654033641297
5306.1711000812265,10.525168186146342,29.446540510092817,37.36482281952509
5002.6891909307915,0.47474993026341206,25.001108921130015,64.63966774131056
5585.727134713444,12.142947003507121,26.27211327525393,53.83398649734141
5093.495776280517,15.250371535860731,25.04227230946462,35.77080029502904
3893.0987699021507,68.98348718325347,28.912540271351162,-50.0
5553.680097205138,23.078166347572978,21.225758567461895,9.748970108977712
4939.973433072758,14.530806355053034,27.76361769435912,28.33425018310591
5247.68596730169,5.676319704143802,27.041519492299216,53.49712450799266
3737.757169770577,2.200125130009253,31.082019251741894,47.77865270300406
4684.952383350963,11.410688092776258,31.79038021627063,42.85954274105995
4357.620428572744,16.895087431883045,30.31173684700429,24.30811033928855
4853.435261110977,12.401863888534395,27.3100686042976,36.44083854338361
8139.299899349813,2.2733436938755145,27.527541900103465,98.53795925187995
5965.6538568951255,12.178883941743564,31.14686127473363,52.29046724729247
7053.577631910355,15.649995540407353,38.35281896523538,54.10293492235187
5858.350324039732,63.47129701093679,32.01907363404006,-50.0
5382.196965037923,4.43164070584574,26.741399201885848,56.32679785860671
3727.22555698842,2.1275672267949606,34.05815660909766,50.82064698773098
3968.6056635031564,15.564739168610068,36.10036846480793,21.850691470021594
6972.135555594215,0.6479636180347975,29.976653623125966,84.4686491923381
5895.562294084683,27.435754339057876,28.971479987491076,16.93992180253508
5327.261429020799,2.4191389550116273,33.451528708630136,71.36314373660944
4934.69153024801,4.70461570366063,31.974272201798243,53.422640035682015
4296.787889731155,15.140819111406953,26.46387914970841,31.34481405205592
4464.862460712649,11.641931976811833,32.23901233931095,36.205169825953774
4915.0769700592455,11.232003153163998,17.73573546767948,23.44108949559319
5739.884657794468,9.494317948512233,26.4426359215805,53.9256398491933
4624.868038716979,21.398556492396274,41.78325962057863,21.380822385674612
4236.795098257531,12.238345096486778,26.346749268131255,31.4842908103004
3603.8149215326885,15.226893727852836,36.239309657877314,17.299888047619717
5683.1204371178355,20.513326891142963,26.733091397252043,23.611919908148618
6088.858946825254,3.87684866620112,32.2298502576962,71.9866042994035
4212.581618909719,1.4965980312127336,24.223172226675484,42.5973174814329
5132.351792057421,2.2702858823735497,23.488882870642303,56.840006085696245
4511.268272643321,19.49067976770991,28.002257333240617,22.11025678210264
6378.7723939760435,5.260594770965149,25.784053596519193,57.74329050726108
4099.24354246192,22.274935323807625,38.09940558722556,7.300509823913554
6456.192855155198,31.719922528448773,29.81187459437406,13.055675765653907
5293.224183703975,9.713264629328773,24.11109082190898,38.41780532014474
3889.6178066257153,31.898706635948383,30.2665615577088,-8.787298184686719
3111.496615759055,9.774889220565068,35.46585616324951,30.96464905133041
5054.993721981445,15.963623550733207,34.56602087730511,32.94032221843494
4377.019248383864,0.07016255237655473,35.04139173650211,63.32854420944278
5865.309963827001,7.174670906800246,31.772894281448636,64.39173942480929
4717.934567903069,11.558113954899314,39.3000734486188,42.229499387529046
5358.883913438435,11.757765371150219,22.175153049389586,42.2733304614158
6405.306197181741,8.184607809988401,36.819533029720176,73.29021531347828
4521.729064531649,5.731198082326782,28.075143128824116,43.309825463985916
4025.26391990383,2.151779145865374,36.345026696679014,49.69189599540848
2860.2673417888777,7.3987721822948895,28.313367694644622,33.37416471941071
5146.418429655036,3.9377982163733956,24.987069596798335,50.353322852527384
5869.037115629087,12.259778331575253,26.630307690963257,51.03745454712764
4599.622843692317,5.725559690373196,31.4997681119393,46.77907980317966
4211.617997569029,10.959458030961528,38.896063449683616,45.875106939215854
5446.5737816676565,8.340150532224428,23.92245595122086,48.842456796986006
3826.940393106711,3.629451510767362,24.83660202590114,39.37930849722084
6029.699959361151,3.598393773732409,32.11729288504664,69.37826999674225
5997.433224386937,8.347727086529877,37.81766192971941,65.39918431860814
5878.285061552793,8.778163458491663,33.24391824834254,56.90024243103896
3513.1567157053805,1.5103666883103561,27.051844274631904,41.29006535960834
4889.839027148533,0.8146868219252862,26.250196226012,51.491673589652834
4759.595742071266,4.638871982996186,28.755573557245498,57.5153608736697
5028.963786667308,18.524569975752815,27.700525260786883,21.326320716433138
3635.7787153399004,0.16220212994895428,33.62873243551674,45.01255288535165
2395.1555742013097,9.384333960636594,30.499042104913794,25.119270193171253
4467.449520099442,8.007538808895076,27.429820414780693,42.447351306509326
5212.16088839553,5.1294721094033315,30.820273996940948,57.58302135635523
5049.010767715475,65.49738241174589,34.72676316894399,-50.0
6198.124152752383,17.95672822829069,24.55031781506805,45.25543093901
5032.10266197481,24.1279952828232,31.36390027970975,16.79018264812765
5012.431185778577,8.393314621964107,30.614751044268647,48.14219378930136
2752.5931931442415,6.943166984270467,30.10018078709337,28.130356592147375
6721.522148484896,17.44535791646594,27.070743799839786,38.67897285048936
4134.764999636348,28.972930273460666,20.812502528688746,-5.210784393216663
7435.24765493361,0.499728018868824,17.84037065946105,83.76412688126807
4301.230414458709,16.27058182009439,25.40060998750321,25.61957768070942
4555.8399951574,9.472901525789618,36.344562153794534,39.018176374667675
6655.075816847016,5.482395359699015,28.018331897905437,68.94890904824246
4836.088009084061,5.887933904164312,23.76390721461274,51.042577394665805
6316.536046180432,15.76642319900165,27.742730284574343,43.91221017700091
5611.670500225284,13.022948041629125,30.874186461521965,43.03975389571325
6009.999690351113,1.241719295143488,25.820875398614817,77.7987573583045
6176.436279491574,13.750284938624802,30.106118564817475,47.66464391608326
3944.6035891154943,25.084322591657152,43.02762383295594,10.424146264762925
6296.958944443155,4.017292007963535,31.866644161439467,67.98713675397563
6424.317310698472,3.0989155860988227,29.591294136968045,77.27890465669063
3907.947048883362,20.328944451368884,33.2922918354345,15.588934699411173
4537.851996357185,27.021889605729022,26.429254344202743,4.234347442176907
3330.5568012962135,7.261955784275297,26.163895833702306,37.50844393307261
4586.423340289121,3.0006740532873613,24.78047676202356,55.663555043986754
4931.62617191023,8.183160239565822,22.02705847605806,45.841549745332635
5900.995771107947,6.674185779695839,22.15197243630114,40.512047368187694
5661.744847887287,3.920013679644914,25.08396858671964,58.62859160167087
5554.943630529239,3.197367367246467,26.68989208501861,64.16377199750393
5759.747364266387,17.632981589138,30.638748005255103,35.64520516233283
4257.023937543657,5.669739549495462,28.95298787228859,51.097738667656955
4736.374359535836,18.876848230574627,35.96252361635092,22.800608007237123
4442.185719406413,2.6974451344327277,26.85153500310647,52.04804204784087
7884.721070121663,4.436566030122554,30.65302796978898,77.37036839813273
3375.818153073766,3.1054489520893362,30.319287757974163,41.83054034224138
5809.627217633198,5.346701449282603,28.76796567560644,65.88123556829697
4973.603189327584,12.933617129571935,25.227652611909303,42.11882131493594
6141.301186934947,35.48539636484206,40.236475640065535,11.969227402502202
5499.14317265099,18.967928659478908,31.673171993418887,37.88563569144809
5716.805336300105,19.453353870330176,30.07202277899751,41.891113322297386
4849.82008766062,13.404586335456017,29.07332077771241,34.95874076982189
5695.5419004862415,4.591854875244648,31.577645319028484,74.54997502732267
4766.582177568311,5.053155882468429,25.81901501606679,52.021856483106085
5480.716137773892,5.753346183176832,27.540273840510217,61.32821655164366
3661.0745231829615,10.348513857227662,23.10841299187683,26.95278662405148
6253.109511964313,0.6592522908466867,40.1995869713172,77.1437806205071
6417.905056624106,11.3395320784933,28.305912850343955,61.416216185036504
4815.842362782939,15.225601096646537,30.692177837825923,41.91110696011368
7915.936007223319,3.262190595600617,27.3505251268092,87.69547366854039
3710.6416657570303,25.65021019295591,23.320295216248763,-0.05943172762024451
4162.530694740184,2.5916464060756077,30.178080340996186,47.76394854858696
5406.668557756916,6.400912363799863,25.85448972703773,52.25176391335937
4175.659113893689,12.541952011975502,36.44744188010253,27.91073434619979
4468.7036725981225,4.092658392937699,25.23969815906691,53.58921089996342
4706.879288137534,29.756229413000316,23.907959921649507,1.9585577651435417
4660.093091742502,4.095125892085787,28.973334030442146,45.96097945424236
4222.061361182158,12.25442809080597,30.413398042562992,29.28017242366002
3645.912446175931,4.9124674212857755,26.788266276318932,42.955987316511745
4285.482968862606,15.314406794070711,36.78337330141686,42.91095487001709
4545.161551591213,15.325899275968123,31.466713306872332,20.128929911134648
4895.222790401524,22.849880941660786,27.93590811468692,16.918514505810425
3560.252144399474,1.0450416763827528,30.88217037091259,53.860643029180466
3785.892318092377,12.999798845998296,39.186562696330625,31.90023342129144
3480.4314151726117,8.397761353558227,28.587968556932697,25.372456439167387
5312.394205492147,4.046105314881418,34.74073629755133,65.86731728197601
4566.669778398178,2.3880931412108635,29.046336670269056,53.845594769242055
3606.980621825445,0.45477226923954384,28.578242408234495,44.72032841945736
5170.02967133558,9.471043598896506,30.717698801975722,47.642756630683266
4178.8941560207495,55.305056800170185,34.20993251494528,-50.0
3903.966613246026,1.1386250265356517,28.195687664163536,52.20491272045758
2753.2632132454214,12.01426039048884,31.39328270111243,7.091069798391921
4868.245856476629,7.7414239897514845,28.657864912800374,51.294805926667706
6430.629966573973,2.522216107183865,39.5327804659174,79.71675915328294
6880.312729168947,30.038384360618238,31.227731109520203,20.246690161051948
5068.0018863781725,32.85549114973418,33.42873176925202,2.8573589655500653
4917.848381695181,1.8051664509933054,24.706847645211205,51.63753741934377
5114.0344197839495,1.788093976132055,30.39601858341944,61.34045860064569
5018.040468591209,5.763498046916685,24.437662731251926,51.56394431076994
4683.130608457865,9.874919921122174,23.388995620596003,37.18222041047052
5943.955320194133,24.698605310274154,27.84538130564446,20.14127872709074
5195.349314948462,9.671294432254792,29.281984363606632,54.07208866331006
4938.445318487675,0.31325356676518934,25.091653775292755,68.68025495668265
5124.39411786197,12.044441424483914,28.41851293672195,36.73800084601827
4543.847296795382,1.6110604888194384,26.428214029129652,46.89420202048291
4157.79256585683,2.710800328710934,26.595295451210113,54.516408080855015
3873.733134062034,0.0646631289399146,31.617544111363024,59.77552616634873
5572.260653849833,11.646238338246473,34.154245514174576,57.838030633395455
5016.18053376647,27.72934434457199,27.068937142148027,2.267670791462149
5275.216385298233,26.7727964359965,28.721936548420047,11.905173415296266
4030.604051319702,1.2241343631796677,28.143357231939532,55.38474891299674
2990.1484093462086,25.793335549980846,32.000357143844944,-2.807380712462333
6361.629733212804,5.45963971918167,34.32053867418498,68.78233354739041
5134.444733111753,8.710570468121954,32.53453439691431,55.98256950799768
5663.949889127917,24.97092041009318,18.1102079582959,9.620478274181036
4456.774153158249,0.38919955143238477,33.24961213578762,63.5407597513355
6281.817645397146,20.435731925775645,24.674758969955807,33.45934016728626
5979.165097145955,17.76293386751699,30.999538789069014,37.290263222272856
4729.4718417494205,8.49927005755215,30.86943866798978,36.29641627879733
5471.974011232393,1.8045282165075331,21.984621151636063,58.90080458013199
4525.55614665337,4.011025168419034,31.642157681063424,45.72078772735265
6348.660483633779,23.947395021452607,32.330628105912496,24.403138498651646
4794.70736926678,30.284009512485515,29.42626733960929,4.07352384199368
5851.573803210941,10.21506780101496,24.513174866013284,47.836955315206446
6501.87401555826,1.126690257227952,29.50741376868208,78.35087559305231
3384.293224756379,2.4548798868129786,24.567790279950792,49.25844562409448
4480.96988012652,0.3179030240035289,27.20639863507485,48.01172896173644
3968.725775872623,1.126222906607802,31.681222117316903,50.720860171992975
4092.793963270417,4.2539344368644505,27.386619490323902,44.47690133637599
4669.5413340599125,9.516462580260598,40.339582899513815,55.419728048932825
5599.190324982594,4.365380910769352,24.421235378722468,69.53900805943955
2525.788191038313,22.550913232734352,33.19582672168955,-6.294759082613712
5440.3272625295185,26.944064254040594,28.821784940767333,11.095292921934316
4069.71424494413,10.909245301439473,26.427935066079865,38.252781425183585
7183.964812693928,8.214391363772313,23.44020635477375,64.55039953267884
6713.0593844554205,0.2651352234110519,31.642253825850453,86.93844577581473
3610.4961852144093,3.6257905014901577,33.177517363326096,42.4303863369754
4213.213162537655,20.1382000304079,25.130766974701814,11.915619503847559
3601.3008392584607,1.4548825832108434,34.80936039874455,44.651976127087046
2992.232281200098,13.455735627778516,21.963860773955833,11.83212813091298
5813.403375017029,6.78321649092977,32.640806706178864,55.04459810415609
5527.593355388287,1.0329441399728931,32.725884819805096,64.22619840198881
4363.6571212839,16.60839333355848,27.6169921127152,24.21302988350551
5184.726396979761,3.836337534902249,29.787519606763542,57.89961877363558
3072.433514394647,3.681842245554807,21.717371213838454,27.648338519977262
3673.007469201657,27.025727355808034,32.871370038340714,6.9510963692552465
5722.240658783961,12.974726093153084,31.232043149845808,39.290326098548704
5432.012177380315,4.1839979967375625,36.48828453445891,57.5830775885168
3381.9175069515513,3.9753408050057475,28.54479767261533,40.37231459309361
7408.6658183228765,8.16590291790574,33.90760179173252,76.19555980815076
4623.382599300595,7.6662342977705045,34.250771917778124,50.68970790872577
5735.162833595772,4.339550744241794,29.989199306501405,57.0508843715384
5884.025984979078,3.1943528700784025,22.362088203577642,63.963898074951615
2844.435403508464,12.278672918892715,35.45952236098177,16.50610607338975
6042.138072357923,0.39638564040244184,22.860041495182937,72.60914681426583
5181.116634546149,6.848391751581331,32.19251240047248,49.84676724589114
4692.954772044566,5.382337414504824,24.554607164603162,49.30638401415747
5420.682849687135,9.028203828088921,28.29188030307496,48.26962033579163
6116.44723889889,8.162166127848995,39.94905008016209,68.95143612741377
5927.287861460574,4.474742314071544,28.723064471079464,65.26102678810162
3989.99619330994,9.742990320506104,35.67767382801741,30.93240714481162
5314.412869851869,8.55947318436648,32.45983342151412,41.05342511572757
4557.275915567915,42.62589870109913,37.03713465449405,-16.009113383748797
3822.7751500571867,9.16207907837727,30.63149154745153,38.96212155070013
4404.061185966983,1.5872253539925507,38.30563295459511,57.211756547184066
4429.257352099772,30.608312168928013,29.957710262146332,-6.953355037042118
5052.954613572983,16.317348417499158,35.871191363657815,45.766254041461266
3982.746776297813,13.66537329358293,28.550960168564092,37.43710848761863
7525.354803940178,6.568893337620272,37.13270205487871,80.42097206303738
7430.309301705793,17.555318898586425,19.509410378070854,49.52674305324465
5604.8243832340295,9.982802405637939,32.65429598065116,59.35348860148621
4302.2461734558365,34.58416026833718,26.142079636364976,-12.294914179637837
4776.541988585445,1.9525361556638323,27.641412651637996,55.66652097396437
4639.930500495154,5.568438386058051,30.211755178345456,49.64558468291266
5391.759084014765,13.682209506833603,29.59657090672945,35.26456596553384
4982.1817261256065,2.073304886411674,25.706444185813467,52.53470189531441
5665.88490880963,8.474462348148894,20.71609913544075,51.23704218755704
4907.217445839691,17.26264837410079,25.627854593795934,26.27205041687983
5343.99505740028,9.537689301932502,19.34775534256455,50.39432382231878
5515.638197797744,11.898134130450677,26.216323115583883,38.78587649794515
4143.544151613543,8.975624220239883,28.119180485892105,32.293059756736874
4741.328448048442,19.07778621133167,30.13895428677292,28.306724192097523
3985.989008893599,2.418145454568678,26.32522447624322,47.15415183711061
4005.0914355054865,8.250771671137796,21.49327468812962,43.46789864030752
5582.057499993247,10.145034796758786,26.675844072272575,46.39057420422281
5402.673271688218,12.663375987282583,37.18037869445401,41.45508550470113
5453.230009328039,11.424440094602037,33.66990333595746,48.2302165218139
5570.284935515637,11.218622334742292,27.24716502344682,51.04184189241864
4984.480773587458,15.81900257880693,26.58549242472042,34.898151972185
6456.073746754444,50.440464020125624,33.260310879473074,-17.616631985745677
4266.583608990579,4.96467730438758,30.452379287702055,52.16914545495114
5196.565463098988,1.0287736172875375,37.79976225991732,70.21676774453616
5033.492325750776,4.762540785651903,38.18092991813755,58.70398697939956
4990.5915037212335,8.232580060254213,22.426269779362478,44.413238288969765
6554.933453659616,4.797571918313052,32.91948744120023,67.84945401056964
2460.2250219066264,7.786316141624937,31.394631488351166,18.98037769362707
4945.587012155128,10.913901398740776,29.004867643507566,44.825141788150454
5755.801271926457,34.41713078973346,40.79588280793918,17.859308326538123
4965.740584451903,22.285140896828356,38.31257362302161,20.03719647050805
2934.444245856145,16.713472918145477,28.957923268929473,13.445352009308982
5565.717183084323,2.483088338412365,34.69010745479619,61.319581257371965
4419.683611559476,14.386206049499336,24.181838221626236,21.63380374088426
3922.4697853376992,3.993209047705461,28.343073687981445,41.96832769730932
7151.285731099636,8.767542807516122,34.103183380413604,64.69958190286934
4098.353797902681,8.006281752639694,32.832262566032455,48.386480582201145
5644.937479866735,22.028952359102902,30.579359401527157,25.824201869481538
3626.112030664619,47.96218096445912,36.0940425659961,-39.46174646099723
6100.303236414029,5.938756115430417,34.701082133427825,65.79124852878657
5491.989346895345,7.149510925400722,33.71221626557488,62.62755063896461
4552.599394082397,41.76616976735446,36.34340870323963,-23.817674404164194
5786.369688800917,4.376532984547437,28.744646974140537,59.31961363570162
4706.86913786093,10.385052568488062,18.943147552367236,41.46047985467955
5621.4423668844265,11.725411086437,33.48629098840115,46.325077933554375
6558.534817320811,8.867453906074378,29.61244051759266,73.64697186574996
4694.228500668458,2.052380392788479,32.98108176028023,62.62964674307361
5518.059173478047,4.427616246699562,21.43411298769662,61.59150389426278
6306.084869603155,9.80727647774815,34.23291454327129,56.446843133829326
4460.909001626833,1.9516460085718594,29.15745406970599,56.307365804660286
5692.722639040279,6.525409065422992,29.641693262978535,55.67323226040059
4735.235161908826,0.07182438364404414,27.546059333103866,59.31742550513014
4021.3968121313446,2.758036250129692,21.907394830801444,45.1097408240791
5707.639128799655,1.95379132232508,27.04642212207074,65.26298324467261
3943.722916043317,9.971317965058159,33.23226069060316,23.974239278606206
4714.8782685645465,14.396941613716645,37.65691624133663,37.835406817931805
5731.546171040836,3.6267761943620176,35.58323690253141,66.14156590069436
3299.4875841086823,26.746241585959005,25.878912865000217,-8.150709513635745
4291.6543605716315,16.043068071727962,37.266555430457615,23.13385846214714
5372.495972476216,25.733689041590758,18.15383222338518,10.238812769618802
4266.688033281246,30.18784096083869,24.34389945476278,-7.553858832635484
4711.7913575983075,3.315021617772218,29.5309194395497,49.04548759974487
6041.617544665727,0.5682331726782139,28.267103414149283,79.92950212145824
3304.0128337189917,2.7351346167446144,22.32140573612749,39.64605495873885
5287.83465056209,27.78562258872732,28.890898557172704,13.012840043850975
4217.2805319767685,18.600931853242518,33.05530828050526,18.388084698274458
5635.019203580604,1.8856651342286732,28.803794558143874,66.6782579083892
5157.52704763327,15.158289991353328,34.15674824590297,33.341442499510336
6072.847225880185,15.912289936321095,30.387540810879177,41.093656409170805
4143.4361081866555,6.525657589589704,30.034710276615588,47.750514446864955
5293.584729159376,16.69759634885255,30.444062214521015,29.07739882640538
5252.519902138599,2.931131408763277,29.057546814295115,52.053404276643136
4900.10629531709,0.7442331978859218,29.746957029279113,59.007206824413664
4020.6337973587188,22.740271034157693,28.12152611785811,6.371999802065369
4484.205136474493,7.0438299498624,33.5800789181847,41.08820297533617
6101.0744185291815,1.8460602813888929,21.555617504884715,74.93171730311386
5789.044532924676,5.073544249224069,32.62127420412448,63.974281310520084
5498.147651329982,11.442462930418795,36.49974442805551,46.36757133156541
6505.189795825196,3.7222475788409684,39.92696169031841,72.175878548522
2814.554969573361,1.4306752159124678,45.56110364044631,52.863455385211395
5167.426977900359,10.691809109256065,23.63844864122776,39.073967986045425
4843.554590004506,4.687665516101202,30.911468909712088,45.90718047082916
4826.841775867136,0.9726511454599529,27.8019957106915,57.36075022092453
4309.09326918341,3.592530446486247,22.453159264852786,47.58934141748277
6789.08419009828,1.2498571596311383,25.09402694019633,77.68442394241245
5036.414925384924,11.95837600728433,23.290290394442483,36.734742348977434
4643.178222847226,5.783010928654846,37.074456259071226,58.386251363597815
3582.5688860490777,2.4332961346082955,27.56216629309207,37.984182688573924
4883.360850683691,11.449065962521484,25.25287530015534,40.460127240395714
3883.8346458888527,32.92839710055621,35.74984601665253,-6.353412771002187
5257.618356128896,2.1639624929660415,32.47992148021272,52.095277515129474
3606.499201973934,3.2227829398198797,35.70870345265291,49.54582739240133
5460.817420290481,23.71963056914863,22.273238229123102,15.97289591476085
7822.068444736825,8.25970705039497,29.2297354806936,76.83121857850738
3894.811930476514,2.3960823305368533,30.354172526696555,48.212480678462335
6131.960249509999,6.725558763345376,43.33216737436993,68.30498382573721
4097.14384508063,4.734049948304277,23.98311889169843,47.13426129444004
5729.782591001385,7.635690404641262,23.964965484402,46.336945195478506
4817.272789383747,22.071422849402545,37.21570031166471,19.480647184036737
4173.2690160781,9.37451006869073,34.12953658401278,41.757435527294085
4349.3474207068575,22.146152260046392,30.199699003419003,13.927775645800345
4394.053978677314,5.724109631063159,31.575194799790758,46.459909658274675
5462.478194290675,5.3240303595095195,34.95601549844553,67.05425187417099
4414.139969473327,20.915465940733323,22.58401761920568,13.628429951812286
4886.6531094481925,0.20019895409430402,34.11871141588538,51.585344077096494
5480.719501550178,6.435607931831679,34.074524467170775,60.40974723619687
5068.189397655269,1.622231347324354,28.36172683767484,59.30794930869095
4959.446255043057,2.7183117014857796,30.9031909355888,63.68331554283376
6591.513981488575,37.451827176444624,28.496888242608538,12.558686010562466
6407.56186026437,0.2905566764032045,35.493714928733034,80.85605619050524
5581.601134251288,4.3680320985584515,33.07877353648505,66.69329722567173
6402.869552613118,1.291952208969951,33.78500117689388,80.93935953244478
5074.883078610941,0.2623260820995363,35.08153852640711,68.62838085064878
4257.5541691765,5.865358686811664,24.13327422354508,46.86028876326086
2380.091782405707,5.002122725422833,34.30413139493046,26.44683997229117
5085.750221249868,8.106253926847378,32.425625556622656,56.18596575041601
5475.023405885722,0.2207489744162239,27.357066084636365,70.12276194134323
5423.570599008725,15.334077339773824,34.63576348216691,44.52333166469016
4915.658976387606,16.86043915015198,24.291779622646374,31.620426534534268
5688.315298681462,10.601529946922897,37.44636455244787,56.54978756089756
5976.643509319091,0.9263118505478923,27.703255558319658,70.52511222043402
5787.395663635416,0.9057613192796592,31.276132110137443,71.2419992919961
3454.466558577935,1.1364980310950785,23.426191580092745,44.085234422135244
5895.496550782152,7.5881838318130335,23.22659788343202,52.74056681561654
5098.523852891121,1.4407580801909723,37.77574966119271,71.28839234791232
5842.930821482206,7.796113278390311,21.138257514809418,60.14655142513873
5392.217142619861,4.895830087826324,31.172558169981617,54.03801952072684
4566.716058516449,11.577728273963693,31.467475794527278,39.3662513563545
6421.724854045024,1.7993406203583828,24.95582916198952,79.42672947637412
5996.713240496026,13.776349669320943,22.254440852462665,48.43764808685037
6176.796260340624,8.34583459111472,34.59231412433325,64.0137876320835
4348.413628446427,1.0955936859549662,42.026264179235895,58.23944766685867
4598.02572283945,1.0656510016641434,22.64524215215742,61.752218607428425
5360.0938835632305,4.931986052396706,30.39769772537223,60.919632469420186
4692.859814738059,3.9431671702832727,29.790046796172916,65.66531206833349
4664.719034185881,9.355511469209038,37.024173717810555,44.4883306442465
4859.971717247116,11.676609194416685,31.416354543843607,40.450903313311514
3759.5400540948694,12.90056231249985,27.9752113283267,19.18624584897683
6697.817874132602,2.490405855771374,32.945826905459754,71.65191252819713
3800.0301077873223,33.24889891195824,29.023257607180007,-16.180824483860256
4783.653120223408,0.8396475550926809,31.328965787375605,66.68787357568098
3934.1743771768697,8.322106937803584,33.01741982755132,37.66663699834492
6031.663260787142,2.3419438973031683,31.897001365714168,72.52533311963641
5412.050155604127,29.280249490216896,34.18678657547715,14.388189249123322
4898.677076341089,23.398578995827634,34.225129395349384,16.08284530840095
6072.741525484937,7.918378384154713,34.72079369885489,61.017507444652715
4617.081188729667,0.4546881739802578,45.84657111946146,71.58984893848495
3169.2199042679263,5.062214614395724,37.81190315160557,38.509271472180586
4774.211871155958,1.7774377943761943,25.170149252756566,58.32634780026546
3258.2977450808457,12.729460835672947,31.606220665388268,14.456994002510687
4174.364196745051,20.651693331166634,26.425861356992137,10.397377998232523
4592.634760174588,21.155583060912868,27.245430775801275,19.75473524292292
4764.502576657752,7.946433131295071,26.62187949336669,43.43796401127783
4982.584870592067,12.88362530603951,27.925741924227516,42.54986817757418
5951.370017043631,12.216281051041287,27.32565453084335,41.895210218550616
4605.940673090955,9.273350649412388,34.98684747330799,52.147533257324
4596.643358260411,23.33992062413688,28.115557656877105,8.116767258426417
6190.690947653371,5.006362850301409,24.70062108217457,68.40558047115915
7303.61107163035,3.286827094671893,25.476907719929308,83.3947219946189
4496.881129571458,4.036203262578803,37.59268462512416,57.035762264927435
4181.779452745265,9.27814032965051,27.786372037724984,28.89555392690135
3854.8995571175938,4.876857307162586,31.698336274243488,41.37156308023944
4193.105015136593,3.733573988695908,36.14449623793125,48.48927026965954
5805.265129231704,8.088201811960566,26.75359598893168,51.679359045040904
4095.9134219805896,8.083664814579366,45.19946904194069,44.714193495443745
5502.602842623216,2.1769407463458843,31.850685607560585,61.65719843467833
5126.074178714957,3.059874866887623,30.24261300433665,58.48409439624512
5363.291353191644,9.421696990810847,26.689063492125612,50.94310092560633
4585.351150621217,8.66330218617788,29.225729619983834,47.59650301353807
3803.749963654096,6.527657578736158,14.321474786703172,23.086149206665553
6481.891850592249,3.5448163483976924,34.08981565508039,83.86281301877847
5920.406561630307,3.151236625648957,28.223937679682265,60.400005601265235
6958.483566199704,1.3678055984224002,28.868761308498392,80.03474689623056
4119.768738884439,0.635077389690943,29.41371060377651,48.417994102770166
3995.5431515685495,17.854098910752704,33.080618323792805,16.281734360483
4245.0218712646665,16.686665399774718,34.38302436681282,29.20044952262249
3090.94907129557,6.328257024225957,35.81784111883399,31.280363142283836
4355.966879251902,5.846319660993525,32.11586069445999,53.65425365073811
4952.707348780734,16.686577876601916,28.479669848571987,31.85586421608299
4535.79077926256,25.871479240036162,26.577512323714444,3.4891544882155294
4530.716205114904,1.0895800763163992,28.795297110643734,57.36537101243675
4569.42553570479,6.593462330868261,31.919971042878988,49.1145804912589
3923.780813756772,7.201630104470462,36.302483654125226,28.218225367254647
4866.558540112548,2.635770482602415,39.956956553801895,59.039845265358885
4238.330665053596,14.90083082619574,27.4015689156186,30.762909346522168
4273.126194494583,7.834510892120218,27.39417825990145,38.70081443769918
5753.756247177638,32.80270628324984,29.60036566246875,-2.900439059924887
4630.26714210851,1.1727822790077556,22.331917284500935,58.89961118240107
6160.113875462484,21.135565486421143,33.045988290961056,31.719423663635727
4692.086984857362,7.945142908799779,20.563066140256268,33.309730980109535
4514.417383218625,6.48258088167549,29.697752562466412,48.19972911586855
5242.905162025871,1.3448031046280737,33.88334913513647,58.431561506321785
6121.688369763318,11.908206279327526,24.614466989470657,44.9600703396727
4046.168955905194,18.48346833975365,30.536356652325143,10.87116687777228
4734.0894816895525,7.1590692066802175,25.18515377131733,39.22495763106727
5910.152722335647,2.8139939871255364,16.369426932213017,58.96629866861782
5472.307002763519,8.482451744787781,27.745330142889646,50.6114330647135
5209.453145001541,0.8884235226639571,31.696126587707436,57.82044356158241
4408.389144800708,14.036715654595975,28.78391430931247,29.20162979092867
5479.0203084698405,4.897088276821421,31.211011875069005,71.52369828742675
4569.67281910302,17.124424405736733,24.9736967009895,21.502063252799786
5793.2017495377495,6.376740473572966,25.406813360030384,58.68833608928178
5634.341979812349,4.5162168069536275,35.975414681675,59.30800445578264
6192.629469368384,8.220351602147263,35.69066773594568,57.44542872124128
4690.03848044785,3.3991623970337415,42.067460359904715,59.245028684008865
3554.6669128657277,0.9498434856912994,29.31544613333382,49.78724986473432
4829.521353777552,7.0146998787143335,33.23171727797882,53.190363088377474
4619.306270896387,3.714573946953046,23.47992286033454,42.77879632741271
4995.8838649432555,10.734024923554076,28.727257965415358,46.249808183426154
5321.27637374642,2.1030917003094323,21.907699968142825,62.87681280026037
6988.9215903423465,21.926504955036926,26.72755190902756,30.109873708136373
4345.680542678894,28.71257943003544,31.285044590565253,9.433244284177878
4746.599863570891,24.64663562856026,24.348528217226534,7.863972550482719
5436.410211619245,3.7077864583561753,36.66626124351058,58.33425556000667
5952.080521746013,22.7689838407715,29.96274701964727,28.52208569293313
5609.280729072512,11.42514040448064,32.3613916909851,37.84826999721856
4741.448907536504,3.8111313210827196,23.97433227667747,56.13423628208585
5162.117943414766,16.16801559001442,34.02630603133176,33.782268808622106
3503.4923857795798,0.19392850385740293,33.8128476227477,56.70527158935154
4221.29158519265,8.102489533384277,21.10094080235306,39.56222463461247
5246.212311739404,3.5601959764936018,25.85836234681367,55.836381861263526
3630.0293786447646,13.958870627738127,26.053066657207538,23.424654480633166
3637.1645897099816,7.150667142085255,23.383795642213155,33.63311700278276
5772.789955135468,2.9244734556833487,34.80315076549,68.64757136664387
5606.9976570551125,8.455213775716564,31.786826101988197,52.12865701607775
4335.988055791003,16.345027035334372,32.33880642658581,23.26756152189463
3487.0314006564386,6.67624813281533,29.066580313325254,34.2514550128939
4183.0499400545505,3.439432005352167,26.769176612049648,40.41783851511253
3939.7674202455464,21.66209264731463,34.61053250679289,20.51458978726015
5605.334674030773,34.05589446046956,21.292912858480648,-0.09114565860757562
4477.295110358659,3.818441595976047,36.1993501219739,59.87828902057188
2674.246592170729,6.7440168395876,26.762490247337496,23.439630263567818
6181.273051156319,6.97946465270059,26.382911928728568,58.967202413447524
4806.305278407182,1.8877656217111407,32.49085346254848,58.169731063275925
4682.099803622204,0.3703818388889978,29.80269687568267,61.01817789371499
3212.7778788038286,12.140503984770604,27.02710132332721,22.267195165607877
5154.846948484777,8.015667351471038,31.522826577269047,57.00610180243971
4383.35733555918,17.955098841992257,30.615817020163153,25.895143930045304
4423.314481190859,12.319448001790887,24.65271025510927,25.51103218626578
4771.83577197271,4.517981174633799,33.649035477096966,51.48940909182003
4995.593980502012,3.6594117740640275,33.2487909221273,60.01097258382141
4405.134451288639,31.970868376834098,27.7346688140005,-6.676750829594317
7073.4103211199745,10.937090131291052,29.79285506136916,67.04455527356261
4403.783913277153,3.097696779801903,37.92804817183257,58.096731928149005
3467.2225409925095,7.218121616695145,21.6177984298891,34.59349807352286
4304.243948934139,3.556444280575002,27.090965870425602,45.78040135560193
5915.220076799347,3.581213188146837,22.528407407089635,64.53739384211657
5362.175954072732,5.246905791635205,26.436531338286223,65.68277369827257
4161.046770585962,4.617468160003134,37.648684384841495,55.08979408709752
5439.934534237302,0.08055065362346328,31.0366366651894,72.70792320349462
4893.450839222285,3.9135752418855825,36.27111280317519,60.61598581196972
6404.845995131356,1.059963276196147,17.19972638421917,67.21624551843725
5380.043185211129,21.56109149919557,26.858217565599592,23.921040215879593
4947.045589775149,8.118435005776963,34.13460693529443,50.77989200688541
4594.717595418816,12.505749286279508,29.674751319356382,36.042331154280305
3280.463833092015,0.9286945940877347,34.44710385842433,52.6779359661283
5430.367727179121,2.3453011012768687,24.096004541234308,67.5686451237065
4807.837482266489,1.6282285028855092,42.79220152957497,62.72634091028238
7339.0496351481,18.46672041772529,26.60440577490939,50.49883014040839
5108.175948895773,5.110894228052697,32.98899771570274,65.05633230193911
5904.819250863457,17.86622657004444,24.402884296829278,47.22811413504972
6037.784305596979,13.08880728680032,28.032193446664873,45.023614107174126
3694.1672158171923,6.061062665545077,27.991404151730467,36.49232933721428
4166.676012795774,6.09891457993864,37.266619797226824,36.89704935284232
5582.385986018299,2.789887475710469,33.07227549467146,81.21349716953513
5033.25044896319,5.987266015258933,32.53352551109765,55.164097962428905
4847.986870874226,25.042439334703626,31.060873089290187,15.841054911219095
3976.768336788965,4.336070882259571,29.596387249517072,51.026350125162104
4573.210376995765,1.6802751573646157,35.4578017312767,51.04621274392875
4150.721300165443,23.8918031091538,29.088967542967726,10.317211546313208
5658.663896924965,0.7429746725085061,19.24365571653517,64.81251820201662
3446.201467184117,1.6386123958177552,33.3982532970363,44.40949245844842
4163.9093843134,4.955545042933801,20.888019611549964,42.6206610050815
5123.089010463402,5.115143440573808,29.59570370808801,48.155036301836844
5510.171124403635,10.115533859425629,40.377255719323315,55.997073792485985
4749.672329660951,6.505026925389139,25.996617068322816,39.36797901129618
6420.513733850348,8.895682252426798,30.049642946050742,59.60642544947152
4950.567308591167,20.571884533255776,33.358350330379125,16.14974372649567
4500.889372883878,30.94567538053895,24.390522557525976,-8.798641008965303
7295.123348169624,22.354335436787736,34.374678131191544,46.00703945054463
4564.783071437163,35.86278609769471,26.610343223103044,-11.692529935879811
5639.56435692044,6.483592894906106,39.10791466318718,63.27202508664091
5011.951276865388,2.102700620594709,38.75900750612279,64.89006230983198
5077.383073425385,0.4001984142775994,31.07203457720683,64.54056066240564
3789.8699700577845,4.765163544058026,26.738241478789188,42.72709127849129
2742.163196659041,3.5180288217408777,29.821760271252863,30.95145733884127
5474.432173109033,3.0424320479101343,28.2175756698571,61.12504677435862
5580.949521555534,9.289061359662416,35.91785938553126,59.85977861369549
4968.51318304761,5.421070559513483,32.76126507370106,52.61208348746266
5918.1662602725955,4.702217447972264,34.638881619153565,58.45235573320441
5147.7254009793605,17.962584360856987,40.43196298648154,28.734383070488157
7671.656849678665,24.835115473010415,29.487242920457703,41.86032783021932
5817.8313312267765,33.64883506543257,26.79568541106234,9.653786932983945
4960.692106323511,15.731677410471098,32.49303982215987,40.32001631644191
4824.005819461466,7.67545857478601,27.575786208473016,41.65691149573854
4987.033871500346,12.202383553651474,28.05054225136506,32.15408324700083
4814.515322865302,11.284728986901534,29.016393216038818,43.56795124329247
4449.928446044505,8.873355153501606,25.178520041701354,39.3206292338328
4024.4699814598107,6.758282299985932,31.871398842302558,41.04804438085453
5162.888050574328,5.111213763869529,39.23610612008877,59.520619888075366
3646.434827541926,16.560119733752966,35.712096402745274,17.48838062786862
3786.1143103837485,11.213595775770761,29.639111770360305,29.92760963830995
4737.94737482018,6.160237488270791,26.76838373419647,42.07402999137628
5102.705136657935,4.231555839456702,24.22130989802683,48.237014537223
5015.206075232333,1.6721409300363108,34.08083961627757,57.92716466233729
4302.239777342293,0.6002867404273184,30.09351931443255,50.55581416532826
4158.140698400882,6.481746199480045,28.176144014091008,42.316490839143356
4451.983341227639,0.4394691559672247,30.526516847940854,65.7450161492089
6388.230671081966,28.5253308143132,34.58752712123045,21.714835205497103
3893.119682603071,1.6556341588244083,33.98029288981377,48.60345272906955
4831.756308547914,5.050500388875304,28.640172071576753,46.89286157918439
4061.301286062536,7.268762171589045,26.38137484671823,36.72811355214295
5317.417963403115,11.61730644763508,30.869626613672626,44.447590414946745
5516.692921144372,3.857118619406334,38.19959411056849,65.23155048736571
4003.4104630377133,14.470886868663541,32.14818162550316,30.966346495804395
4557.089023643428,3.4655339469704014,35.88979902645447,51.33923647798809
5981.433628981766,2.0712647569582217,29.072685655711958,78.24605016417465
5110.498915488568,4.97998749532207,36.462401285126454,69.84599332128793
5443.983105551447,13.1671456572838,28.18536765749212,48.339890078681236
5285.225833284489,5.565088382344602,23.325911235413308,53.53261797114363
4773.775587142435,32.49956203605491,36.5681519502315,-6.975237392730455
5249.377185092712,1.2194896540496785,29.09900505448574,72.09104887455031
3710.7566888187393,18.870810430200173,32.714312575360715,9.086222599393365
3501.3862112996176,3.485688095802556,22.738188876368476,42.630455325424975
4191.4913159109055,7.32136868352222,33.944956341415676,44.52235333634313
4505.621070947189,3.565039414292057,29.176369317332714,48.471576943544314
4303.143304470511,9.664705845291149,27.83045077247776,42.20642983243291
4549.298197959786,2.801060393922791,38.45920349156091,56.621102705952765
4319.713488347849,13.79611029852541,31.397783492216305,26.90988627052113
4894.909100003353,18.462276858278102,35.69234990346845,21.224988277863787
4843.79798678731,15.90523659461002,27.145822349917548,29.408448487346206
4566.866170992641,9.84301163245632,38.57262911565525,45.4257554515501
4212.401630451093,3.0230674582678647,38.870606721726446,51.05162599968734
4353.0923248567005,13.262148876173704,28.49395459092819,35.094411752223735
4020.06330642756,10.524019048092574,26.56210948218908,32.64831045610758
3958.2385360428843,4.1402883593646,30.06862096855343,36.625048209160546
4290.472417499399,17.618556130671816,34.51038482446239,20.717804838608345
4941.9834120081205,8.716570503722235,27.263539156317815,39.51039799980802
3133.9575658534786,20.007574030696823,30.952159245404605,11.008663870015765
5034.295870193779,38.11839695864581,32.7350243294073,-11.529185883781391
4686.898619565809,5.889408166676191,33.6669958521565,58.76830546603672
4518.895622747357,21.576107504581948,31.120579174378776,21.198162563988095
4033.5545097771574,12.989944021485385,32.2152534695349,31.159833066112892
4422.377751019097,5.970196127117323,33.8351450560716,41.9934652707476
4575.142014280829,2.838776667034088,32.13494058368959,56.32416996081242
7379.063030525882,3.367812222837441,26.47319547104473,84.3418975097062
5675.093878364806,5.104235699140174,24.206736185342788,61.63724215493356
4000.199262806457,8.217635026903693,26.526448381106782,36.54946716734905
3532.1964116187387,22.030835546475025,20.961154107461223,4.9660682359219255
6612.396951409971,0.8754900290844686,28.937270017151405,83.50032815780528
5009.331998417082,25.404663770018455,34.231819313600994,14.715945547419027
3255.788064452179,9.854523506762371,29.239996939255683,22.259401922232353
3084.6916514081413,6.157813573988399,33.27313390105207,31.695579092507153
4250.074137787533,14.606122159021282,26.900497478425976,32.106472702813896
4650.74696896294,11.804625012070392,27.765023489068064,39.9381001956419
3886.8661369119295,4.405874982477994,28.769485762359555,44.11698809339473
5790.8954937830695,0.22627676114375425,24.899909528004308,65.35180434340364
5225.345487686543,11.597968717237412,26.36648659313845,44.43480507509343
4545.249282832624,0.6949141649971747,37.825080141175285,56.462036549015075
5614.619073511203,5.173593330942886,27.877675964029144,64.06538672003423
4003.064307861954,20.239188500993155,25.003493821504968,3.427511828114161
3209.5928615416733,6.975763298914714,27.636537555423022,32.368194911249745
6183.117372220007,8.750263807099412,27.97079306755811,58.9036316687055
3187.5177654695235,3.9613154015489878,34.760678815343056,39.95449127444673
4455.939953490792,2.3439727352925597,16.954966558792364,53.51547594106259
3859.29545974994,5.3299950692651485,32.4490078198856,54.69244566437486
5933.926474853408,5.622981423943225,33.0115981316809,58.68852450545941
6469.228943329562,17.106354823052147,28.69000674317129,42.800143501724335
3924.4883173777544,8.593496142018791,30.703739799429947,39.70429963110775
5386.627130644385,6.965487965229904,39.28069321139599,60.00311721379889
5249.410692185818,7.772655697048271,27.60096337790312,51.90475107221932
4366.053724953157,9.31362535015282,27.254625719765805,36.771713053085755
5809.298278778475,3.294251057459456,36.69409684721866,61.04788658410749
5935.422072728976,4.815606104292335,33.94903490554671,62.100131458580265
5767.585166352972,2.8627898817994923,27.73247448303027,66.15661285662041
5873.614461001291,42.01445158958829,31.497028846207094,-7.840210884591607
5686.568392479557,3.2817684779153393,29.221227241248133,72.47521787259807
4196.5645998082055,4.298723619797945,38.075630881128276,48.55033274682174
4655.217450363528,19.969195364612325,28.435876428805596,25.30046310725114
5740.1621455453205,19.69598790209162,32.21507260911576,28.585729224465865
5081.998349848591,12.704487155004195,25.190089748634488,33.21741065273109
4517.424578148614,22.41660885578396,29.43924453477195,16.07446772147632
4007.170148620596,5.598794382643551,36.07221556032334,42.811480781295884
6400.038701740115,3.8513399513528683,25.05447094152835,66.3772245451783
4957.522679062955,1.4542227638227365,27.25915977078788,66.97559578031652
4538.968325433971,4.254609152528836,33.21547509816362,56.25008953760572
4300.448443168412,9.329745021183385,29.938793632997704,43.20312916642092
5571.12640918461,11.290386704022975,32.845231315942385,43.400747863782456
6285.29939285231,11.720306463815966,31.514723938233388,62.39997991720874
4262.379783155186,8.701785010558389,28.36046418609582,43.86553545637491
5443.417876453278,6.047572086291685,35.77725345882911,48.596054971304184
7996.69791523887,8.71579961622762,24.454544287027872,80.57488612018538
4314.105528393071,2.2751295014583532,26.66660240070351,47.713243712700304
6895.256235997001,0.957177029440996,33.97224351775002,84.54430174658577
4190.4363611085,0.3641986215938053,34.02602121870123,52.544868337652666
4535.781218069017,11.138153106352302,25.593510352885456,30.86272556058237
4345.706023316717,14.798721511094609,29.1414907592399,30.476418183875623
5136.940013974957,1.2986507449897804,27.04840825690853,61.5335922823968
5633.640423150149,7.118271970029243,24.262241048199858,56.1702770163431
4898.375511780276,10.516754114926833,35.5488865965938,37.83067541331937
5445.577982819881,20.771418765585402,27.06158430457993,11.999620573068592
6240.676790907166,20.792963269854738,27.341840280449873,33.700318875949826
4370.057699996959,6.960463103183021,28.150857544751478,42.95829097576858
4175.092622941315,6.294297727403562,28.292427296656847,43.33442822582865
4262.971816998168,30.618268998489235,29.67683770795703,0.7139280434958266
5394.807722866528,2.8736731179227597,33.565764374298,61.02848127593339
5654.187532766056,6.100037727928049,26.472416359266013,58.416617615126256
5289.476416390406,1.5133820347454083,31.824822172930354,58.19117654371092
3041.3971231209343,27.8963047713702,24.185671928914168,-4.106169505974432
3723.2587890228583,18.887626343434963,23.211816437186236,1.1395146933847915
4475.02149717198,54.90296122972717,25.077676326905035,-50.0
5031.658734533051,3.0464150052267454,27.011535105656456,57.039411068098886
4311.5685004615125,1.1334188921260644,28.42198136725483,59.24854171727945
6798.385803202984,11.82622756083655,31.367359660814472,57.15846276889193
4630.416192228435,4.141557164913107,24.63178116241459,51.178149786088184
5043.289402191498,9.652529135776135,34.17863984244206,44.527285331536554
5123.87086170068,4.807608997229199,34.55292077221373,56.65305313028159
4743.3304234840925,11.272970154497928,31.08514092511361,47.02894860254799
6012.908001291913,9.981042573372378,32.59799743427647,52.54048335119585
6576.452774102966,3.064523563112872,30.143750816330098,77.0070556273278
4577.713098548815,1.0278676830999358,29.75212584112361,62.56269279312487
3631.738733459762,7.677472180080595,28.777405523691293,38.72730412000542
4595.8527498482,11.489245807986032,28.38999766564555,38.130771971561515
6162.354745169681,0.5275628603590765,30.332160783865522,76.71318136081781
4832.634850501968,24.380931917607708,30.159880029801634,11.857085197601732
3682.510359156753,16.318190147081783,25.340797773790936,14.954446279196278
3381.1441694337286,8.43677243633705,30.35926001023059,33.46681422281216
6298.691358120699,0.6930608472532838,22.01934730747698,73.09003574659386
6370.328180986853,8.18235636059617,38.43646267529766,65.0187301376145
5101.073001794919,3.0981077241429538,25.404629422882635,64.4191598155837
3003.4856754318243,7.698511623903944,17.869877845296877,28.922631032476133
3683.6632435398456,10.460048948429003,31.259574990751254,24.579634746209166
5571.8738332138855,1.8434159764151745,29.67321761715901,64.98629987189528
5892.2468904023735,7.491117846102167,32.93492532836207,61.353728915452336
4444.149175556483,4.227181540148914,34.503174782983734,67.51959049441109
4398.505428406388,19.985898005051233,37.625039244017216,29.58389792725599
5578.132412128259,21.976551355010404,19.26971406534564,26.137334456976983
4224.365427552881,3.296896942069989,27.699836809690655,48.008597558051704
4852.511457093095,4.0563977881294955,29.531519813822467,64.52553645291873
6791.5906481716465,3.655447560519139,26.16173206536341,70.81010206335876
3986.2402777378534,5.223485229365254,31.685333541846852,45.446511497305416
5173.614409083357,3.0575432224841936,32.695805851903316,64.00947639928252
5688.853596689765,16.63596662704045,29.53444540024681,37.02928145588216
6139.623327986274,3.787488000160626,32.65243154398058,65.24827042280032
5119.0369385954455,25.94018916588579,34.33895810512174,12.034551791934568
5302.913497080863,1.2887216519184033,35.034761472162685,59.59138782235852
5546.868206674917,6.386021277695577,29.88215639567238,60.24426850832964
5356.4164324132835,1.0869545733676929,29.298626548814216,69.67313560721931
6061.547444009331,13.1070898686294,26.21603348029325,41.51985792526942
4159.659453355646,6.228338619829924,21.39897537038293,35.79569048718575
5049.946974486435,5.989472800618389,39.04844867018038,61.864804930885526
2838.782260693963,9.097023962944908,24.662034579564448,26.28074981161175
5226.88314029042,16.127305442767877,33.53516441343313,32.15662066877261
5067.489919505195,31.526658063897163,39.218974009973316,5.777615201417483
5366.799186862477,12.15632283951534,30.108266138488016,50.41589235721259
4982.999585562538,17.050194040647526,26.943272600123926,32.2689587600127
3992.6784558246372,6.905450914031296,27.508074129229968,40.970787557185126
5720.986722163205,22.41948301995268,27.273926722868378,25.276426606616976
5799.227318617864,2.1780239829498713,32.68535952487308,78.89263851799663
4664.396963324855,0.11393169342801905,22.888337448430878,55.99505967524259
4743.06516516165,14.13464258685243,28.218258349697436,41.50073345632113
4361.103943519208,3.1580139954287207,35.62312565530349,55.795712875620005
6837.3091704713515,3.7569226932821036,31.405977988694158,71.80983308880027
3798.1210432203807,25.782587683391238,39.00384230974099,3.003372566919679
5343.145635284152,6.119072201551089,36.538683848914786,62.180656614178936
4524.921387917074,1.7004070272638137,32.44518717240907,57.87764627586198
4725.143356144182,3.6008124384430107,34.05287116532286,57.64117673532777
3605.1562753547364,6.443720979855389,32.28462603563071,30.086561015074004
4949.46342126344,1.0691839280402828,28.48935166956855,52.4712801209226
4696.703616944794,0.14829557158278348,18.834955422469392,65.72668919500786
5564.377413807988,9.183902770437687,30.222002764987913,64.03729714895096
4705.800565371683,9.816616577406288,19.8886210084913,43.447096728557874
5869.459344631076,18.300633651428782,22.910777213830716,40.13993343238951
4226.837335141423,4.14474162161473,36.04796120888174,58.02219255905632
4636.80799827686,8.457156480032918,25.836285280536945,31.052145913734332
4007.452177044849,3.7202836934852206,25.995681085687067,47.115637445164054
5279.743963278685,0.14840422168593995,37.28996276963237,67.45675535663324
4119.033971846335,3.7432686511912854,24.87737375342413,43.864328050385566
6958.866779390506,2.1241781853162287,29.02071537866878,83.76397524504232
4594.968601777354,0.14122641795244797,36.70676318868809,62.089529370211686
2757.1299579164547,0.8323966958398665,26.184490869383005,38.453187397959354
3926.239158083233,18.72583297941618,30.84372890845054,10.24345421930724
7046.6750135375605,2.8639994051278905,23.82816854720587,83.17682436687154
5423.300490080749,2.242488022241882,28.014450458987167,66.50344298166927
4558.7465503269295,2.4064517420646756,25.19651195968646,59.56353355873783
4963.233397406603,7.014919494749133,28.407682241284913,55.42963165766206
4128.1373858835,7.875080207620954,28.114390625598084,36.36605099710206
5031.806025050121,4.523641857011321,31.353143773660978,60.25978412981829
5903.83169087693,9.43099428546265,42.14363307747675,57.30714957252306
3448.4194122201543,8.416956714490855,35.867954410349384,33.774093085166385
5556.88792686072,3.479963546317997,34.26314017690774,64.226558590781
6889.309764219079,9.004559777073077,32.31655128204926,67.6173749405561
4718.585504446842,2.47605153077909,35.197834554942794,64.0976321707555
5913.391904767155,15.67930343163843,24.76740474827495,44.35376869119738
5316.985071588833,0.04850193400229106,38.39976527205703,75.61446898269433
4620.639440937557,3.060026872490615,31.42146315017399,54.258625798349485
4926.0758800726835,10.51818008789679,33.17658304224249,39.71186069760078
3387.2163812201625,12.920017201262166,37.56780962932261,23.284730977421336
4187.547309556516,12.79927057025562,38.883166038634,44.00341826221335
4246.533247387945,22.54621868615862,31.269995996809786,8.95971729978582
5281.871884081102,11.699643374104687,26.835191258349262,41.01564743583085
4981.429024693233,7.678791903891127,18.25101857345561,52.771374632946255
5339.083618482956,0.8260901839333747,35.707661922191505,72.7357527726561
5099.282636127223,12.025865967124194,34.47761605739555,44.4865643624413
2580.609218377555,3.902715251495445,25.134419425384433,23.05871170681748
4555.046975642592,7.140393972910523,24.572295919308512,40.22652306528573
4936.3284192311885,0.6125715936010543,27.08997841599116,63.873458267257504
5534.06023435078,38.23398787691205,25.052094036244437,-13.324666155140854
6797.416961088625,14.891545506329342,34.456989390032916,55.22407175836
5911.815848754894,38.61676138298695,32.856368248128035,4.219387801164643
6246.005453613848,2.3419104075823363,33.77061485804214,71.94243078315425
5042.4801039355225,19.02555174543907,19.80233998007084,19.316103396440603
6742.498993657005,22.193788651795945,37.33601500415479,33.94176277582285
4294.897301995829,1.4682298229544857,19.66806702628034,48.402963855786425
5940.950491803334,9.896349677086114,32.66003178630241,68.34687312800304
4557.283068362277,0.8967496664651544,32.66221300926021,74.6323078222491
5273.637711382043,7.5007143377286765,30.03983210884607,56.25393818637769
5009.8011178228535,28.288968458218164,35.9532499235518,12.336504386713804
5669.08338685725,14.270035059630375,32.179581243005245,40.7799637092225
4834.626490983318,0.6753620192143548,36.24440784049543,60.78010767184447
5038.619850463234,13.018508624832334,27.94536862498955,33.287531655869664
4641.220199685885,2.926438295806263,30.89566152381513,44.999942048757376
4027.771482218325,18.97234169431223,39.011908384074765,31.157734182812916
5108.959567037912,16.692330190583316,34.26495381102882,33.571796707249476
5935.145330440905,1.0882081386095102,24.165824073408622,62.87106656819161
5873.5649298733,16.496767027218418,20.67067196609661,39.8479097778513
5468.144348957981,11.598231458555812,36.49718028175964,47.69437443702529
5500.7268569280495,1.3060362011034996,36.421245866362355,66.77417324023547
4965.494484427337,1.0282777983216629,31.012555255879164,61.5000668932372
6044.932118092594,1.530964843190551,36.39859997698145,68.76509669247393
5025.79351162428,1.148048608816574,26.31132105088394,59.721337041665095
5504.410594621686,1.255056432477969,26.422351646847474,63.67989112080011
4084.052284932347,24.073237236755496,28.753343891015017,7.047544506235915
2541.471834126442,35.49302880575959,30.6657218153987,-32.60692918533056
5876.2550349906,7.118032637865269,33.9598247709872,60.80992023011493
3869.774185660654,11.55930189433562,22.672925676978632,25.587311960646286
5321.783282173838,3.809146595295336,21.692944676247848,60.8267173834485
5354.807562550766,0.7304168250881364,26.521022431012515,55.708162577165666
5971.925673822636,3.096463658794837,21.4390322832307,65.83448805862153
4847.279299629057,14.21728844308227,28.673836719440455,38.55842427069449
3784.2419670572463,1.7369068350513805,19.25030388157964,44.4831611389927
5986.714632227673,8.816993599387049,34.34485232615437,57.851643131349306
4684.252451738729,3.075130532072258,30.783997088243268,56.92422312162627
5654.324357813479,13.295304901735213,31.80181740910043,46.159150314842606
5303.920062666585,5.558448919280695,35.70575308438471,56.79102131564808
4508.287474670048,4.96109760988438,25.05118562002577,46.482181474107286
4425.47866261693,69.30317544514809,37.546649196831495,-50.0
2726.8447027708407,11.9932331852692,29.762309929019487,21.611889540069154
6115.508366778409,10.800180792237732,35.1226839042899,50.15727617231671
6212.650250090147,7.65343600862758,27.41322318628658,54.4777718895619
5139.6344203665985,10.884093556991925,33.54348912993005,45.35436345621585
4662.539785578826,9.627747656397235,27.42697482569965,40.85694870335033
3636.4555512096113,5.184106367659396,28.00265962159654,46.85470397340011
4264.848159008536,11.190031676157524,30.59165683146585,28.773912514441488
8895.561031264113,0.612585258629076,37.98003558484895,103.80972130280328
5798.157688263213,11.605598522796088,28.272944322846687,44.31649931756919
3147.4497017246285,2.7561586395274826,33.56663374953566,49.33799702081928
6887.277258884241,3.77564357595844,34.141983823643216,66.89149975180003
5699.666317672049,25.349412961360358,25.40455494848746,20.989502147117495
5452.266955752737,9.56868203884056,26.91480438082469,44.671775419951395
5971.937827920802,2.5919832128693643,33.794590842698284,72.8293533348272
5701.6553447289825,13.01837108932242,27.44410169438731,42.4143176186622
5977.492051490174,3.5222534174462536,33.11974299044977,72.65328819305549
4831.443693697555,29.8666036959418,33.15807324331585,6.451410433057994
5733.830295203477,9.543104004496412,35.29779835790228,62.011773482583344
5519.272218065145,13.210613493463521,29.858049210044392,39.19676919559992
6045.452914275073,2.029548011991917,41.565939125491624,74.81338721502198
3513.247915115996,28.838772386245232,26.269688727269077,-10.632477815039111
4245.418585571317,8.495691651284574,27.538648371374606,40.64231659948976
5832.3955533749995,13.415944271965463,27.06471253097702,49.76468398817295
4141.407277490738,8.388078792978002,31.26196900985938,46.24290086898066
4409.730023534013,32.05642872612482,33.9824781718798,-6.770359292646646
4260.917422169054,5.35053026089904,38.83047972738076,58.02348100739527
5141.82770077975,0.8926762410362292,32.129627545372756,66.74948453666981
2854.4798904361137,6.779344974753506,32.8306871760635,39.56793246765584
4530.33641305013,12.027472929235582,25.126099184896148,25.648119974568473
3428.054973525812,10.509893605359466,37.24817305076927,37.39188955553755
6258.437249536834,10.94454019873653,26.84152402130899,51.28723804209213
3937.6152173776964,7.5957527088303465,28.49901918683561,40.30283489978217
5380.840423982746,4.166358826568522,31.230849718134035,57.39808178127536
3772.981186590404,15.006922363919974,28.009853917637784,15.608586152965724
2689.369240744026,7.493224240111442,35.058978975571144,34.674006369049934
5301.221380902087,1.3222853808824122,35.060772254892264,66.9459964162246
4345.716239585643,3.0392389129227477,32.218320744609805,54.66386297506515
4255.735650084865,1.8973111029468752,27.44706890566518,48.5650023699017
4851.481981692038,29.80512292697282,37.55789929935536,4.649785525931909
5877.201224513175,11.174527414675392,30.11660992647851,47.700060963847555
6409.206833883345,9.808976112928283,28.615045536690555,51.53936988099374
5331.519428918326,20.842530047428944,24.65158761225247,22.94315296528285
4060.7733934297135,29.174230964609027,27.50207180389449,-11.530295935757916
4209.557450155462,8.295822976381382,28.133619755347553,39.59195068323005
3288.046046924104,2.1458092170522156,30.734491851576532,51.00103068830093
5291.464497892037,0.4964723519468575,29.565507977877488,69.61674930070583
5119.157755453042,8.802703640106323,32.72151775647265,48.71262745733787
4692.2541655639625,11.653397362246341,27.022430653368847,32.10446465013839
5466.474217604649,10.302257382360295,35.14647615793301,51.04361157851954
4847.25849484042,16.495497442658138,29.9338850809704,31.774659065521867
6470.125596934814,4.283400881665075,30.571529020468127,67.01788357910507
6219.993939130192,7.788288093534559,36.78866012162364,65.673544336693
6157.735695109524,0.20035321688167834,22.428272977024136,71.19467780528642
6037.610189747302,3.848326245401678,26.167003716508656,64.12165141581715
5661.770671206621,24.889174785163117,35.85637402226059,21.583465538851577
3964.947231769823,8.545046573432392,26.501541479315495,38.10809848955881
4483.423091404941,0.24195501704592148,36.20321279096032,59.66118127445396
4885.534646353466,32.19032875289712,32.57293960363122,0.041480890912219626
4620.032962058447,0.020886650489060854,31.86831203262621,66.94267049057494
5143.313523058214,5.464009484333157,24.23015028548956,58.80256316377868
3009.9687124903,0.03807229658438328,38.429010798176336,56.1335064927798
5409.721884834022,11.880891618395403,27.3077191393281,44.25764590221083
3427.6680454668194,3.923605919269835,28.552315797660896,41.4509938627206
4307.560456720298,0.6673037054311435,30.280427496399643,50.261149769657564
4413.8819898264,24.389354052606947,26.61220935069748,8.090345590653907
7595.451860599809,9.153035854648493,34.35863032031678,77.1399807593453
4516.162028938468,7.509541153987643,37.68164650563852,53.64740487219805
5491.946665592295,0.24323664154664365,25.279683347556023,76.93428410352695
6064.725259159779,9.57908428692329,26.477226390245654,55.180778003694975
5446.704486945405,1.3995727757342549,36.749445378357656,74.90243108097634
5451.759504219131,6.534020752206269,21.296870942388388,55.233458033373324
3249.8848845021694,5.093174533999843,25.742438205974732,43.056866704887
5214.852667634978,23.076272873716096,32.63582752671066,30.8362110431899
6306.5549186612825,4.505096398678558,32.460535811083695,67.62203492536594
3277.746534076261,0.717533665536803,21.392804187331315,35.10972440781916
5047.217775620236,1.4407457284011578,26.69725482924857,49.495218816757514
4869.289133638279,6.389004892687359,23.421843961780972,47.14514292724786
5357.216804626307,14.131056240697601,34.86365668331483,40.002645586613
6112.125550524264,2.7380300812624996,28.83412598562147,64.8116005893295
4181.472767170897,1.8961128583917004,27.040731294500457,50.691359704507946
4872.2758860721815,7.775140619580171,31.374264892693677,52.553155888826694
4479.936849442678,12.153669371621085,27.042317999697353,30.713172350630796
3723.6211078331125,0.10502746991796946,25.56502066323818,51.22291498318148
5944.120570503366,1.1078730966307657,26.59995931873563,63.169839227271396
4048.7344216830297,21.372459048473132,40.629656808533525,15.334186793211867
4592.160247717853,2.5810688437330658,29.825334282794483,56.65772366688047
5178.863507527723,7.828803730898979,36.95476721287368,54.094223269123304
3800.072637612009,2.394364563906017,34.777840973483265,55.57678846882739
5145.72460996921,7.299926177122904,24.72179290683379,55.55971533265199
4777.9896396404765,5.3328654544512695,28.101574266463583,47.10406967849737
6168.746369653687,11.041626347037546,31.506906001618063,57.13172958531204
6378.340476932497,9.097433888144126,35.92132016994716,65.79964634705541
4470.228529570389,23.371387128794012,30.88609326086543,6.3200879256457725
5542.326414487589,30.14720602509408,32.64369749305607,7.792641316398167
6882.593766118537,0.3582145131469452,26.389208833205444,79.79255457814912
5249.262248854555,7.104194011986652,24.225935443082154,43.000677463255734
7196.65212898366,4.902128253467803,21.03171423616105,79.61785763820673
5187.753476670482,8.710216833106514,25.44708564709346,53.897797352894564
6580.655998020531,17.76785730382334,22.732138745116963,39.48553630386556
4440.060010271434,12.897994043880095,35.802817889007535,44.00179630069759
4614.9215865870765,3.1343782922138774,38.28249781143036,62.79211269154768
4650.398132262115,12.032848528257407,30.42180002646865,40.99152370688454
3299.431110131238,5.2480047330402035,24.56669929315728,35.53501825056233
5475.534335260274,10.675116030274843,26.593018191945674,50.27613985041291
7159.934243682326,1.1187866472132324,30.508078889592532,85.8595901692718
5226.702974710629,18.593283008925972,20.060382697373903,28.566715837173465
2540.0829621178655,1.6453389350059764,34.58518364120546,29.761053066482408
3256.1725911083954,13.367420673636412,33.77291012740875,28.097549818417814
5846.124461699816,2.996114578958787,29.55259947665854,66.88780662679166
5039.426771612584,3.2802985319954048,28.746974791889688,50.857638448115786
4805.038899705649,14.067282246977657,35.57609101917048,42.868683424349825
4919.3980949763245,2.6828142578093352,32.28505429466451,62.42810316767519
4048.5549548062154,7.764432443171984,32.41760539822939,37.91424445330349
3619.9650921364946,5.173753445425648,33.760061425435495,33.673487294781296
5150.719266350812,0.899327097447272,32.52097318422775,63.17067473433483
5987.056001085402,18.39063848348301,38.07241960901035,46.72667755256104
5053.742327759927,1.8751546963020935,26.367546819289668,54.474709512993584
6728.846543829531,6.355734186217604,27.702201899043175,71.76008437300025
5090.473458642533,1.0725091789624939,26.531640540337747,61.451575850267105
3626.993731884847,9.299140080319933,33.55358157024231,32.082714156712335
5159.221263655724,0.6438337119572558,32.82163483581251,68.50430160505309
4123.404177824548,13.67811171251725,23.08901426909346,23.118394752489024
4443.6696359274665,1.8920418825588436,29.750618548582494,57.454778973726604
4227.095574186794,2.2127023134254316,38.21285285048233,61.63724997613305
4243.28503606723,0.5766787772183416,38.302153644399155,56.66603651159129
4772.081108789166,4.15071504834839,26.829870957306447,51.65433895670406
5737.833484957988,0.39449432284066177,26.94053118225713,64.04327871410072
5125.196217437506,12.772179526506912,26.62014059113478,41.1192417313578
5336.7978199349545,18.346265545977598,21.651915451732634,29.230578639767113
4034.7851915885285,9.797688081098428,35.02033323742265,25.837886881144904
5807.962588547056,2.637532713377899,24.734193048312044,63.60066307486073
6151.355625388066,7.216719914740574,32.817363389148674,58.719276154717576
3225.5791381304043,22.68606277148516,26.286112755863623,-1.136368797732263
3636.436614730639,2.0471708551611103,26.662996596434745,45.953515675445274
4173.367625923907,25.503252984066794,28.322192584324338,1.719244578057034
4727.553530931883,14.558956968534439,30.09285366433441,41.41289383353468
5235.888791784391,10.412234083573003,24.787210930935863,40.23511214524071
4956.783960202769,8.643303529513668,30.968052383815717,52.46663638835212
3826.4794074839647,15.081778804128373,29.65154507132369,18.694187729517363
6029.3767463443,5.919477899779764,28.474531475265792,60.56207465650343
2544.620476015656,3.645638335544017,29.797515601783132,31.3538094643482
4960.154934080964,2.722313984339511,21.806217906921518,61.605134957567515
5951.564444709746,2.4489944735525815,22.46112701899687,72.06471080848553
3930.6771820533772,0.794837845805546,30.422918763337098,51.30051441608354
5431.080646301809,6.8009338189060164,28.985796518830547,54.54131973435179
6429.0957534045165,5.735801572618728,34.603940392991525,70.93300638508423
5861.766164209468,31.92553411942411,28.6324844843652,12.998725466429669
6850.275918342096,15.09049995973811,28.148046021673522,52.49356020196658
3909.5110013442254,18.34711787312487,21.257187280861725,6.47191201113958
6892.345038458632,4.6874278085122185,33.59564196907616,84.30085634762678
5328.919212921055,7.332953409215235,23.849004069055276,49.518062248860815
5903.636948616169,11.230208260048272,31.010237009015455,52.37781356208586
5124.009103332295,13.241160930279367,27.805867974275017,40.01553417336442
6285.840737484779,9.765970389981181,32.189465937787894,61.0445467675047
4737.584390925469,39.88357483263809,26.946604335165336,-16.07169168936183
6429.5745888283,5.606759992341795,16.27593264364036,57.21669865997646
4929.182693483429,5.704254303570904,40.989880960672735,60.21973185671464
5374.5288738371855,2.558593922032022,27.299166672766486,59.17821226905419
4960.981160899306,2.0185957088913047,23.415060784200893,52.587402251525816
4890.938937059497,5.240558873681358,39.19297376318507,60.074218156133156
6072.680609497509,3.9028920985835587,33.061868697556875,72.71914548944707
5403.27816060097,1.5215308553762945,26.57845334289013,58.88921210311463
4027.555719219152,15.415870751810825,26.590991432490142,27.95695042446791
6281.192289107477,9.580301764657303,33.369507974068306,58.40111653166768
4130.4745117266175,5.08875474764496,33.04031523164329,46.20519934013151
6210.183543105167,27.635416069978728,34.16669753926274,27.992413047218527
4604.61069873485,6.425368474903541,34.241353840196844,44.0522377658331
6140.546928927902,31.9301210032167,32.42565279498368,7.238973824529676
4736.148886124127,20.544209502863477,20.460437951207062,24.261536697956753
4711.993631823644,9.458212574903508,29.83074074412494,43.52837530857077
4166.907244034575,9.799468345307254,30.70065481731428,38.433652458219
6879.285822681955,9.87755892654875,26.088089547182747,59.03320785530006
5328.570977611296,14.14072882613403,35.182374600938175,45.264917287554226
4667.150665951858,8.825168706933962,29.724061812730593,42.516810761416885
3978.537828513132,20.368953178377346,30.192185599041025,11.88240741521381
5988.4451384117,10.671592528089581,37.71833645684459,64.04836469756859
3778.7780126002513,8.164701238318047,28.078347854362736,37.16039045006072
3815.775777173344,4.131229819009835,33.83347040176691,45.933010854518194
3907.026763342363,8.547730001924844,33.32223933430312,38.25934530805744
4817.378161493402,0.5851723131676709,30.881902827396694,63.961279310696206
4812.58415347714,12.095698113849807,35.210632148407825,45.83716149110912
5584.128364371929,38.45095008056988,30.209658684004253,-0.5827082752851496
6061.883655553487,14.92732635035901,32.57036475384958,45.71473379220051
5808.649509983953,19.604208536550882,19.59691886220844,30.772001577511535
5732.1665718942895,3.32919967132379,19.17012726903042,58.95862056928
6333.642997562954,1.9909709762824748,24.37496171169174,69.22713579012157
3916.335680722802,17.729221458771153,27.58658153285645,19.900096977489532
4964.553800085446,14.499140409703632,27.789642226556932,35.457350218383745
4278.918472797879,7.549500909387902,37.964150981320834,44.19865127763285
5028.770730449808,0.743903748505169,28.63166045005917,61.85081060952134
5646.9094432389775,7.9435736743753305,26.94094779158652,48.95023088024023
4300.401476622741,1.2982040171398466,26.2695903946902,54.84893521211379
5306.755897079305,1.043394712072011,19.474277342855444,50.35465551776496
4982.962725673728,23.39645688426101,27.908858789261274,13.689574425984134
5735.2929233933155,2.016712221325721,31.25538177748054,60.776970317102894
4541.776715733976,9.939362234588407,30.32633254213446,38.15461304943894
4695.953956480819,0.7482742881118458,30.053766360703428,55.740145964143906
6055.800479230312,88.73663002166695,35.43707720880908,-50.0
4309.771513167976,2.242106580272784,29.358899640273748,50.79941500016342
5630.9987777166425,12.220403018791028,26.703614619656342,51.66565407722673
4981.298650162602,13.935976221293965,28.14193820927105,42.656681427999736
4231.233047638933,10.286879630818156,27.63411780649715,33.771903005303486
5848.213303262134,18.18798112068646,31.405260825337425,43.27118366111484
4125.34446897459,14.985841935122838,23.685690032436494,20.322114269076398
3038.2233000214937,0.3317276726679574,33.82968160611053,45.42002528826114
6561.293490375107,6.383972277595645,25.044908728620413,65.24373651049957
6727.387220837551,5.976003137803705,32.962220301231966,75.81298308636347
5237.39661356567,2.740110900307707,36.00917385252698,58.14094039139006
5272.78159731555,14.479782069059645,26.845512912870852,33.92037327036188
4820.080847957834,22.885439638359088,30.62936814983105,26.202624612901943
3729.1135123206454,6.066709998157361,28.78670653391187,38.93909779642037
4272.769418488474,2.884153420906088,27.75407652353662,51.84040839753635
5652.441359945503,42.36659009619818,32.978853359355575,-23.394007898180394
5195.347501967649,7.595547105038031,26.60925163357666,54.32254021800187
5271.389206405241,21.370860165062293,22.845217180660573,21.832270085577974
4051.003301880312,4.42865176102311,35.27853149515662,49.478134262195724
4534.958062809818,17.127222884747756,38.13303361221903,25.076405801483162
4709.836122355444,2.708398537549741,31.119693034516285,48.58482652215552
4968.035529397551,21.13800040809505,30.43331129284598,24.869395077802615
5771.123995792368,19.19953687410262,25.241416842112287,34.35490352314705
4496.616255706467,3.643183144937115,34.87237973994792,58.35983222047184
5170.112854183368,12.335648175834937,30.40108921346012,39.29235571742428
3711.5054955108053,30.82917115663917,36.901704337632836,5.184227484681578
5766.681440910464,2.650132511682504,29.31609844722764,67.30609449780276
4287.748387167934,0.9704484868912627,25.755836318488996,52.60536518286244
5029.495799408163,0.019555194520651433,19.677305980873065,62.62787007225862
4691.460978401156,7.014262403361402,23.2180653074939,41.99348683901732
3370.194131395253,11.167444950139435,33.281199228171275,27.418926378589294
5035.047209624859,8.631744068810633,34.27745352529812,48.554532748578
5540.611039464363,12.3953535605756,26.138648414588893,50.461491444203006
5006.622790426661,28.7519365494669,27.356974969024627,8.610747638838944
4348.15905566019,19.01923584881118,18.29828312417921,4.927857234535926
4308.891338283495,1.6966949160481257,22.560804167593318,55.760033969759604
4486.62670008868,14.184472858959499,18.10548688455625,25.23995743811903
5568.754559206762,19.609953245102652,32.77278770927394,33.833068778724574
3465.765802973655,2.3986424393322334,26.28219337391893,42.21092497498908
4727.018119269432,15.640934042168414,40.35498424043003,34.037726105533174
4712.98140637906,37.98303487310322,35.41019050475659,-7.076852866013744
4901.862226597571,6.680402984830488,26.748572474670674,50.40382766133913
6200.992317632168,19.086227710308776,25.37772671872555,33.76964221115665
6776.850479288349,11.853753586297646,19.603366683242754,58.144214456251774
4653.687637174102,27.36577241724996,33.91202015806739,2.631458117817578
3749.761064527814,25.310513954219346,36.8064995684873,9.365108602352425
6054.1350609156325,10.643074531293223,22.74123027821757,49.63916187045315
5534.125557642881,3.4756786758301383,27.03923817101065,55.99972146990122
4502.224958875784,1.9250148342204403,24.289728566779136,51.03385309097137
4033.137916301309,19.356636727294344,30.545033466940364,8.612109843439532
4494.300617325037,18.259232397585613,24.960751980573306,27.82788290840203
4280.364020500097,2.621368959147995,31.494881457685675,52.6189763599883
6668.899526596115,4.898900309357945,26.00925076163489,69.22246197819963
4876.064513765421,13.203599657270708,26.639694751948547,38.99194922111615
4501.859210534223,9.008736173673261,29.55486042529011,52.010795427488645
4339.945108776455,25.12978253942268,22.170203813756274,-1.894187381668841
3840.6964602406074,19.787437818569835,39.94056037252507,16.150303991127387
5087.115405440961,4.532618814041952,35.40398906992851,60.894621082382
3358.8337125478247,24.31551323277244,27.573794116912538,1.776343667633602
5843.010301391359,19.406119999959387,36.474530315661866,38.29692736047589
3240.9546183000357,44.786081458222846,31.526438203771924,-39.020767315788824
4897.311809871336,3.2349901442247737,21.329747478976692,43.392050166480374
5970.802452327823,1.5745034576352794,28.240708575844423,68.2427494216498
6447.733820983415,10.570046473000376,24.690242929141014,59.17713596000319
4125.921098718837,0.13197768641208418,29.094591771729895,54.318911518150806
5438.1907121372415,12.323309980085659,28.694971292775996,39.294287907963735
5502.458648794894,4.157836297877269,32.411489097603585,64.70002238090728
6351.010279595631,20.760050395043077,34.168656405925155,31.603068769741622
4005.4198893044368,30.63650727823495,32.10154224225087,-7.5549449957793575
5991.5275725631145,12.818984507441037,32.015952471338366,46.334156711695044
5334.414905258352,7.970715577970967,29.235598892052558,54.233633854375455
5754.233141668723,13.44789926280573,29.48305964396343,43.96987319690709
4404.078666007825,4.7889902991185505,26.498898424582528,45.70132978933461
3794.9964010205986,6.570574954905462,39.032366903951356,41.88148909448669
6354.550718600587,6.009860545175409,30.898910888896356,73.98249215231446
4574.676315430769,12.219739980022728,32.513091820851926,24.86386984639854
3023.488118991034,2.750488313358007,34.740585109822455,39.93705738423171
2936.139347882809,6.517848590863677,27.955614930598628,28.7770857695619
3692.3710017407484,0.5854677363955014,36.19729195897718,46.54434709609474
3541.63194772198,0.6630027061659094,34.37847276820578,40.0259622097712
4138.025411577256,3.872194940926483,22.323896734251633,41.1604109237386
3346.760336591178,5.029637963262601,33.953028674230055,42.951067946900245
6571.111710198029,2.6784618810443335,37.20378079030359,77.46120327114271
4905.895537457841,13.821435811714286,29.897884146397438,40.80842742898442
5594.720440616757,4.973893658709276,32.00399599210208,59.91978649519772
4575.319736678952,0.9608154298103732,29.189955449161996,54.62248913749153
5332.423929550928,24.31877936523957,33.555224230122796,21.788113643032943
4934.363660489158,5.829193366842418,27.154816862224546,58.99671367835253
4398.113098396098,7.408836503082336,29.518240164136166,46.76353638860694
4855.480991384691,6.145073714011923,38.09452723033751,54.293550844621606
3769.432330844687,38.306118637508725,33.885620781428834,-16.543015546044362
4841.635832324625,10.96320391933865,34.295027291374744,48.66423239032682
4697.2412169756835,1.6504162039172854,33.633011374409286,62.540822808356594
6489.886867495366,3.3647473766959473,30.63871464147232,72.6671780663489
5051.771177316685,4.481591230909194,32.006076788374656,55.67680104873011
2387.698076579788,1.8312673684814473,19.84899292207204,24.297675759951964
6506.120724276616,8.318000470838612,32.47591242297325,65.32961216816987
4702.110471463961,5.190046529175971,33.61317625058296,56.81080917878573
5821.872171519679,13.247047300699204,22.26873336523862,43.97787357576182
5706.209435884043,6.981650697587478,35.204814273062446,60.82840691342927
4929.067633757671,2.7610146271293887,25.37800848392453,51.305209596669485
3834.544391704326,16.452718204882878,23.338306419161775,10.142170034317427
4831.574691431228,59.6470481602022,35.02814774901039,-49.49249708712155
5151.784430060758,11.05394403530267,29.8763655652544,46.58460961643936
5503.494361665819,3.550452626439824,24.943793434492413,61.60444561868035
3558.793113067635,9.23393304579314,34.08623308011351,29.82869612544851
4949.916801238942,0.6139787264753513,37.04791593458926,65.92552816045985
4624.833703807253,16.92505046371536,35.21914530025612,31.93766436916525
5132.59033467679,5.505244946140918,35.99605316489948,63.6431761903739
3849.1922432014317,0.1153454642176524,33.53224843896942,55.289034883069604
4713.943014978848,12.843980518513911,31.402059694929218,40.297625806256214
5557.339490655998,10.42477862705253,25.806651528435964,45.12678256240107
5719.388431063889,12.988636806928444,37.922213839917084,47.997032991698774
4653.352041563426,11.216662605840895,26.579086166542268,33.26631237836206
5646.152358306807,6.32425779880498,22.918012181206993,57.844957425073275
4683.386005523627,0.29745819567303483,34.034942886980986,62.59682882707828
4960.811197577623,15.42347871420079,39.05518196940663,45.119929844416916
3550.7968274605673,28.268026646828783,23.76389407000521,-8.958347124180682
4275.117682775135,25.54579077782757,31.963273912924958,5.799467003062251
4999.67302745294,3.600355410813794,33.184067723962215,57.14204886704263
5088.3557032159515,2.2707221054493885,30.34075697620856,64.22682807790864
7000.7053298038445,1.6209033614539239,37.34900843688172,83.52158151683268
4365.942498005853,10.878369369117413,27.01860506652592,41.96827067825594
5026.8400239839475,2.6341290953967897,23.981703707895868,54.628050838018694
4559.09586803046,33.00738947671833,35.33225082804426,-3.419972797803082
7021.713158498246,11.224307012495313,29.432506806188016,56.93080653741439
3625.259781972471,2.297281166912564,27.835508662876038,42.99867609924094
4210.415476935183,4.524525746476544,28.65112608603024,46.24800077775011
6352.690240216013,21.432208420887584,29.580726246721895,34.53190914019109
4857.27860085108,0.37371040971782205,25.32748309476358,63.712158579298844
5372.25925403521,21.611061596625657,33.4201123104463,31.35538434667838
3883.8461919178194,8.10353886852291,36.11550631086317,35.8371123767068
5116.029083241876,1.6864510285819914,34.830058101655545,73.23552007446577
4818.0753250934495,0.2823652717888698,28.41531551650539,60.81433987576638
6589.986429673806,0.4692181023149463,28.195722062260977,76.66376171434871
6311.667437695256,13.559824850813122,26.50085556116216,42.409799587034286
5595.421855439064,2.9753216232037216,29.81361401063032,57.29716267706909
4697.97419344706,26.266411357207954,19.860581716488923,7.088679995241573
4744.8450018399635,14.09546520905349,31.169917140825447,34.01557463783828
5928.332493432306,15.319138893352486,21.0850266914854,40.194539204370585
6215.601614855294,17.596286768549785,26.390795086171405,38.26208024035075
4054.3877912327453,16.164728585467333,30.901555271852914,19.789899662080956
3977.4168167347834,9.416219031768085,22.248416079499393,43.927765080224844
5345.484969398687,0.5522291716772924,27.832119383605345,72.14687297341202
5528.065601429177,3.545361493162777,21.735693419775583,68.44699805995123
4835.180876964011,5.103409741562668,22.597382124461895,48.10624329212093
3585.0799462136447,10.522937188566006,25.498748551651786,26.760457678222508
5090.63485853839,64.6716140000753,28.90283952115926,-50.0
5354.114404866948,11.742522986939106,29.685273964747125,51.7926862740304
2662.718026813216,33.828199363150624,20.364535217898382,-28.88508343523733
6240.810323793677,16.810087557504712,32.21213968153377,43.60926252586004
5371.88910117629,7.270273951682704,33.23583010024429,60.4508787570181
3687.2675574889245,32.1085865136082,33.17612359710579,-17.55361168962682
4589.032031378507,14.592587448070178,27.365544548896978,30.640105935998026
5344.189823451266,9.012210091681522,26.665849393200418,53.636702109204954
7910.572458093215,0.21176550166868588,37.47499933743802,99.49123364353692
4835.825206973286,2.45424155672814,30.14033361963359,58.95297369522916
5155.767751733392,7.329047325923326,33.42245525590749,56.82637482202933
5128.951268597202,7.880968940329303,36.6212324077228,52.08678664804914
3558.409922055883,0.21371245591845164,32.25472945737955,46.47439603562392
5163.170046628163,0.2912900791609688,31.653338045920453,66.17765635006059
5433.637508781047,1.3644311134661138,31.824170173657656,63.64855221715043
5455.115753098756,10.10148126007779,32.128665018873505,56.82782750493643
5640.89006056937,24.687389253280664,35.372956438154155,32.08119122321391
5737.944399539211,26.844100947392405,27.778854198360186,23.537606872511773
4919.248765112079,26.120244375711124,33.27339541566511,6.392304678363301
5484.786483612776,8.541558474343017,31.59134099584104,54.702429421201366
5047.84562393929,0.7446910003780225,34.53478028407247,65.48951080493094
4444.652837535485,19.932275904525742,35.72872670010077,20.733191514647626
4767.132466451623,0.5442576328824366,33.85843966774817,64.89765780853355
4508.964800076336,1.1537422277471576,27.665303563896114,53.473490986035465
5053.893376509592,3.9190507876151486,34.722271190428025,59.576772613516376
3603.7050469056676,4.808524587717878,29.108007218115798,37.83400768338401
6399.863578584643,11.856328704106593,31.996366455267378,54.42036962524294
6343.0920236644715,6.188067262519183,27.644346226051006,65.53480810664901
4511.124706328685,10.098235772367136,27.430323667387565,37.37836888047399
2852.6376543938077,4.455692373317214,34.82884832384302,44.144621510097046
3599.577513381601,2.373378457193728,30.84249029937905,42.90274038475004
5693.170377880025,8.070971157612789,27.061168920198465,57.526639664742625
5370.013874163496,0.40990834955209665,33.23096599475653,68.80880070964832
5623.07528571231,8.190398059172448,23.74622993452934,51.120213836397085
4660.535737389827,0.2811571048430091,29.62064109591453,56.331157539483726
5707.4013895745375,4.282956535402926,39.68635940674015,66.3280091028839
4897.21430867502,1.9757072010587828,33.090492726693206,63.23525880054785
5646.317741987039,7.185407513635993,16.223923099709758,57.49442723470079
4800.327481020632,18.723748032015358,27.703135929648433,28.09251015537685
5119.21709555439,11.391216810488668,32.690724292958386,48.08400485015862
4215.3489324822385,5.325983424283703,32.08099393772143,48.15112938982145
3246.6801829917367,5.18048743712831,25.978440728556706,28.361170133118485
4288.438888109509,27.55094601663358,22.465205702313504,1.4396351784985573
3552.5765836582195,6.896065793716966,25.271470708423564,33.22499609034554
5304.437785448205,1.9464003841863688,32.14758772671916,70.58897807616701
4391.996202673262,5.6574220943684015,33.42917399719733,43.1499012808783
4561.781019350774,4.80691653906703,33.691254041731135,58.29237050938416
6098.35565680696,2.2327148278010194,29.339514443677093,77.39286963593183
5615.937486501927,19.836139631567406,23.079873082103294,31.908194339424345
4951.159677108045,1.4747203951582943,29.363692310554786,64.04352270972683
4823.858997520727,18.269934748027655,25.619880885669918,21.75530954855312
4245.521678990868,28.88062135221952,28.751592655874923,-1.85004119967854
5151.308548262331,6.133595066298765,33.40757891038296,61.167794525720254
5386.156637776773,4.87063664835811,32.02866642940201,58.91254444669426
4450.365458573384,21.69488939072894,31.531494025648296,12.885990992852031
5008.102958590416,0.22766930358488674,23.17124695136407,55.010464966977
4755.071587312343,3.4829770670536235,31.90614865327322,60.03315284283362
3269.865402067426,0.8404519716507537,23.938486682209703,49.16191195068723
3176.5870611287346,11.032289009207862,30.008620785993976,28.30155984164195
4140.182731900858,7.146736130848592,18.805405733335697,38.7486595875408
4564.033247583281,0.8005860273315192,28.72497377709617,67.02646213329723
3589.6995910486103,0.6103284965947129,31.106456962092878,40.19600009301742
4573.729832342882,11.750935478140669,36.748948009300875,33.89040798770816
4616.155345332729,38.98889001452635,27.259511059027677,-18.014020857479807
6809.323100116193,26.489609253670242,31.94581574642351,26.08562222208642
4674.1958296080575,8.312167931089089,30.83846546355939,40.687301753558316
6092.324444895887,11.657200836861335,27.18265871409181,58.54687357439516
3182.2870249119405,0.7513329512297293,30.11889693034508,50.75487158168761
6853.857753816721,3.7368583858146662,32.55419288161191,88.26843070133263
4540.883342807203,3.761663778916487,30.331588318346363,45.70022556650204
5128.240909239229,1.800096183078212,32.67674567777732,58.20717218016938
6974.028233092495,66.08553585309001,29.328676854117827,-46.03390366488047
4080.505378988879,0.3769798411501732,31.452594120552583,61.43267324344356
2961.8154874191296,5.431462804507331,27.721365650854878,35.71874204857265
3950.5118960058735,7.636842967601744,24.206836338695606,36.8558300719987
5298.009668430809,45.021413394712475,32.6986379432981,-28.525561712490592
4395.097008524369,0.77662758996468,30.471846617930723,51.85357031117208
4603.326860695733,12.122220341024615,31.228918286421504,29.21981936389922
5257.858018126376,1.5935892773916494,26.159580854091185,63.43132597501659
5071.046144563113,3.5801636968503807,37.069577223246384,63.49741719600284
5457.635605858791,0.22008245031571058,30.363450421627366,60.77672099534091
3156.3890186021063,8.929156114249103,32.135641114271884,25.042665919184877
6368.399910444273,6.199255180582757,19.722385183497543,69.34641818291074
3924.710657019494,11.41303802405401,35.37761623761931,36.52290294618145
4508.371727148028,26.731758342630446,37.55936222624713,18.465743350788564
5060.105923258063,21.1778958779023,25.657143134031926,21.76929194061567
4786.9898741359,4.363898750108354,27.20566533785084,52.063311649564675
4482.633534458144,0.7515390554986945,27.41896887875589,57.413373339036696
5365.741876662194,8.534486214699909,25.109092930422676,48.86983501180558
4862.645720267205,1.9454975671516976,26.458028327460827,62.80088676608209
4140.074871841982,2.309819427320538,22.19304301176821,42.0130725843541
5963.300310191625,16.45601456403435,29.05320240832491,41.995914375755675
5256.519721508385,7.488044258039278,31.118651671052863,43.79535657980957
5038.75627126678,0.795235730181898,29.015143999387842,58.47309319744739
4398.820840529143,4.459009718324375,29.574546979679493,48.877834327849
4116.058894593952,4.516441911607464,26.683145383902566,40.91356056525753
2831.829139297138,2.588125306541344,25.736769899942026,38.14601698982243
3945.068442077768,0.2766716855057421,25.311382547982554,41.950937414389635
5038.704060059819,5.241081378535815,34.11093282498541,60.99260545609798
4029.563162593736,15.013384103366093,34.6163682189096,25.74648231582544
4080.118404369851,20.098313971232223,26.597647217241814,0.3054852071283207
3078.980690970116,0.5543834794179172,28.318513423055116,40.81778387821693
5655.015120187068,36.68809308671929,30.903847765898906,1.0327092482725329
3309.334313544423,11.832616540209512,36.34358960885074,25.623283760917527
5396.272034840486,1.023223171423022,26.687978464490648,59.3710814789868
5410.305241175983,7.43046604004603,33.56860800136992,51.80468521738415
4592.023464116167,7.115376061202422,27.156122189301037,43.449115214528746
4553.269794257536,4.525398901305713,32.87252115897995,54.67007775947228
5756.187353654238,6.50122020396776,27.64209607780876,62.663403383383965
5212.390280534002,3.2505657923757387,18.547747035040775,49.93575157786697
3799.1630462960347,7.754018970002999,35.92172170781877,46.35105030374075
4161.079972113785,68.56043031232568,32.76689365838835,-50.0
4443.463644326383,19.732193551084073,29.501033106286464,18.880891777273607
4715.254302177993,3.2202116421755878,28.864930177133402,48.66351237270343
5327.861170501637,8.95208650090242,32.65819748061041,60.37156301309657
4033.164704429464,0.2864932657116756,35.72793534645565,60.9134041424218
6405.608071051611,5.22219559582008,38.46529736339636,68.17549981874743
5665.468304379878,3.993728239162989,29.665436044788652,68.43313015182656
4552.034728645587,3.9172836266592785,24.33465497458439,47.100244518850886
4157.559219750172,6.868789510468316,26.8303745481446,37.07528767324111
5709.617450990595,1.19492203070265,40.128710236904716,81.78592792692935
5440.072414315405,4.119026018539954,32.0227005748757,52.20668975297492
5478.591103470416,0.6880526226987778,20.553743633089532,62.54057471720601
4686.4737153811975,3.6458474180815292,36.199909682074484,58.05966543624967
6020.281624122971,19.165223252834064,32.513503959715294,35.981310841209435
4821.104283977705,0.20056667534123576,25.550247963201123,55.74909743906255
4649.254624356867,7.066269000716222,25.84822260827895,44.81800989191748
4530.3365153276145,5.205594188865861,30.832221380360544,44.70756265726675
5717.088418871506,13.178500492065288,26.512605001823214,43.720412775150635
3403.8364811105766,2.3540056586780898,29.97197965752966,38.398552528382204
6816.488180880542,1.021396242366282,30.148878462011353,81.22622063428136
6486.712686196366,4.6045639532538205,24.42086538148804,62.61386471094799
4409.361076951123,29.944396173628167,27.11152994883403,0.8036297061548465
4327.344241318487,4.085234979933231,32.53134638737112,54.92317467278409
3795.551334492438,1.5090671257016453,37.9965100896043,45.77325796320277
5915.931784740102,20.623175794541154,26.445159104702118,26.056892706152464
6846.06021636791,26.0970682383325,34.64367125052694,23.802959303079994
6251.420307944061,0.5100866909940012,24.169619197203435,74.74687971269019
5591.659166807388,1.7414315198243127,23.119212502760394,64.22141147891743
2298.5955398848396,3.4828046093987903,29.01694377369829,31.053881644838913
4760.256475734883,29.113553348014072,38.378136481904775,-0.060422559187450986
5616.3762787625255,9.792528295906708,37.14537990594131,63.034531584191484
6570.458701630416,1.5358002612966137,20.595901131469418,70.16641974085863
6585.21111465613,8.264506460413704,28.142707245600704,64.84511966091776
5273.555093896388,23.787213749008778,30.30948140282819,23.728863723694356
4380.171215103296,1.3653357427533173,42.557849820960726,59.71006297830865
4886.733431193317,3.6701154538760745,33.63912464075044,52.49679087169784
6668.666653088032,0.25482149561557355,37.241149448035046,86.53887629036764
3724.2438478424265,4.501807841865957,32.44250409244076,35.93332625860735
5552.159490536532,4.576932476465204,24.83812357080998,56.20301294754578
5124.5426181839275,4.907663309661316,25.1129167676641,56.09728022209077
5979.124481031288,3.08698098045517,27.608792078627783,71.17928884218745
8025.763559101102,21.575442992375873,34.72111573037595,60.740985693062505
2834.4238957947778,16.808870265318575,36.0556229240252,10.374022020685548
4813.593790273331,1.0342615289339496,32.05746268649676,67.26668837539466
5037.97426462583,13.369952016311688,30.346384044374602,40.09784940511942
4208.759139015652,15.722401106192187,25.0765518031582,38.67756118363994
4934.578566919407,13.903591212213584,32.55621590797633,35.867310287037434
5199.547634928938,11.963220827328541,28.973001046777032,32.47350797129257
6164.147738067288,1.036422870499512,32.24251376948212,83.14826972942295
4270.512668228551,9.010158391644898,35.69613454023254,44.58562568833856
5761.56039738613,3.0729148229781824,30.562371507102323,71.6484637968099
4630.074302714363,14.780711415106039,13.925249901984767,30.11187374307228
6701.795470009153,8.567167077062345,31.100352699346676,66.78657004943226
3735.6570827468277,2.013790031163608,24.30151159620725,42.16612033412889
6101.252859281972,4.077514525798661,28.342377179205254,77.95201077534918
4644.289845912403,6.729506206767544,31.134403513504015,48.99691669991806
4804.447930377279,5.507900194706869,31.78322858013766,57.103263812519785
5128.043475994947,5.245167665742175,33.6275418751835,62.91286137602463
5260.426689083217,7.627312900271811,28.255411221917967,49.264989199293154
8329.972342195797,10.888659962821754,30.870964280833068,88.24484296783432
4007.0650038134854,6.910302511173167,31.15005891491928,43.45282221023083
5934.720271502342,5.755925650379656,29.465100246984875,53.73796199988185
5142.40422188491,0.620462322170764,33.00258180888715,64.74138834948957
5917.496737267312,8.82140025847383,36.60387710643773,68.19144128950987
4344.043798021559,12.83552882347738,26.742149571908286,19.871589001871037
5900.946598586924,26.33856770396113,31.431588204455974,22.481317794329552
6079.063897460775,16.581186833562562,27.60775493797199,46.55634265666407
4941.556910790186,2.60523960954298,39.230853374091524,62.346342614167504
5492.493007198491,6.021772740726766,33.55130636066326,53.80784537020462
4206.95589237756,3.2552436514061895,24.93575229722527,48.90355842514072
4782.0479378265845,1.6405784878224028,26.219510638913587,52.326397875157724
3974.69374760323,17.458098985792866,32.63431243737078,11.455782268021492
4133.380915804174,24.758651050947567,33.29431740165492,3.679316304270232
5577.39221230558,8.027417103200653,22.87857516734819,58.985972891656104
4090.2463880657497,4.64744152480165,31.811306007965182,47.86870136627474
6541.170309562967,26.983892826969992,31.394536349054597,26.910345450619708
3251.5562670351483,2.211252589212259,18.946682791529888,31.887835073911663
4572.61445307042,1.91440962779355,29.92081424431055,58.676004843933605
4351.765553622717,0.5439937351356205,32.8840106603715,58.18420038979564
3637.235944331037,0.11906954526376885,32.228629092305184,60.498393685097795
5019.904684770014,20.08791223965488,42.29176919557468,30.890286475095618
5306.2788106947455,15.658136183137426,22.945213878388117,28.80987226765129
4430.103076342854,65.17972681683551,19.2204616589497,-50.0
5118.1969083861995,70.06552255106239,31.268793404026447,-50.0
5795.250218268633,34.68195764921176,25.47248576217403,-4.20960067245513
3878.0334236887693,4.894119352556906,41.747019821430044,49.44401290024049
5406.404198772488,0.18958046764304223,24.121432467492355,67.11480142256502
4398.508492941727,1.2997567145811415,38.41524948454649,69.81935497438634
4825.990842437486,4.733292722791823,37.297781246885684,52.648446594588506
5615.458672200369,8.552988588140439,30.9140449314103,51.24590322438913
4155.164293177983,0.8948829489094446,25.363461125451323,60.76866415922488
4526.648359012632,6.237306916320987,34.63007274068921,55.58915536011493
4917.209432625914,6.332124854217003,26.33875499425825,54.51820492927505
4907.090248064217,0.31140469559504047,30.30931865279889,69.28383154603354
3773.1389875880777,3.817416209946592,24.384352486310377,48.59467195382808
4594.113292000395,9.86153948349693,27.730003340686068,35.583521097983336
5450.527525799376,1.5129989291571209,22.0775982837661,60.867667042911975
4273.213169389282,12.845433088536469,32.1441503915637,29.086386438609722
5840.476592257644,16.11483495848137,37.53690997922726,43.294679333250066
5472.214689718915,6.854159295064259,31.913015527865863,56.71653789547889
2992.7262404444864,4.638513238120656,24.040999955294783,29.507828268366936
4245.721617409595,9.531953701146454,25.433446066057073,35.57711210049366
6020.969121483204,27.554049529891348,18.77000025482944,16.97184730930507
4737.020153956468,9.194512953155623,29.616575497982364,43.11148561731855
4295.560750790846,3.2148896686472157,41.51610841307725,60.8019758875876
4483.726941242618,2.6776882578289407,32.90347740897448,48.089370197179875
6966.4560442076145,5.503816644962752,36.3823677929103,78.58499901355862
4011.9435820996673,5.522040546720442,32.83894142808413,44.29428354324306
4240.150432480736,16.861999476952658,32.20258108718336,30.1050621361837
3884.685112198593,8.757848960774036,30.997669080111507,36.56617285362566
4252.572452029486,3.239850095478645,38.87676268055881,55.52785288490702
6056.993498594309,1.3503853600627214,37.39005379461037,78.11361758936586
4578.695695149239,9.481193739467052,30.390789207880562,41.1017841824999
4467.718538003509,7.162987246527716,36.00169428594121,42.936569457852706
3262.7150474316495,11.545918265632922,27.0623593435508,19.313761494318864
3677.5769482721316,6.624337583363168,26.883587122362478,40.4647389612507
4796.135315923023,0.8142591399610857,26.894739769530734,57.311643616222725
5687.144273689377,6.998176305569284,27.833733555649005,50.45968861813118
5489.773552848287,0.2265059252055351,31.307253510010185,67.44635461942845
4791.580609314235,3.0353774597841716,35.43829023822767,52.124299270427095
3483.051559647299,18.397225019531476,29.966799045642816,14.26316470642928
5947.130796742609,18.659064267038545,31.11972343302476,45.97318733317158
7423.862219663093,16.049836288897477,29.864494482048258,65.15710756772236
5280.399569364211,7.418632942737694,39.97486906157443,53.80328678299307
6472.647974069433,6.71759521399939,41.01793576856824,71.99835946265426
4951.402399916728,4.501801478823234,28.331197668922897,53.09939237666323
5357.378621520767,3.8323236616337093,28.86194572760471,63.12339017099276
4760.279831585895,4.080364741835235,33.605289829555595,59.86385511960171
7528.802005633485,9.480550611737392,21.179109723113452,73.02568398002913
5569.493063629341,14.887532588994606,35.373810800828515,55.88311131087397
6504.691913843941,3.3980432050376566,26.570935101568896,76.02621470040935
5317.905571363541,4.039056121021856,27.64018413216585,53.99053262795473
5915.291936246377,19.957464457674806,27.322414959621835,32.715260477716605
5341.895179540465,1.6598510891993057,28.576411580416025,62.206994603670445
5091.832256351518,12.078506084624314,29.720596160748997,34.63976522563622
4488.740016153348,10.663457827187376,24.805114441615448,41.374237146864104
3495.698284180904,18.786052761818908,27.831142253726927,13.854961960248378
4237.608305217373,5.109195338086973,31.956514636111198,48.97496423796114
5386.526601799408,17.69678057113253,37.717396093324126,42.33828271549282
3760.2018535720963,0.0033867546301418125,29.756304541276222,48.348447509734875
3467.095544158189,10.115206374212097,29.77235819259992,32.213413200022714
4919.259773045807,26.068465691346326,35.64837065612912,9.729827856705807
5447.90269952204,12.54978627074115,32.7183704517326,53.02511137754966
6984.727597792011,7.758492756266354,24.426762723794887,64.6615428968597
4088.4535906208184,2.0418186852981903,26.75410909846087,53.133430389108774
6300.308652085496,1.3742039030569706,36.08321063997894,74.14064502543607
5329.090529930558,2.7562545409168786,24.722288090157708,44.59194903699897
4032.041288837936,36.91657275286999,26.055964982061386,-18.989013624615158
4903.644103350509,1.1475123157996387,24.234489409612767,55.89030731393106
7212.019008283278,5.972860612120553,28.155554167371637,77.23465365110825
2771.68382426315,20.471095924221903,27.692710249347122,0.9675957357135947
6083.85852582129,20.459069297829444,23.182879936923744,27.185980118101366
2797.4218861185204,1.8407361899619357,30.405819429420532,36.300909453620825
5346.455143100911,2.4215690103389274,29.49156521494451,59.04526507288305
4508.8962001188465,8.460572336421455,40.787070439315656,44.45157984812717
5108.570626750029,0.2012754119643795,24.64541548196692,69.67170117113633
4550.21776519959,4.901428692349419,29.75690246585185,45.124969978734214
3432.5660809174938,9.420708411779103,23.211102373787085,35.115196383123816
7051.6132771409475,13.555061336619376,33.90037069807115,70.76547449241355
5188.50336267695,16.243909923901878,32.54158852632948,25.65886243340098
4571.191918008715,4.407485034257887,34.95551858653356,36.19678998233819
3031.9857953755777,20.351098996541026,39.79845869572695,4.065387998587243
6944.858101921644,0.7236197565581641,30.332615872549443,83.86920130302761
5851.750691582233,5.439065969426694,31.03525698680452,64.44867885973865
5303.349625714829,0.6581753730654295,23.27216532523918,62.89845578801933
5013.873050029323,2.0555233937413577,36.676626530925624,65.90004387383924
3522.4808166694,4.942853600020729,29.70117657539778,29.86295858728786
3332.0828776225367,10.010030181373546,31.4080487637033,27.482971068605195
5090.080350735767,4.058423756736074,27.68416522874533,57.69357331332387
3955.9048699809314,14.244611344861957,29.55846162725277,18.314642267138154
6199.683294622824,13.497825339996236,34.206911207465744,51.67404574870689
5161.315893163323,0.2021517605616273,19.09495095938442,64.3533553078591
4635.13104861589,0.5167715835290034,27.1453219972218,55.20569782106681
5813.802690296383,2.716139610962371,22.206953453868003,67.83254427941252
5679.811783299387,11.124288507882707,21.410834513474626,55.50749173915476
4032.1491137078037,6.04279563865585,34.04245027593014,35.98432818003981
5273.705958044179,4.104431456620502,36.016661631875095,59.11492946814424
6099.342848976805,13.796233665128057,30.185090676459172,49.326602325030464
4385.13093288096,3.0407878873187273,27.41948215838493,50.47141382230497
5473.689484317945,33.2497753491827,25.001560985675702,-4.644043958951507
5769.619963519325,10.756462840237592,34.13482351801966,60.915327903263595
2846.4854005435404,8.93160848529375,31.528282784648855,24.657592192470045
3105.9430948724826,8.834734975656607,35.20856202034765,35.66243152735903
5228.892394860682,8.348087395903383,24.826591287808302,49.717622821192975
4364.5244058043,12.321871160023248,30.504279623374774,24.39680280957119
3700.6479867841103,9.412395056029606,26.24061008818446,34.71672528266593
4527.325604914897,11.392847717081295,30.922437982525153,41.553076132699985
6629.177110114212,3.825938028204763,33.92108997964055,78.4600025286335
5648.236961687736,15.564938616420974,36.176029652656226,47.330146504136344
4208.660478654702,1.9472740606862682,34.872577976742775,59.465151872942535
4723.422410128158,9.894511402843087,19.268341557101742,38.238929807951465
4849.766102594941,6.825609483564538,35.299333083048325,43.190974429673524
6289.249781212608,4.385860609077315,29.952320929369915,63.97457680022107
5183.846218196955,4.426820955442782,27.959165956010494,52.77025690869972
3589.585882550262,5.617292325253672,33.159236244997885,40.31239988410438
4392.425041864343,1.9983212695689208,34.07655379666916,57.8765028405699
3858.358124633597,6.298935561395932,36.61019756178617,45.29756205273026
5731.775253620225,8.92217011434419,20.99793963784895,49.037131479014185
6476.585028313034,30.88547825868578,26.718395011901467,15.05928879980926
6613.0738055946795,10.007866004414174,38.398478009246446,64.51453899003013
4137.617157760386,10.278580721296734,29.823830603241408,29.681713067424752
4487.259393805107,5.918866622546428,24.449436256953273,44.18467235786951
4405.0366607608685,8.76891078177269,32.81051770241301,42.679574723079355
3581.88409140725,1.4374594096826856,32.878785794140306,53.58455351112026
6031.060704655444,5.889258076036009,28.2940368255243,64.39733605794368
3729.2219113324054,0.979999999843148,24.673022253850398,47.84671822842515
4892.969292156574,16.94396124879703,29.23261193271311,27.20183596942908
3814.7455412877043,1.3250573304655324,31.38761818985989,47.361164711008584
4872.507465345267,20.34683924257279,40.469980972382324,26.52997754971611
4788.728692137724,30.83649620880395,41.75179177442094,1.485537739557465
5456.050965484024,0.5374602425771956,30.313422733233896,72.21762294819867
4710.867227604482,13.080714232924901,32.950993256158874,36.99173265595591
6301.934761181693,0.11001148815192774,39.219866811200504,85.6254532232427
4369.737496356307,20.26385631153633,33.89945033810845,12.988478176095189
5204.09525505684,0.8278966355588906,24.60317779120895,63.6973137124005
5124.184166362564,6.772932384189803,27.551136052348255,54.122070677595254
5263.966256754629,4.6692180363540094,30.031218004436393,56.13690161157796
2808.8470096613196,13.320172451302877,36.71388719290928,28.34720007671991
5788.746443656173,18.025843350656263,31.780458947586993,35.50292192625259
3904.372871830753,26.28725712291459,27.9497772883969,8.30312640163556
4686.210242090671,4.220453828992504,20.547024364605107,53.06399486983073
4531.342626422169,2.994584377504067,26.16020971170026,48.33136596901484
3558.7125564942953,12.19558360908888,29.181683851891258,15.805211642909455
3643.4046424313606,0.8591232253055404,26.2101894183985,54.365117708254736
5424.5666280027535,17.421178377092836,30.58165507854988,30.243110456793737
6070.781544791193,28.67787787782643,28.254740042455033,18.330795437668613
6546.251926797853,6.525759251038807,30.230725591557164,65.55206150136509
4409.194265736217,4.785038434430459,26.49122640483687,52.76723875618806
4537.609555575324,0.39355252727253964,26.554745540160333,55.46340359706132
3893.9879139618483,0.5466255412488757,27.526417376326997,52.018114177855786
3658.7898568695646,4.263645802234038,31.673020916251634,39.77720878177052
5108.300540528643,17.35233942238625,29.300256816531668,41.26176350614497
4634.045380128372,5.410373183579299,36.700029289158245,54.58019152525134
4371.701228793415,0.5662709355780822,32.52177192246181,52.92366305676401
4853.967440096658,4.491823087136398,33.97724080332947,67.2893131159736
5153.1055020215435,25.85470126122668,29.154011841796237,6.734542064986709
4881.868794170896,14.879350302780697,25.582758609417827,29.980042246687944
5642.928651354324,5.39900582305166,35.246596302326054,74.64977963087637
5268.581504001832,13.315872809455358,29.548878278574634,42.55855561221289
5517.462995663772,49.4035727425634,25.30473597648816,-31.9571230354682
5680.772759592742,3.01445222828437,37.460112145496836,59.803241850641534
5170.605663087711,3.2402971425757974,33.46554135855371,54.63159343152332
4559.565744605826,5.507703666190969,32.417011593869766,61.34911328855767
5700.419796516488,28.011187202773694,26.42860256081108,15.674081215449089
4276.115346100201,0.7972409988206668,38.06008734426415,58.64077861101135
3763.151907245181,5.523484669302748,29.39890501118714,38.168453675305905
5138.271702061219,10.474929666293527,29.843832110897054,48.653772033321374
6529.674995418018,1.253653368983449,35.519527187919714,77.49826460943868
4237.925856856667,5.076890129673911,36.79204892092412,50.73861984658858
4159.207835237077,0.059065965405144374,28.933348400677772,55.048748311633524
4447.321488294488,14.322275498126595,23.819735100424765,32.09683217620897
4270.286435147878,18.90821051203489,33.13872075065327,16.3969027692837
3646.987333684444,4.496026058368302,25.37948824804313,38.392732227637424
4090.6545000860992,3.027105501317282,26.1649302942398,49.01813153574631
4679.207735145074,4.3861643659749125,37.1336509684457,52.20085431344282
5835.618321754316,1.1251138707635109,31.779622728147764,74.58144927240168
5083.726784935523,1.182511277661814,30.43950043764377,59.01578735309772
5211.898274346817,1.182198493477033,32.817534062666354,76.46478489034597
5464.351786360712,8.842004444492046,28.406432794135775,55.807812971589115
6109.857321476264,4.537134801709567,24.83902777873691,55.6243704174631
4194.272899158993,24.1251720800973,21.845919925753652,-0.18616724693992825
5607.96838830594,6.926458459704764,31.320453835186782,51.87518381858417
5692.141828381134,11.05477712265799,28.626898289850132,53.40067598740147
6363.954836515861,16.89672072397604,39.96250141068224,38.56260238659793
4376.962990056978,0.3980944771196934,40.23005206276207,73.72501347565226
4427.579333202833,8.050093252576534,32.02232839897119,43.39898347700541
4934.186967575985,8.997051961855526,26.280803614459582,39.596512750994926
4523.021513410741,14.329657594561658,31.818044900205056,34.186442565476476
4889.496674578009,9.58846422385485,27.560650923022823,46.52184358603977
4124.815620700331,12.401223705948619,33.086446722471415,40.687608166689124
4245.416333850528,3.029283857810748,21.22250443542081,47.71520354295036
5244.137016644437,5.148755314783911,27.984456655601374,58.06528927910568
4943.855680098889,12.655253541530803,31.846563102121536,37.032511927444375
3287.9780405302163,10.58300100534261,32.79261518969336,30.732636512942975
4570.361702920674,8.030211843213799,29.074443203985116,43.79287312869359
5235.151091197528,15.853089812513517,32.35704329689485,38.53898203678928
5432.441763739697,11.04719303399882,32.416627363855255,53.057923641310104
3626.442844882704,0.22694612984981213,30.060307364767915,46.9652221713289
3509.747514075848,6.64741367987355,27.94830935914232,39.79558087825216
6183.779021185736,18.23530532918233,36.58168917668629,35.845494535704375
4281.69929008729,0.9312019594297802,21.268908283520663,54.37625563540314
5821.9448746696735,11.124060844565715,35.90436284189843,47.41895126294156
3979.898889052381,1.577358846741923,32.99107956277909,57.07241318277878
4075.876779047517,3.3008878344638455,28.330630860666194,41.88932989635874
4167.972009026036,2.0925893656514534,31.355921310152695,52.874139552635405
4711.173476040896,3.3584599509828355,29.565594161826454,60.760421718274685
4397.185935282062,1.4155910859220755,29.460124690607707,60.116384652122115
4026.5152976957856,18.198272573850684,25.993737622787346,24.51731907637763
4369.594797071241,0.508937467555992,30.33974604773813,59.706203490155936
5078.0779959812835,5.631413318223871,32.945827960363346,47.870574566050976
4663.32648892753,2.3985895012817604,27.20988279746294,50.63095501557915
3030.0951312347734,30.062881432703673,23.758499310465712,-17.88190801217835
5714.351326708294,0.11329105821850699,36.39051473361939,72.71683256574597
5748.863949758618,7.785662389043978,29.30388802254406,59.64117800787959
4177.1026636211145,5.5436642988126215,37.58199313242344,45.606870826332724
4036.3577080355835,0.5589510916793654,39.40906555393253,53.96858801667513
4122.09896783649,9.647982399061364,36.333421853357585,41.440484959624925
5586.005321756627,15.189567566990972,32.61449950088343,31.860536795817584
3507.597167966632,5.1755812276719295,37.911721930679676,37.535739125714336
4675.441008482096,18.971927957947155,32.41103355731486,31.01869329481819
4818.063230799266,4.48191048877426,34.4222633413813,54.35516801948989
6083.136952346474,5.554034802306255,27.805488218185673,64.31620133776953
5311.646651123442,9.823516501146594,32.816215314153084,57.12982215340607
6401.560496618951,1.6023447906813206,31.686839235805746,73.87966943291525
6364.311251401005,7.736696331747107,29.476297438495212,63.50814615470926
4366.873617464207,5.990224431663571,33.673213151014785,48.01278414002623
4398.73071698137,7.351392436268168,24.477997509163266,32.30101179910591
5627.179533784863,4.283989965154869,34.293611644400116,67.81993224117956
4672.91883426137,38.721786629204324,35.75088755733376,-14.963332017088739
3673.651812789653,0.3891638078740523,22.380523571357095,36.68293903570782
5901.010186165642,8.81925579707861,30.727787803869358,48.786891634661906
5434.8283126511515,0.5590821630073143,22.95508320209196,59.442710962458904
5363.450549829866,0.10812810259446098,25.89561108888053,65.48872702396781
4522.5064501844545,2.844660882324038,30.334852980402,49.59999431056459
3808.3480310006908,7.685432105118908,26.304158842456978,36.6029330926734
3453.9429555981515,43.480554279768924,20.254942518057273,-41.94526755865951
5381.883419870247,29.82132494882841,32.0125673293963,7.641556964318452
6008.0386586170025,27.232569787585366,25.9817264015491,22.827124865514456
5742.976364957012,17.177093388397978,23.321336544272867,30.359373492031327
4375.006180217639,18.952687174677553,33.269184878369835,16.292399947618655
4807.488435886124,9.374173889043654,31.068201597448986,50.054304922288836
5794.325863534816,21.431325809615927,30.43377245625661,20.035731250185354
6630.280766632366,8.388250514186675,20.369674653636174,53.59990906412454
7130.742823188621,1.173029528110209,26.64860533781962,92.76375518375767
5309.413461388344,7.516553461914267,22.708530004967898,53.298359208571384
5658.284212093572,14.957479863554104,21.920623173955903,39.94954471765549
5291.591337938208,1.6666054424362506,32.84191063486692,67.870194398004
5553.431386643692,47.688835857027144,21.442501038810505,-20.48034445959066
4353.458119776562,2.9998488001251697,28.720371448051758,49.068965093491684
5663.758315473458,2.4899359448387686,33.581820295890715,61.029296050978445
4534.696885093499,6.549996534373794,27.094787547957093,50.39862601015409
4510.609334536745,2.7981276176905623,27.414970789751546,55.576013526965944
5229.950674991777,7.761877327816045,28.340654069222406,57.142197372772614
3105.2396806709553,20.580898603350253,29.010673285200813,7.551777993447431
3059.161285521758,13.104412563899945,32.26490234817393,16.912756203507605
4490.666686450139,4.225238700793622,31.273479723887647,50.5734697237542
5252.132985507388,2.7634003219813748,23.724605909446126,58.14980647479339
6702.23377894731,4.288192008666181,30.817030677998556,82.01603520121482
5915.353704183044,9.98634085290157,23.671103524441108,57.41772394687102
6818.1492198997485,2.126166971412393,28.26530306187801,70.76160857757219
3382.3008375711747,4.605149765524851,21.32700247486344,38.64879909961934
4036.983592270444,11.705628369958966,24.28199300888624,31.29964490868553
3021.968297437824,15.192495330779597,23.419825907903586,14.874313167972826
4372.837400637455,1.6041606207598682,28.05625042072735,52.15870469759726
3161.127314262474,3.559884542467528,34.93543421423665,50.246057479489345
5242.493586908547,3.393805204982629,30.420393354733314,57.18871644322444
4494.210534195238,3.8789155053804363,37.97163147708887,48.57321850300554
3635.4573317921772,16.665935289659323,36.54079501252532,20.11557871513609
4384.935980696236,1.749571731284476,32.86890374565016,65.38155893868
5320.168608844479,4.234726031175485,27.735197564871346,60.56672618745551
5897.170388660467,2.2065767007779153,37.62300291848374,81.1335110385896
5355.407535636418,17.500864905522853,22.019603535363643,37.6104557960897
3583.787767524816,2.9009665960956044,33.86526382992218,50.808225017757096
5258.575531235666,0.5929536311183516,28.063654697239265,71.49040211556344
4172.484188032295,6.907288131688216,36.13323822568064,45.75507014535773
5596.17510519411,3.140353182916799,16.910100381469622,54.25554326919528
6529.908818225881,5.4800629583290315,25.449901486176955,58.826994564710894
4221.206388089921,21.13236422456105,27.370109756990313,12.223197168821155
5817.691287778207,2.153736028447329,38.982338455396956,76.99059961453816
5737.473812127353,4.497954780685607,30.479373407271062,60.192883941223826
4032.4420642769055,0.8196565290842732,25.7323084330289,52.08928342567103
4679.877272079249,27.805259480035694,29.176882845070487,-0.4670950771495104
6248.7776763302245,18.11150038501541,33.43688372436117,37.89968398372122
5502.339592702132,2.6231587079210033,28.525319064137758,63.183504372940604
4331.982030261328,12.80423404741513,40.632626898931605,40.65223519219095
4300.000737836318,15.926664695796848,23.664418181813815,16.51831777376374
5980.4902276690955,1.926189044360382,23.22146734441295,66.97611151286264
4822.854389010636,4.483690907212831,35.00978252896731,60.712029975139124
4466.566254659141,1.1250725445650787,22.18171814449126,49.99867527483555
5042.211576767375,3.7522515682528956,19.218799988608055,45.709396976970154
5799.258113256599,1.1312661574972873,34.049865511522405,80.8758120136309
4791.197332328005,15.616289721682925,31.579224437381807,27.70250441859758
4813.518332754769,3.1381342406105404,32.33664780765674,50.09959784559239
5520.536317133925,4.541869115684931,35.458692097019636,60.125010029978355
6920.180737301058,2.047643352857186,27.421454527537463,77.79711926727266
4398.803065067983,0.4623343696182577,22.15356084413258,56.68333376307765
5230.957231445605,6.656099927767082,22.315988645157674,43.28570298161153
515.6196019952504,1.2520039368739877,22.84825766988581,19.807619271135696
5203.410781472496,6.994429207615372,26.619844955984597,49.665105039061004
2975.2097052473564,0.5804581602440927,34.20965309204908,50.23699432809653
4746.668909221936,19.731353337874545,29.365930613879186,23.63573410271253
5369.968853055296,13.888458405412775,32.38602020719191,38.837171062179586
5242.159559663192,5.14281907783209,32.44812959061328,59.54345940028312
4930.091872798569,24.89710483294148,21.871547998511595,9.162316973484247
4327.477596308862,19.609916690376995,33.93243679927513,20.877521999267323
5336.490868992022,14.71050588176465,37.72588055239332,45.048422797876285
4604.110210891347,18.177168760901804,35.30252132257282,31.535700680915514
5510.008268702828,2.1340679800788678,37.06987045931199,69.45737706770949
4027.4717389001244,10.041762713256599,34.54223982111592,31.676224856456894
3965.636216177596,16.600123458640567,37.06261699206467,20.079903631721514
4290.804240589455,10.072782019951159,37.31897779656663,43.69353324909813
4407.160820065384,10.710040807975103,36.40606613935008,40.178990614355
3372.34929162068,9.889265457840137,28.715062343518884,29.438092110723183
4845.607266706438,2.4360045573784967,37.11466290927527,68.74595911655442
4787.468110598038,32.075160989507935,32.75377133524343,5.299786236235699
4296.916250384274,16.483590746150167,36.47428465813518,34.03980754551324
6023.998076162048,29.635205106629567,31.629078614345957,22.691260718404635
4504.735509203153,7.451732280551107,28.130017666165184,45.56224430133939
3776.848449569359,8.154983885338169,27.163197894232916,25.52535086771536
5912.934814061857,4.552707720071576,34.10411221813209,69.53227362216798
6030.922032782433,4.2070248653301725,25.995835262392628,62.784917180120004
4019.6883944039623,5.577456546979279,17.84802840868552,37.22683818492591
6479.371896125179,16.069714288414822,32.70724269667223,44.04893951457805
5714.431385339259,32.79722252301584,26.632933811131988,1.3095656892755372
7326.571126675139,21.412158069722402,31.547574521118538,44.19723543851473
5632.834812828769,10.7015872192898,29.65928529216282,48.92174540928285
5376.6897313358995,13.008825958100566,32.9241838866195,49.91874971090551
2971.5367652642003,13.39446071550169,36.83661634826246,17.552293903578082
3830.7707833514646,8.528337832562203,29.526678923843388,33.477063891490715
4809.168967326392,2.7053215915718547,26.135781906438375,53.71707159686871
4136.017218561177,2.5760493497395185,27.51775223292003,48.15894290930019
2193.820122295793,0.4439804995482574,27.192564840609794,28.882346111259572
6277.333424809603,4.497721404789357,20.5522393098636,64.96440112346421
5651.402855686704,10.423664580163624,27.839566599298237,46.523381201594596
4363.962989048153,1.8311630035470583,34.84457452264654,55.10890163133221
5761.12137884838,33.700904293049376,30.791726794776313,6.123843100999998
4597.020726843582,21.491230642887285,28.883636167069543,16.01695271149772
4059.747455595011,4.622016359104158,29.59699108684516,51.77250556227127
6346.584894926951,11.233143119868284,22.609752859755744,57.91507892933937
5975.080264247211,0.9770673553956193,28.842228151465378,73.01077872923712
5179.816446034331,5.906791920059613,33.67277273049927,55.28301874655018
5095.954709124777,12.678773064385311,31.598298415288408,43.47153481566842
3606.8231718597426,7.029704190426126,29.822674411037504,40.047291960656565
5319.488150163199,0.462157640788256,28.972818483896848,64.21874555097004
5015.779402140857,17.18099623939773,28.250078083702192,17.448629272212685
5497.8724669310795,7.192953624080605,28.360510429722233,43.25447725958314
4451.070569708297,11.338165156499374,27.36693485050904,34.71388404576554
5333.845821113493,11.948166461750237,31.605831386301013,53.60737166191083
5280.119393763013,6.398574844119177,26.689300490747502,60.40169578011402
4332.445502404241,19.05068557572591,27.920670591848147,15.364650337847635
3604.3582923930344,9.18257624225452,28.371234003324584,23.860661261107026
6416.122407982732,21.564280628723004,29.436007352131384,35.499067974220495
5493.206882954685,1.6125850678889366,29.82019212458226,66.33529731964555
4383.412121533222,5.026579303647636,26.863917284991444,53.62169730213091
4329.121186138777,13.9287973129046,24.06893815305249,25.797465746384145
5418.242984759568,11.084546814372887,31.459158315719694,45.32167348832129
5548.646066469138,9.390360289285196,33.78690259772087,61.4678518589803
5080.235317098962,13.527349662047413,25.480074426268263,40.46923194594133
6155.461781293336,10.223937883711969,32.953117943952314,65.70917130356324
4798.394390453686,2.5066552904584185,37.463591489496515,57.84568796911569
4398.446006695287,1.6183872344833594,27.88245630623942,50.04347758050045
3962.989916865092,12.096886325074795,25.607576470468448,29.81752254938336
5445.146061258847,9.619452876287944,37.36269189055032,45.28565448248433
1954.2053797125163,12.271216842028261,26.473447587620104,-0.39286974366006255
5076.662753475557,26.015576341403705,36.97763430306793,11.970295679719207
6562.762117490867,4.58244222686811,33.44978186274205,66.96916192761154
4808.483141798664,16.75053118922157,28.63521082957807,35.07235228598213
4596.131100136581,25.22514782297003,39.654183352525536,10.195859347051908
4841.954089923863,17.358429735263638,32.42187833178296,27.052376260283573
4863.322743513886,27.074252209538535,23.903402022404,-1.0138540431951366
5610.778976824897,5.642075251243318,28.95052351983189,54.00563608224575
5582.378525286977,9.526412709341862,23.242411448638272,53.53834557559646
4677.998710485702,2.937442847019681,26.45244831338823,58.09424177245212
5686.488962765337,7.488018341045447,24.78088376061085,57.45254848197867
5899.5127813517665,3.375173822182517,35.32790266501691,65.96835969712684
3467.3897115226137,4.141379671094277,26.53563713022345,40.113488408289065
3918.113029537967,41.72775757762773,19.39004495488613,-34.72160716349305
4678.06144923145,23.302777246040286,27.068219177205815,17.773788611922907
4672.586372887644,8.660386199178271,23.212073303503125,43.30403603687792
4177.570964508295,14.615599254034446,33.76709500161678,27.42475324510734
6248.749140903107,34.4467222294699,30.381244022298123,11.104821096830902
5933.124965133705,8.88693065371903,36.06314573568364,69.30121725256859
5552.589358006798,18.926265833272996,38.474436438040286,30.17596543642719
3617.485843150299,11.898839660717657,32.09267416397127,30.543437375450345
3090.6099078599477,14.277027144849082,30.481256403562373,20.971047488695625
6556.751469662346,2.0616720636584924,21.315962446395083,77.15557041849114
4585.727792947818,1.8635282739736245,37.682652088906615,60.523105766014716
5260.502946078746,17.901110961939388,25.097672557050902,33.9348063072498
5716.1784350855,28.163845289895583,27.20661706077932,16.064287040281837
6369.20473473994,0.8550522908913725,29.237572261320274,82.02686250440846
6527.049790746809,54.7590496204574,34.51502037731037,-33.72580249109468
5660.5756426548505,4.823367770426538,20.299830120879946,59.0969174306077
4024.567340560658,7.329769961891168,36.32700820459346,46.00483474290831
4901.203968940065,2.2607564754802283,33.43898401896269,52.83844250714517
6103.730553085749,1.679641696151468,28.905219638704295,64.12399302007594
4792.069973277941,33.17002489695889,33.13303092277745,-5.651375527110451
5696.295096601079,0.5114374295259685,27.698394515480416,66.35350900802742
6414.171415761357,8.03462090227248,29.00285607475371,67.19742001381547
5001.667680429728,8.6520111661431,32.96447163765724,47.174312457132665
5064.522570362505,3.220745835009327,28.42654498956276,59.405681319872826
7357.862240531131,15.547600233705074,28.331547716312947,59.95847591349135
5486.957971145611,6.671258414146362,38.74010337013531,61.474258246395515
5650.125678789505,14.84545029460276,35.8346048170889,51.24257795569328
4945.988341508629,0.35549433059915914,26.308199433715316,60.446375509881406
4102.862813064471,13.00327613911892,30.486538884849995,25.831086571137433
4884.851606433721,27.00219161481734,28.334213751569724,10.44021687772157
5293.6080691912275,2.6349977472167314,25.558589203478437,63.03242960867511
4858.074051800146,23.446654904045158,33.002185296521255,24.04872247403838
5025.094762633462,28.839849948092247,34.569919736611695,3.476446025345229
4894.166441027089,3.5762602646939285,33.287020136473366,57.02275976125939
5343.670448068924,1.1407413844791965,28.494914277975457,67.34506415489138
4885.598097278584,26.627664292819073,32.26850062384495,13.953735133431536
4955.9938428265705,5.44734473977724,28.784067697499843,53.23449541960259
5810.237824462699,6.3356657432119565,23.952007235830415,61.32451826267958
5730.695012959093,8.493150140369295,29.711963589298463,61.381957438126506
5801.418585570227,0.7160195415583216,28.81262828155386,69.9781034833909
6471.392221068469,4.858394452136515,28.99371858081091,75.00577278148842
4840.908889982098,3.678556049578692,20.445992200984442,41.554516731180044
4172.021499816221,4.231445351632392,29.42551325780745,42.755525841344465
4282.163047999413,8.151634677582674,38.54402846608498,43.92479720915784
4825.733257424057,21.017068762507588,29.305839378575044,17.02898186505417
5832.120411014497,15.677185224201018,36.51986505868892,47.11350167654456
5495.680865791499,4.771778422215655,34.344624164587124,65.30162764912515
4809.157648946011,1.6699985571300693,29.82419304367201,53.28375580613296
5259.708593458829,5.464115678344166,27.536214012774206,51.85308447661166
4060.0559885296193,2.2804376935067916,37.31561804046879,50.54772872145775
5751.512373974058,5.393446492628923,37.61347078030297,65.17675720820837
5304.037406184111,2.0022888862891652,33.436432518932094,68.84766821444242
4642.4764835233855,6.283865004923779,25.618924469367556,45.67963098353953
5409.82343400018,15.144396542480099,30.556459655601188,48.40019285403241
3620.10669184139,10.253185129460327,25.657774125888846,32.36634859904921
5300.257273945974,0.6169722528900999,31.021057689990624,70.7672917819413
4078.6767374834317,4.534540787287542,22.925461830069278,31.25420554317239
4944.8477008583395,8.628501240396034,31.554272016369996,47.68037830396765
5997.797064658049,6.979370231577381,24.3610456228135,54.2886035519219
6471.220131644759,3.5778389814187754,27.627758210378264,80.27907417784007
5382.223555703071,2.450553819237413,25.89732607521098,57.480010053574716
4068.5348535463213,0.8028814636275836,31.79872533857869,58.03722474956122
5396.02321627402,4.438954586448315,34.82602829883223,72.43799706679694
5833.474929528945,10.468143429687915,33.656295606197666,59.49199400514889
5961.155425655067,4.059028327574608,27.83219096959967,68.14873565835242
4814.452407834024,6.233099810977377,29.50918680047557,51.83185606658586
5622.524029282589,2.9723349690285,28.046328034579723,61.91281454927174
4154.335617958932,12.005134562172676,30.68506854155134,34.651471631494395
6122.604204352785,12.440537347356669,28.61216289750982,50.98759650629933
4618.24124056644,3.271731589607137,27.994444651986665,50.80100699608862
6110.287483782474,8.215469194812705,34.02460493716503,67.65586811153872
5857.044026650019,2.1775618578546525,38.52483591787889,76.87721654618977
2350.6526557540633,6.193525242996515,25.731634636466204,19.727061653363837
5190.374797651919,20.19903494512826,27.377195216820166,17.84266384692061
3569.7531517575585,7.17595786322058,29.668698687297912,41.60369844533514
5609.585229483139,13.825800558944499,29.671221301938385,53.551510439984426
6643.858783180766,12.50746055497974,29.25894283532508,63.18285333144162
3784.8067443187965,5.6888759246998655,34.176579261848445,42.11866105351556
6255.7061855750035,4.583067296314742,25.165092700279857,61.29829450464679
4404.790872507985,3.1587536244283787,35.76846544672136,56.0161370472622
5292.448377303081,3.1111903749047687,31.233561775990463,62.46758477691631
4877.291000071913,1.4455800749982561,20.018801354195304,63.48722688825771
4159.188248206542,13.663863923115748,27.080982104244754,30.238853127822154
3687.024309415839,1.5655694090179622,32.619694677496895,51.638304118933426
5533.935619116913,15.070902451044736,31.474964402069123,42.812131849968914
5488.092380931609,0.5319988688016837,37.410907311300036,73.92427635443575
6135.873677659738,17.631797473343372,30.436396937822167,53.89627446436601
3830.2214786998466,0.4831157143869329,36.100842040966924,64.07339302185217
3234.3139028253113,15.648098963649979,35.08616053730274,14.415984909364585
5298.667188812382,21.035137298902168,29.872489778042937,28.148599570099712
3254.058249325669,18.07492145765724,30.488074484840514,11.825220667337069
3376.0112839465137,7.023908108193595,23.665448046412493,29.357566823420807
6235.672514195702,6.386384447345968,35.981264540001774,62.8177513419066
3576.467479553372,7.550852195983296,34.95172716303521,39.60002119434809
6110.952482378116,3.731192572444979,20.752506547135617,59.600230148103414
6441.072404478358,0.19498445316803156,28.98544869546907,84.77057087666572
3789.680004809992,2.8076984661308613,28.236751734859023,46.66553121183773
5052.44540664622,14.091722390318788,24.938612998342716,34.562895458555076
6148.783655896202,2.070875090903344,33.59583455266932,78.83557735322798
4714.460532690603,1.9035640752980807,26.645321770876535,56.39863141591296
5091.63236787297,7.322766856134875,23.919818571142116,49.50247785843652
7551.306003773962,1.60854910268348,25.577786548456075,92.77819943770436
5829.245198771637,6.608953977561965,34.58395753287182,59.11596401477273
3503.541860421139,3.2197373740343775,31.935411730065482,42.843125062945795
4986.149680492827,0.9135722782372402,33.5739715078396,66.35756641082357
5654.358772090967,0.8712410176670204,27.610391622870864,66.70359365535917
5899.544530415113,9.028619386580925,27.834587925962314,59.63991090032223
7302.740995243474,18.32373633174939,43.158044698600825,63.59812984255778
4234.5542751793555,3.574604457132735,37.21128908318991,50.98561070628375
3860.5633360439515,0.7778859782083183,31.953535457943293,58.405425996331395
4116.197065221913,13.521348166472569,36.718197963528866,32.58474451629586
6652.554325306011,6.27136377952318,24.009968655050635,67.93527945215034
4672.200593092125,4.380544636674335,33.552691649464464,58.44638404544266
5075.148151873502,12.424992527201045,36.07437663789239,45.20915676787112
4897.1064100002795,30.011289380902472,26.891834264127127,5.160259368135962
5842.609224646588,0.5065289033473028,26.29865477796498,82.23396001227869
5276.576928390102,3.0856517139681805,35.57639991968633,67.34181384232356
4289.993561901483,0.6474418804489177,40.18661488945732,60.17822940272552
6176.916806060011,1.0901128078715712,28.98412353049685,74.86899512123325
4098.678437553975,28.75473118145176,32.35514884613795,4.2057361519827134
3954.85762049744,5.45314627851805,29.59436838404028,28.827272215037294
4565.10658126545,1.4284407284091647,39.58910617953861,70.36875103931838
3791.827490059951,6.692433877231865,27.51182393008084,28.70747993165695
6142.603067177852,27.07620772498393,31.1156615333039,28.4067342015838
5512.279761011518,0.624432830562388,31.519165625655926,66.04518084092746
5483.0044086905855,0.6998434806480723,26.916129281952824,69.85531324952076
3705.8953201624327,14.290403990489375,30.53014113283055,20.46611100795985
5766.9880349537725,19.09987937034965,32.137827786385216,39.64885681470066
4941.359586848298,22.95579482268769,32.59489602450874,15.762979686935308
5822.637978638071,24.98648108160569,39.79274329089372,20.57523141664039
2625.27796251331,4.614322814201092,26.89806321871471,25.440957359704292
4544.026319884179,1.029638843606058,30.499340833647008,60.97907678874285
5622.704953955886,20.741616390230156,32.24478049278077,30.731250630172685
4821.8533770381,7.561551402045758,25.559877044488584,46.52786396272995
5434.281667261976,4.801327468538337,25.8815136961529,51.960142190261855
5506.797938889712,0.02561831682027916,33.2579462218101,64.46934479194327
5853.743771686983,2.9678225645788765,34.9410976445258,70.85895058092771
5123.043683368776,4.403832184823782,32.40315222870281,55.627935234517665
4544.057752404732,5.150081386776856,32.22755059575775,59.07313740640522
6869.299638140906,38.870535747126105,27.243120249738332,0.39233335348578
5803.144581888539,3.549390228393489,27.224592595062166,64.1736648165572
4030.099558840275,5.774680147889013,20.697134882780105,36.716164842553844
5880.185233879143,0.017863819415464242,35.38360735488134,68.34673518149913
5176.642357449392,3.3985604215653122,31.9255054868708,62.92175294587271
3368.153505330456,1.992097721911873,32.681482653251635,37.96183473687961
5248.585106774349,7.092780897645149,41.084693712634,56.18600496314876
5196.236297727524,8.102469231167621,26.822098442941282,51.48272016096127
7273.643315998974,13.46181501689701,39.10250947817497,57.202410570374
4679.071469113092,0.769803085104675,26.323269199272726,66.05713416826735
3733.4687896117034,10.250485893272574,36.76658315061773,36.25802842788378
5092.145370621647,1.941291751416082,30.090257862177154,59.0214231947396
5260.6785211178985,0.4109885996268714,31.40492327089348,66.30550090493689
3225.5723913417105,15.147349414247103,27.454852429172142,24.180365965761247
5259.843204424486,37.09458292048213,28.11988733715183,-3.460918514654563
5347.194881250942,2.278651353508304,31.44285448359312,63.86585466585154
5586.611462975183,36.163743787779914,28.309574812451984,2.0746249109644532
3972.334902195585,6.085920790489564,36.40064919033389,42.486507662153876
3154.8494139216605,30.027880917844186,22.012150497760054,-14.153433259627453
4819.3112623554,5.555857623758489,26.23976701156086,49.14761342480499
6372.773645314912,15.76736187499915,33.00838313968959,46.18123358023886
5490.995659768782,5.197461177278161,28.23137390936809,57.73797208056027
6702.819110476808,9.210777935588702,39.83041139776098,64.0876995057981
4210.430299938448,27.204393831626813,32.35693726896738,0.3406091295703506
4585.513260714371,2.4379495447067647,30.27678471233429,61.431924871852374
3746.3794072445826,10.80424886769649,29.42981605986479,36.38973452329555
3606.569912779916,0.24812930244295606,34.55094526343075,48.00589532164125
4040.2072490075507,1.8065029936860233,28.654220038151635,47.54765665666315
4122.5935262332605,3.8876181505784584,22.856928865083706,42.15723459563817
6843.354989719525,3.239769948462548,28.02408300755096,78.17472745773503
5679.130792916684,1.1962617434204506,33.63850943283183,62.555786576847666
4696.563025569107,6.007863642646774,34.027158873620124,50.299971824875236
4429.761646566463,7.344243002112592,29.272164706591084,47.35713636606742
5442.256713596265,17.638131345925622,37.1264589157059,39.30367035269463
4971.523175801236,20.462416604354523,26.321774819794342,17.657101987723735
4665.10416296147,12.325105596452381,30.159783588058698,44.97190241862652
6028.0864072746235,14.05510520052825,30.119389663770846,47.09226745635638
3405.245716791772,1.3996534641211942,25.934161844656238,42.038327307107224
4215.663695749892,2.1414916828289146,27.636575014663237,57.133382868074975
6424.552797717056,9.490224381538225,21.951184690515962,57.46750439296201
2651.8214534454055,2.078293962547614,35.681431989173866,45.6603458790916
5316.602180807533,10.392857503032518,27.76535733189726,39.064464478763995
3459.1273411181382,10.460661562029436,23.440095749336773,29.683419678069882
4423.927435195806,0.28323791759839423,26.24703264455723,65.05290372398609
4916.8766402208885,3.9303757798401056,35.59092676414103,53.173157454926894
4888.216588355706,19.916338544343034,32.34361472929823,31.855486621130286
5005.311223440492,8.081494401166577,29.77920724828379,45.556028922478156
3007.4834937592505,21.31551891740948,34.11343318506012,7.991277438662846
4365.508266406276,28.917643280954174,25.546251434772234,6.60265605844755
5104.745184563967,22.521645685683854,26.06306145511365,18.370326800780884
5651.028804931633,0.7031903864139961,37.50648264202179,63.812496950862894
3874.7971240477236,5.042191710439866,28.553865033701314,41.54315987214257
6572.43341874983,18.45863837702456,30.602862359881648,45.73303098207725
4522.158924942138,0.9690467200909653,25.22680300719453,66.34977180968735
5424.665337491055,12.823388333709042,30.504557494291646,41.50072482844387
5617.164873561455,2.185262740307123,26.214071465284487,62.06033803637609
5618.701058352694,18.363010660534524,31.790996746475763,34.35764245447624
4997.906217910712,2.385632376872775,27.85002289306847,58.29916630521128
7220.1396943899545,15.513428688056404,32.64796183147713,59.64278295670509
4077.653516616673,29.24370824396155,37.781192610549525,2.210923098155441
5348.872804036038,3.8111635433326825,33.30513888622118,73.56814711578751
4364.575648994867,4.633962249706071,23.535313701391132,47.644893308268685
5246.167268376584,8.761245715021564,30.010873277243977,44.328054742115185
3765.093967316854,1.6974537016968982,26.763043471057664,46.65961112934687
3921.179107893254,13.630802072910068,22.367056672870515,24.720274951720448
6950.443676858815,0.10473715256119813,31.76994435527674,94.3575566043405
4431.145565016948,13.85737611658081,36.491218934010895,31.381176295413685
6546.800827913509,3.0309553517835326,27.32687648955261,80.8173648535091
4769.417837761328,0.9235895900032896,31.42570371425031,56.01673633030201
3025.0842206863854,10.450534972151303,22.108727886370083,20.7120326666872
5992.166414195635,0.6632346121392911,31.612451289792194,78.29096018146267
4443.078060244047,5.39815254720899,30.724754236719562,44.715661527383766
5969.91409608227,15.454787282167626,25.82915069370784,38.49227430866371
6193.131312849547,10.213029651062534,32.94160569358012,63.496898958942275
4525.521606143306,15.01901843653818,29.97219003395954,35.90404095012631
4206.219544327763,4.285276614968247,34.95754381250429,50.09734169104994
4159.420033573966,9.842482772017405,32.028797529279316,40.35063845698762
3310.3955011271173,3.729796958033184,26.61543162720794,41.02127514759778
4955.351985634571,4.506089032570269,26.167571213389373,54.96848580436384
5753.758988832942,1.8081764269109166,27.570799586797396,71.69566780807183
6515.9487980637405,24.977554053154233,30.272497248370243,30.264677094250096
4665.458940246871,7.0802019260524975,31.545137362802144,53.72254775893031
4322.627733772357,19.870011216517895,27.188655404621706,15.021263591084127
4528.511984800836,12.621410108534242,47.04387767319708,44.924728057259294
3956.6392031499686,5.490389723253416,35.349680040360425,39.685385551251976
4557.776114970128,1.3389118704790155,26.136584140638785,65.00935035621283
5935.193124288221,1.895230057042888,26.178114195795605,72.92731834781989
6036.508737187496,3.11777595079184,33.28066953739989,71.7716383433191
5775.1512150227045,0.5354973168693234,23.179715776303947,67.34677891810482
5164.4317743608435,10.988636550160624,30.226929834436667,43.94008989898519
5359.713089587964,41.079171541670576,17.451930855565386,-21.64536663029886
4994.018738375067,4.03021804583957,44.3896812270856,54.31764161949033
3975.9347428034707,6.735358038766838,24.79047726933388,29.328459481237662
5463.139023081716,19.92188807390432,36.604400991457915,36.564152014836125
5615.431099363027,7.0291174121975,27.986632479705676,54.62905715271979
4849.4876602760505,5.173379516352718,38.82116621685119,54.51521889044059
3482.8198020141217,16.853376398506207,35.130234640238896,16.147966514702013
3923.9785532814235,23.874117644785358,37.858350344392036,15.133272840202615
4497.535906264327,10.500262264762396,37.26431091493845,43.5112052502823
7012.2279245402315,34.943202495118676,37.452165468669925,23.53827421051154
5322.316979143056,24.448206836850442,25.56401111286109,14.900894942721711
4180.4549260526865,18.957529718041553,31.08883686143908,28.41612712593121
3105.6376303882835,9.758954429025266,35.194515062216496,31.755106904172134
6300.694191334206,5.044510711633144,22.74020365806876,62.78089836978633
5027.946448050724,4.028596532727605,32.11741035143651,59.42454862317367
5426.813272576103,13.314514322730238,29.4542430644595,40.88245256636839
4995.138788887284,17.410317682782303,27.179536781244884,29.058304051258798
4457.656295605171,9.071888902626972,41.90647098530226,49.03707588154813
5181.544307076977,0.058370448940714165,35.44050071337897,66.6340944584476
5060.845610197571,13.419922643155855,25.775197382454884,26.690282058889945
4895.149777358415,23.228753897318164,34.63737550419542,19.706830919029613
3256.6855215356736,10.047517626457596,28.469107909427983,36.49683105869264
5009.758122682376,29.638862711130333,30.182429256176803,9.997993078305381
4510.24992638339,1.6590557021748684,39.600312436564955,58.922122635915045
6089.343812605255,1.7769904791073856,27.95988485144467,70.22199807196122
4287.873155457061,3.3763968904468493,24.22233374483432,44.19157216777974
4957.677521902434,5.027652601365064,25.126082615104686,52.59335005950172
6718.893758381294,5.599823542352908,26.051659913092465,63.857231219629966
4288.53979314727,0.3601054735422581,34.918788402647245,58.64723312304335
6543.26457217655,3.9635525486425145,26.78538288768578,69.62525082352222
4689.543087800935,5.151800266306169,33.46962898060724,43.97496270417937
5609.448261926866,0.020909172495443905,32.81785562721374,80.01521205951954
5624.950685508391,0.7411987161850343,32.49882621829331,74.38724427333182
5075.454885327021,11.334326692807274,29.245674554179878,40.457696860760095
5042.404490281208,24.345720402603767,34.21291266756521,27.24329318980867
4461.60238335444,4.542720185766777,26.486469559910375,50.93593113961846
5723.761702162401,1.1082238189008535,31.823742084051336,75.03844853367994
4281.952472753401,3.015677787991083,23.684179553874802,56.54048738509454
4270.4781588361275,12.18390953595889,24.84433868068523,32.25997947468434
6363.300934067904,25.074545272494433,28.247590016839034,22.477657548089635
5303.71274681196,24.67146078396606,37.13946207996631,19.910726949688048
7974.905804025144,0.6221971291484829,30.86478852505539,85.4321235756707
5024.28638309051,9.593139055521094,26.478404853851817,38.8560398511036
6399.404366999589,3.8669702110301025,29.783467386380334,71.1591564547648
5039.823811430214,6.8666872454733765,28.903329248125434,45.85571312864273
3700.239299288529,2.408220243000732,33.100528467630106,49.9099266684467
4217.84155546212,11.83169356410826,26.278862722558852,43.75726069457062
4777.218512760472,16.515387052784195,30.39640928700218,38.15633394013484
6456.610674496922,12.167531996900493,27.222908815126154,51.64549055100022
3627.156863070758,26.34896026326428,26.372128163730867,4.941672957699227
6121.592584953281,13.72049721708776,22.469212188855497,41.33188088204416
5074.010600963711,19.759926638255788,41.59174577511396,30.88574735023663
3026.6208550122774,0.9782125453278356,25.966123184862184,44.547391517788114
5525.356588634289,7.675885847002084,22.034551720006124,51.69182322702198
5413.223336558244,14.538948771975273,32.43874277777601,35.899509052684316
4595.468858277878,3.1196341349957524,27.298847258213996,54.28847676719489
4920.57244288645,3.9690178168818733,32.50153523675435,59.87363356227611
4731.203523248799,0.055425906348798584,30.21535554906922,60.797547971637165
5822.2759859743455,1.328364521267781,31.904706983644616,70.89228814054864
5401.587628445749,0.9157585989070529,27.9472405613521,67.4473288195799
5825.9840761553805,38.73232822900597,23.76611398400689,-2.3612957742647005
5028.964292098201,6.860836166967644,31.284458134190753,58.11681273733339
5275.9856151844015,1.549164506677019,26.637585651715348,67.54469136628437
4997.353546827282,10.382357866141518,32.784194582176596,49.96792208113045
5636.0259614771385,3.481436175203298,21.544737158111843,67.06680052812402
6877.6396842167505,25.716004122880165,28.52453039426227,41.23772456998478
4087.8372122073815,4.888225076910972,26.93141757251886,46.984005648252406
4670.281308121291,6.188674859858267,26.90286452254535,53.189902795682144
4700.977044516707,0.38902172976027627,33.89652966312827,64.70363385066916
5857.574234759473,1.2921531735934686,33.68707459393134,68.36434510027934
4172.430155442256,4.926659218159573,34.842641228364606,49.15272805287056
5075.426157897849,41.80757099357049,36.7382465731242,-13.801350339485975
5809.53740128155,20.133337432938575,29.478160944814466,24.188986757834023
6138.238901692264,4.329531030202411,30.42618443297812,68.39476459777379
6440.855278427387,5.619530431663104,27.976968874365948,71.37690813396848
5758.789221342268,21.10570633553996,41.70844666476045,38.67824567219128
5913.45319238262,24.36532880936998,37.27908277078853,21.094268367481035
4812.755559012539,12.529165800721369,23.504359831807104,39.81410980278089
4002.158997449774,8.032339999235324,27.610199277449485,32.77447361267439
5635.102752203918,2.211795959155286,33.84475575050226,70.12549756825858
4674.272319101571,7.588483042354959,29.294938283925607,42.53394022844242
4900.491200402283,7.652370103926246,38.934370556958726,60.6222806935551
5473.65370217208,2.152555808013826,40.12193728010951,68.37948483681993
3290.189385344989,34.0544646419391,31.604189181799054,-14.320971752206287
4095.7935583912526,0.6446820853696639,26.139610701209907,47.90227976662456
5620.199688508254,5.758046156570609,26.929916579928022,57.97430807816949
4285.567739220076,1.35263724356219,30.929278544692107,51.36406669641912
6051.6707837301865,33.7191426576542,28.220904345028572,12.025201504422672
5924.021071888958,10.465396377971132,23.582909861535715,39.19927044129035
7018.507604268563,2.675556914801738,42.93081491699523,88.52163524638652
5467.987775890965,16.18530289812783,33.469880244623944,47.76460927974985
4564.8395926980775,24.0189987733506,21.32935937808872,5.103609481580515
5338.737042278074,15.93632383727764,31.86275429272896,38.1063611647303
2735.114003656333,46.93292947285438,19.935330123696577,-50.0
5595.284906838259,8.152095186210836,30.78517176820645,55.429895148585814
5703.35191533665,1.2194750042143947,31.63701332992637,74.70852321192118
4073.0054986227015,1.5747864482427074,38.786967485106445,56.316318878284825
5691.817210679921,2.7667510566234736,37.58723511773681,66.25805821512373
4399.31613636827,1.2671090243158232,27.26292383396268,58.67465508218415
5586.276234064155,11.966741427339635,23.902518505379113,53.54853548900711
4207.896742488267,11.416541824288553,39.179965645662236,43.123310656344685
6459.150420820515,3.129690117465611,30.635457140292605,73.2000064487328
5312.970289213291,1.8058478458913712,37.41855329718048,65.04889510080694
4177.373242148777,5.75130267631757,30.980247539350973,62.11073308810789
3169.368490589661,4.902190736394006,32.016478732951256,35.25270374777926
6002.661875332431,2.866312856030659,37.326624172802966,67.67415838147072
6048.099762965846,8.783384040642433,27.545281020845938,50.064132956065265
3878.0156698859946,6.528578805994961,36.05135367522226,35.213506452641916
5139.568701440174,20.7009859030492,19.783295836065697,17.462475765299914
5110.089858889009,14.508766547266557,36.426158165222446,35.607871881523614
6469.005535226847,21.505682117841445,36.12531942648656,30.594703317337757
4652.896349270591,7.893321078005192,28.05683595618386,39.002915346344025
5568.8292454555285,58.98883070840356,25.22892051505173,-50.0
3993.779032755027,6.603286426414288,31.585800204335317,47.29369699584658
5854.767711442218,4.6330273804305255,22.54438053132334,53.65358837323289
4057.1187255438076,26.994240557056074,26.360943362979633,-4.802161245304637
5716.911605049397,1.1242955678168423,39.130314916128135,66.33557589009888
4022.154136180873,2.0753188032191243,27.121562879066246,50.94944394222612
4803.580355823573,7.379063096681644,36.29525561431114,50.11358133947665
4690.5642602527305,0.6951534226198226,24.58746087911443,56.37037944802477
3355.643008467253,31.79445410600274,25.551853295470615,-10.355514817346387
5035.481234775556,3.425772516093964,35.57208562676965,72.92905838331212
4633.924384792741,1.3899439303944325,34.496466077734205,64.79215228273408
4587.245896269437,4.480013329647608,31.577885483162504,55.57800635019873
5647.410876707249,1.9039208983563836,28.746552376531056,78.10574083602366
4086.4898444395203,15.513690248523655,22.23760510526789,12.694999240070628
3372.2227717848755,1.7750975971519158,35.620083189381596,51.93776990648339
5435.540399372913,10.36827431472352,21.477771811216954,49.28801364646996
3516.1537946166663,5.263355549414488,23.880116993612575,30.619019591008996
4437.940717982531,4.536369857374267,30.145318121084216,43.88811968556073
7425.4845305929775,9.099369028457668,29.9287423915955,80.49303841767656
5238.053142043658,13.00889855624102,30.307655403696746,41.07794557542851
5500.358481815011,16.557338264869554,26.471584860515154,32.289615479868935
5644.481162998146,1.1647900562803941,36.90435572451575,68.05260179809662
5979.051733790388,75.5422397547109,33.12249036646214,-50.0
5873.154555423043,41.21740785920345,23.443307690976955,-7.116241399129636
4745.158114894807,3.8166369225174153,32.6247468230892,54.68225930495685
4792.936404040162,1.5333078028203606,25.943168876996218,57.137797111262984
4797.691788038104,46.47262201614151,33.15571497284944,-20.942175501285817
7198.460181834727,19.866940812075406,23.531843018188944,42.232500753825484
5259.328602752168,3.413370001272849,33.26560126250867,60.9016513133069
5163.567610384151,0.08471731429624141,32.727619611461165,67.66049319109577
4309.767535041023,22.309071063935534,33.70172535588927,15.640238119076583
4741.079894149626,0.6935213082312232,30.936812149179037,59.84148574600302
4307.019832284903,7.811665302373569,38.35923665591371,45.233574857585026
5031.578218346494,45.557990868981115,25.27444576707849,-30.11654699833414
4091.773755562643,3.630198544628109,40.3404017322405,53.864190059895925
3983.4556768447774,13.319443921532741,29.117818317468704,19.852041321535502
6150.8044524360785,1.627444427494475,31.760525830484077,78.86122234051018
4602.407309997847,0.27224966556922237,30.657682305858394,64.48268272916123
1800.161343041878,10.5037537623833,20.746440408749994,9.771208490976303
6350.567197426051,4.620682421613686,27.185564949511683,63.86174300438993
5493.732312807699,1.7383475504111192,28.356982191933763,63.79604083906089
4834.179503478965,1.8753787185107127,24.68760908033081,49.23090592343222
3258.3754545005177,4.099394656824373,25.734309732602775,33.60868101448027
6252.587166506989,6.768403249229412,37.32521390719004,64.69631074774553
5234.195855565844,12.674910637234147,30.634936337314656,31.225064544422636
6623.776232980635,0.5793473573046731,36.96094314513858,77.33229821881004
4814.087739168118,10.139576663785096,34.90737795946668,41.14998226242403
6204.64971196004,1.234149042351917,20.92167664672762,62.59382631258912
6256.942389310134,0.13493502443457733,36.012572678210326,80.53359268371103
5385.382231097928,7.171831475603491,32.92269574989133,59.65886307271249
4431.455098572892,25.22738702509666,30.306749009593023,10.257891882068462
5630.391296671683,0.6414991254667428,36.303981498871664,72.99519195746767
5062.734558395144,2.6613206114967842,23.244716858692165,47.94704033525518
4578.575502183207,14.763597809538751,33.06723237096157,36.08989553652079
5501.5870612749195,19.15520905786088,33.7471344702016,32.434347018098386
6280.369893744821,0.8940325826242025,41.364384791761495,82.02402769843654
4868.168047082959,4.084924018932304,28.750489627985974,47.212127391595594
2342.9393773276724,10.481724138012023,26.996422066826497,17.400235386485424
6949.905764108455,10.50184855678176,28.732107447279002,61.682440867337704
5795.832427827269,4.186811500635219,30.057272078970815,64.20448991571078
4209.282058366743,20.93308920112448,24.470669906632455,5.502758362746049
6007.018982724287,23.58301294921936,31.07811008773324,28.983239982047653
5011.351415078939,10.904078323597341,25.95046310421132,39.0727744262775
5890.267931931634,10.706246987391479,28.63014765312623,44.3505552668662
6770.504619301073,10.948669149543385,29.797050280614577,59.95091513356057
5584.05212693855,6.950374051313169,33.38236693633066,48.92938354961677
4375.368931143754,0.042570930425913395,33.93790279590257,66.479355839113
6183.273394304265,38.01658771287745,31.821776814668848,6.435070118075804
3989.925444254213,13.831466921257874,30.041651967786404,34.16262104593545
5345.899887798111,3.465274223417016,27.286547181649354,71.7600641486815
6052.273918411911,0.33559766165411986,28.027598159675485,76.19581688266126
4600.989658270396,22.420586825353656,35.33745813434059,28.514068749949452
6140.1771772865095,7.289373751514922,32.288846573726154,58.54084721238089
5574.1621253386,8.519775688474008,22.01296301129066,49.629408809082115
4133.572983941384,15.23590467090056,28.21551820298505,28.4184379074424
5772.535126225213,2.3026679579873752,30.706150531287552,57.79393441940072
5870.95333483228,29.34645475679893,36.51498937343179,18.308141972315106
6212.497230226098,3.3465611531023725,33.63919272978561,69.7958246405226
3785.035918943248,13.055174646655034,36.18734398931425,31.19565084749887
3736.507041795495,13.705694977254577,23.95219343943875,14.633952471525996
5549.268235985759,3.216907465586727,24.501896218164752,62.446686833693555
4831.5731926065355,21.26237407351027,32.375432777409245,18.91123686996064
3976.280148790411,2.3503000607082374,25.387185255335602,55.83050269029226
6550.030744191599,18.16946715790491,36.370101532151196,56.57712175454631
5881.290962768508,14.576380433382107,31.464702008064318,42.30269545051226
5654.8810427286135,0.4173154569201879,28.92927563476128,73.4035494051382
5239.44394284926,24.680798906874493,31.619054951142818,23.36342297363978
5546.679463507062,4.078572990094048,26.99208304643461,65.7716492199419
3438.877236613697,6.452860800024649,28.13253679302869,48.12015444518762
5426.229321304808,27.261215960233606,30.600680243419497,13.2748406798984
4233.521408225885,0.6935029434801359,27.774619665321346,61.338384073012804
4744.2367347873815,9.189512564423628,37.14472712248178,45.615392079825675
5289.255613437748,2.8675247985332657,28.797801842733257,57.256792252006214
6904.240193122279,8.859495796889806,27.180433272361377,65.82501480019334
2853.0467405345676,11.523917237482681,33.157217190496226,19.625061703511825
5857.8837770112195,2.7490342271313333,21.969898868018714,53.85152373790432
7002.106525735714,6.769613000382484,28.131296976985215,74.9224161103843
5806.13027908451,3.6821583878314135,26.776733240571396,65.05875364481068
3480.8230087865954,8.446608125626469,18.35444231710368,23.907675744638738
5344.373906093202,1.3716302465235102,26.65118754106131,61.109723678272935
3728.910658038548,25.668135653296346,32.772653471709546,-2.611172595202337
5125.147487842384,3.5500697675215958,29.82759331283999,61.737764259199075
6375.986617763644,0.5018999474959244,33.367739135817914,72.12258017742639
5873.900320170186,6.083517451834863,28.546611951945167,69.37751975275818
5332.808174121804,10.672592405254269,32.48111317953288,49.195557862879156
4536.217142299097,0.3321030271475217,25.70043876100103,58.76077266003696
4804.259520921377,8.184035737888838,37.74928765873669,47.59353530848589
4357.939507154828,12.586659467671268,24.872427069418606,29.775017704257
5460.68332777096,12.706230497838689,29.73981638292783,46.42993328903326
4786.178331644382,5.7470295876209025,24.639560465487158,39.806869526578325
6392.45879821732,0.9327153465058962,28.69872771727459,82.87084040313283
4311.441407974189,27.715403360434525,26.095215068744512,-4.5599070043687835
4054.9372168757973,6.262645012443074,33.748869823610235,47.66552808087856
4952.703624641748,1.8071480975236893,28.19695965635745,59.56855494631673
5359.422753710394,2.115057708533111,38.11260278086668,68.02695890224581
2987.053209560301,37.91581665159579,33.313804557206076,-35.00976403453574
4234.265021562274,13.59556425660865,29.92713162606581,34.69785134052076
6074.7497784462375,11.705321699656926,34.821558220844466,56.67433140524842
3908.748515318255,3.3741526295625586,32.97102809224234,45.64247370154946
4430.974270334202,7.234201715107492,30.46899321071697,49.947213665552965
5012.127641229348,20.575761452398098,27.837105463342997,18.654252773142822
5036.919606835063,5.503261695115393,30.23142129869324,43.99841402170473
4831.55248177995,6.982521888247744,32.05948320145123,49.760743807890236
4326.164927340758,0.40763750022809564,38.83772334480174,66.20645015289881
6104.693170923991,0.47497979735224827,29.94790972264219,72.27416067942298
3418.4050241813266,10.406521891416139,38.20119555764556,35.780988354344245
4461.378049014933,35.487298282683376,24.502605512171968,-14.593757106126478
6471.296957337108,1.8445302159210033,25.229441395520045,74.26780000144034
5289.22432614118,1.147557988098242,21.22109885988599,63.79997462971539
4935.960794497494,26.99260667778202,28.828891753528744,6.367191719572553
7537.273056357805,5.3389618488918416,28.335011542197872,76.17299823169085
5557.211735772999,5.270417775555928,30.94536149981326,55.44999765073638
4663.024367164189,0.17683768427249602,32.316750895938725,65.34698759243908
7113.148227261652,17.74888071187816,34.7789177334014,40.82193134897098
6059.93941326423,10.24411311574333,31.332193982715058,61.03794194826645
6286.62129079554,2.192594452616714,44.06946300400605,84.9639492692553
4609.493908287733,12.417714172130687,31.960815268699026,34.68801313489802
4489.611966112353,52.14393618452596,34.006286385198045,-38.980609489704854
5840.923365219453,9.29868843348414,20.29559077853412,49.36140943652691
5060.461347653714,13.50959888787041,28.088524169764106,36.35610781840439
2522.356263670091,9.185768778415081,31.8400223266748,19.15371274838444
3571.730796923498,9.143530422047863,30.89417893398326,27.99589774304403
4204.356309924531,0.6947481191666455,29.934696183027643,52.01224485859526
4371.364046802828,8.795396976327893,31.793346886969594,41.5513590536895
5130.557406207294,4.1628471449890005,34.92433098954186,67.29383001264178
4912.815400283891,9.353696745999056,34.0564412131247,49.516162221866196
2525.8551595081312,10.211588783442028,34.03861565884302,18.454128447103283
5664.806358238893,9.255087097610494,35.352403513221084,67.59182146415074
4150.717450043159,42.45261599019863,31.447091880842873,-33.03939762026392
5200.568029173465,0.2742073986985708,33.2067341456844,76.78100316612614
4763.760837106963,30.517342914108912,23.84942254246174,-3.0840232556084324
4120.676342544518,28.477738643722603,36.06367096697968,-1.1458686790347148
4604.618319362215,2.163992251423952,25.139454264941307,55.501870912449434
6703.820589961855,8.525968373113148,28.090097702067155,68.03375348368787
5431.984615406595,1.852627666469758,33.50216758354508,76.01853966683566
4286.490239054021,0.011896188540347838,33.81253285370424,53.658235792745465
3731.8588255802783,3.253061849392482,29.866590982449658,43.216018422915326
4908.1401197121695,21.86978241280829,27.014375102675654,22.87792456974819
5025.006031902948,4.431899933261762,34.18720077514879,63.783400677148244
4887.230276650837,11.622061393594613,29.314081443202156,33.83131440856568
7080.650533633405,1.6280876408454767,35.01254180462755,87.83511648194867
3719.980518738149,4.653962486516232,24.262102203788128,42.94280551091566
4757.929230815584,2.3205528276208276,22.91170294157167,51.16625890317362
4453.046855483111,3.2699515367406127,27.41333691657779,49.890037449569185
2294.4067102763793,28.41101600969848,35.15153944121348,-20.513910237341403
5146.823314871638,15.5663666810499,30.667669469151146,37.75445746152077
5512.906324231268,8.710947541983437,35.54295455277999,45.779918329059754
5790.388764321281,22.587923619317543,32.77343309208204,21.699367937400165
6970.641260529667,0.2868471993205747,35.24077356339662,91.95897380098238
4456.173286786992,1.7988384039997671,32.1326496391026,63.237782716417414
4393.218155299982,5.373289513003254,17.53502716747219,42.85358006920493
3874.2463834750806,12.793275761552849,35.76466753043487,34.01610911449487
6898.206005376861,8.77287517043424,25.31695360942594,63.85711937875778
5296.260746483921,9.393977769082948,22.479159822960007,52.50748180015131
4872.548922792156,9.788056430765623,39.15307510869649,44.20537271174852
4852.051491198979,15.70635733033599,25.73698520757469,34.59921138180104
5677.670582085797,0.8553050974184748,30.190261482637567,73.0190711440747
4777.437233417994,0.9129137865740289,21.70810460640309,59.492960801550566
3728.8163536308793,5.2396234778945345,24.23523024603959,33.7044161406992
3287.0006379784963,52.275614577186715,35.04003208164334,-50.0
3537.5341271562193,6.778806172858985,34.68715279356061,37.161600172603706
4812.802611930284,6.213630603546722,29.66574568936013,46.47904478200574
5446.258868840514,6.606746566501311,22.6816962665429,55.28263050594501
4325.196058830195,0.1873864362287922,33.5083644320035,59.0461528153613
3755.0709160914685,1.7276823272576403,26.97858717872359,50.95313129127577
4196.886791797461,0.7176207483250199,41.90269408797597,59.790647646650754
7038.433551550209,11.187378983678153,38.3154146695211,63.21505259777192
4633.081635680017,41.91611573662894,33.000149079602885,-17.240765582600883
5085.840355096184,0.27433903910145824,28.81265154411619,62.30201320905849
5187.857362814192,3.201989979223838,33.83454978163213,59.05297820826318
4603.791252719431,10.195775572866072,24.867937509094617,30.131070871128482
5936.482751005438,14.266640209191683,24.70380743252936,39.428308978819466
6613.317205697944,4.56657878100274,25.678673249066083,74.03579223743623
3341.1455887717375,2.5234261532479634,36.62328350384378,47.81586602101073
4858.750936967287,9.864183660180545,24.750917968313036,38.64705054146049
6045.2831089336105,9.870868778256392,33.86213191282618,61.557733479551764
5176.81505776846,12.844648799248846,25.2466899448452,32.257148025811084
5060.153188073292,12.460242457087762,25.56899305486806,44.18631013077985
4297.745451303151,9.224703406610463,30.1926380885037,41.68310594685703
7090.792868621468,5.1311558636118235,24.060134676378723,72.88992644902181
5088.328274863017,15.42341614729735,23.847974506238486,28.28205490801276
4328.373304752782,9.234755471100577,33.665035525881144,44.00093666977447
5003.687339776836,20.333454937016594,21.53729846494181,15.065619069702727
5831.281636074534,40.221320514411545,28.10339354689611,-8.251691742155764
7777.111068884731,3.0633468189740896,31.979920860426002,90.38614871540587
5205.222221024581,12.301952616299907,31.18170576159552,37.99146504650338
5674.253522651408,4.22699371422768,30.047537525197797,61.00208348587505
5440.304227341855,16.496582098862994,27.09009168545608,29.190995429781225
5005.149940540224,7.3957045141831035,38.207627124799444,58.975954474888056
5713.4883250051535,19.9088054049231,30.23473609564768,37.5604201018006
4545.237836974427,0.5227633952001001,29.638166047227802,58.29578868918985
5945.899073233264,2.345954565276277,35.19974791497275,69.28570312944042
4192.072603152216,19.406741171262453,28.13798395062011,10.663881251324812
5237.7985541113785,5.634337157842956,26.094534538126773,45.40036116700216
4687.2537158244395,20.3464942938438,42.2867137504834,21.660550250433356
6509.660894432382,9.08048106923965,30.71905499225451,73.88533402437899
6121.560117583345,4.34156818883962,30.804911620992044,65.08500489494764
4768.066827386089,1.6371460256291328,24.375027069419385,53.69438018251952
6000.048198645836,21.015394359016703,18.22269587441759,23.344029958204736
4299.250355710828,5.765386811481703,31.24909236251457,53.70284350175134
5246.420933130673,6.8891251524949855,31.168289666297067,55.89353983603093
3508.949018484666,6.527354022899447,33.57288985380229,38.003285849170865
5797.870201049661,0.317241395028193,30.039220976319744,68.6075631814882
3850.51949983348,5.377372382380492,28.228785725375847,43.10247843017168
5104.59302778102,0.6430530969863447,29.85842987347133,59.12926470305158
4791.243523817404,6.561219673951822,29.91435722945281,53.989111065646654
4489.753521322772,24.45851105254843,34.80968088451449,19.427431739288224
6433.793914728829,8.496867192341176,28.06911854158443,55.76792994914184
4319.430738575429,6.2350450053370565,27.90211689741995,44.584219713227824
2298.368713757867,2.9102663176660504,38.11089471169057,30.335806612617652
3741.8060000108426,18.673162919408316,33.99813068835735,15.712511314057945
5246.265509137849,44.9851494036931,33.75881579071781,-19.54452941868383
5114.018634449119,17.244551675639674,29.627103715333988,36.409182488496114
5236.640128092134,6.116842486423785,31.537968876707406,63.93871520459272
4811.487770693447,5.667766953956268,35.15008980507041,54.312088039041654
5036.305116200992,2.6048708281552644,22.319291402964787,52.669129318185846
5864.961690183411,6.426040697814842,21.563713284308477,58.07702781622255
5761.769007264173,12.647804125533009,31.109425668255128,39.33431184793719
3881.7556852984517,2.1612053154665296,26.03919811581781,57.75232724501506
4440.797300642102,4.804651547481139,23.056256259045877,56.16158380648804
4412.747073630305,8.827240371253616,16.9546982877319,29.0299380579932
5395.119634999623,8.95252429833424,20.485907725980447,42.85911956300546
3944.4867665018714,2.234471344129486,35.15353480618749,54.96410197906235
4421.030609219934,18.00320607075436,30.27389696678444,21.020970321246697
5783.542383547628,1.1092670880863096,29.984614629444906,70.73594371309326
3653.7139193796406,0.31483372259899284,28.046304921489583,40.569894670681265
3897.291514118692,28.58014709923045,32.71261992254355,-6.717710987581652
4635.540515331063,3.677969306677855,24.582433087566802,51.669218363320034
5972.751968862586,11.26735259807812,34.21519310376003,51.00859811962694
4470.694397278346,15.463543617783763,29.25027208646958,21.503496332014116
5404.542927141333,9.148974078950324,26.044370817549517,54.44528657407001
5225.368862391152,13.44381269977305,30.859009369531517,39.754474445764586
5622.291901182552,16.534184785102923,30.277439699275828,38.85848757444898
5284.291990249443,4.2323512877583465,26.127003689390943,54.82014876094434
5245.715374225834,6.699716485674296,32.80645485793179,61.43546849263796
5299.0085469654005,0.15720095843877926,28.238181901593027,57.623457845292755
4364.002736659827,13.284441138321998,32.57840895024597,25.662937272041745
4753.232125636283,1.2885584675381956,31.390062452824708,59.206244168578685
5768.200587175555,7.694651823097506,37.06656295084801,58.67936530232669
5514.234768757931,1.2073037593283589,37.93054656253284,73.21147740438694
7838.053096438223,6.150879600965372,38.17922877105634,81.36958955161184
6091.5964874281935,19.512570487299786,30.25889390838031,46.13081964695746
3545.1905971842034,0.3538677444227812,30.054667233231825,47.04642224618236
7394.2656515263625,5.09934631859548,27.653574846741904,71.9824346593532
3120.7127855667686,7.054799827419469,28.665610825158748,29.51758329799809
5997.760399048877,2.103272863651936,19.774170215077262,65.25261633795778
4887.990343484786,11.816574831641539,24.975762957122456,48.058975304560505
4114.497095047087,9.304648663500837,40.23113856155176,42.28986242325827
4500.265052200082,6.495339033634445,33.763814585352485,47.056723960370775
5141.841989735771,5.026972698063483,29.373203921684258,62.93030423785743
4600.5830275595545,13.05272443063364,31.747819410259307,40.41904456120606
5315.120951324501,7.518590796147761,27.52666293282089,47.86669001353861
6283.064451345718,12.291898036761278,35.31928400931967,53.47678555506746
6210.446048594125,40.79155873766873,30.18344486917471,-4.624837418886776
4920.730792795829,7.678883758180575,40.05798248233838,51.26169400000978
3848.4917440115887,13.227238898370254,25.618290672467637,22.703418760293804
5281.565245366164,9.502698214612225,35.326724389505486,53.724016022493096
5539.623119687744,1.1402704550906515,37.56064140036117,71.2665262348234
5191.604576375378,13.485042542307905,29.506153079259676,45.09348455394466
5970.6297582605675,14.596161889421639,30.752082509387634,49.96093321759588
3513.1733882511226,14.328909143976645,26.072540612352693,21.635148838562863
5689.978970594133,13.151513619502136,36.575458561701765,38.07904390838303
2177.0649590556427,15.294276580321299,33.927928569440894,15.358810836621807
4543.102066432089,7.848089778081814,23.040363982350474,43.369993895103924
4076.5271096139736,3.3760447634703676,33.29929164611849,47.83461625368583
5727.558022965721,18.445779360580104,32.19079110459817,31.106683709766752
5106.211821341686,4.269416732458095,28.442495136770138,55.00559709645016
3955.00693173982,8.549054713391644,27.09975704993313,32.62846224067369
5987.391468357144,5.182749776876779,33.30570310139821,61.10837992442233
4263.917837551144,0.31804395989958123,30.20107771470887,55.59328590693987
5990.341323720244,26.244213159739402,29.02626816368381,21.6891898162361
5526.685256124891,4.453939137353398,39.735894942636534,58.40224987672471
5371.3878027136,0.9809953168368504,34.2467339506001,70.70993291121651
3986.080284952689,0.9288595986007269,26.624829824707952,56.43033525261665
6123.632088410816,2.73874493020293,38.885510114794464,72.55802238935546
5477.145229900088,11.225654220203214,20.07207103313109,38.4328083676196
5600.052705140108,24.774713148287674,28.359452659204116,25.507380143428446
4798.291530216642,2.064645697574673,22.993899072392274,54.64445445428792
5252.382493305639,12.151877898640858,34.293967163026906,46.63537449799922
5327.749343481548,7.564394059808311,33.31111817542762,55.24236515314826
4997.801924696006,4.302136236550011,32.625844409722774,56.44229861958571
5085.035195846989,22.675417929773616,34.75548626577562,29.773695227862458
5484.0584773671,31.940643169524407,40.84983837703206,12.833791394379503
4814.241561169552,17.228543960583824,36.53671172433893,30.641825841654406
6090.955209165621,6.260670034805569,25.231494775849182,54.35184417389359
5013.51603199055,5.010066456819835,31.97259149827347,53.50580178480075
6148.32994056333,6.23776576896538,28.245190507439684,62.15038507106869
5420.250226561777,2.4893606345362738,26.689278937476068,62.24494401131746
4684.131926091686,10.586749747633657,24.004377591034434,33.644820603630386
6567.887427980215,2.808299477243682,24.27533061080795,70.25448123133495
3856.85952371572,7.876893799538379,26.95111222268157,34.054208204008916
4859.36595555262,2.4604950069048037,18.213491527705422,49.43020542169661
5963.490222250389,3.1199339606279777,36.23465781059662,62.53970788613411
4848.329271176187,0.5257502020166885,34.64782200941273,63.315406163874606
3910.584471135162,25.97999515114473,30.797551070253615,4.243866061997018
3559.1246574361003,11.654837655689796,27.486286976209055,36.91443298620438
5635.841528947772,4.559752432942447,24.46504712503387,58.20625052220196
5197.082370816057,6.807835511157863,27.684413851113035,56.84955327716626
3989.291495997483,14.912091665842528,28.12878156497258,27.355999318681782
5573.272873054377,19.248475889677618,23.460446457077015,17.36993504001541
2740.706210946944,0.2413130985063451,35.42259745697629,47.087621724581986
6251.029317686793,11.091309824367565,34.71991019075437,54.78018456646081
5290.004650782857,6.842074120244558,24.75057951964196,50.4784513560662
4680.763010485885,5.114358267839396,34.03352100287532,52.81919493274051
4258.224310578289,16.709024770595782,29.034809760327306,27.6113897724035
6032.6323901707265,8.628393808450983,28.78846960116246,47.277802162330474
5319.59676664348,26.48630788825658,31.585242757682174,19.680443392722403
4658.666209116807,12.550070082961035,19.289088429438337,30.668732078625894
4601.507356985787,34.74916936906225,35.737336193076956,3.4897115169771595
5617.722408948914,18.258314062416897,20.229692442122314,25.51126459555208
2725.1720087349854,8.19409330601572,30.579911527439403,19.43016412158532
6387.09081358671,0.020516836886456568,30.873171442754007,74.80570572316613
4455.137166714712,18.376144069708268,31.297071041137887,20.568458182433414
5809.531597643809,12.193720468102576,29.589416262119894,41.3047249525695
4131.849028213999,0.01816561105596098,33.94149225550192,58.970281057374606
5722.47266400794,8.706006819265559,30.08086990187797,45.8173253326852
5755.310417001161,12.735384058357798,36.655357315625054,52.86580062818317
4950.249763230908,7.893683262965285,33.0823014870937,53.15173665488091
5523.223152772282,33.66757291112249,28.562518790828033,-6.801401566723655
4810.395582252819,11.275104407159912,28.20949252776947,49.91863739679778
5807.969407091113,2.439179895016663,32.60051934890786,64.8237995048175
5044.677448547907,5.33501119540691,38.07247672117225,52.672097406731844
3304.114054329977,15.782230446344334,33.191319394917244,21.2010505670364
4601.90637968257,8.026719253528213,22.089921340702947,33.28393933610545
5562.326053718088,11.76618251352765,34.4995683821186,44.59711619587949
5563.076494686264,2.724876586011889,32.8678887944864,61.724871040381096
5479.540634200455,1.864462577263194,27.413963124857236,64.93112180498652
6308.086339566598,22.192749078264093,24.42843510089186,35.07495365539298
4274.530450485768,5.789921856064936,34.26721823116624,48.360737507743316
3773.4677200003425,6.818358856107744,32.03331271534169,41.961972196865375
5499.211653154888,17.945746697115524,31.343873887176443,40.88910698055368
5327.324949020198,5.171556619242626,33.06579761960975,51.96769893262813
6108.052421328744,9.872794682387768,22.144634549884255,51.74696772957078
3561.72127351587,2.058210289207793,27.80458857538711,42.77995019171365
3135.996969621913,16.166180377508283,30.356783402061975,15.937310255652243
5804.5145339778555,8.603841546351479,31.330347297278912,65.85442138037837
4893.197461032572,25.584814449406412,33.41334012137334,7.605876920504377
6335.1161049332495,9.200545581983304,41.632881627643386,64.51331787188543
5067.64814254586,4.327731085441027,29.643310206540185,56.78659453845775
5069.355115890325,1.8187687370061547,28.06343273135553,61.85770678142362
5289.843998087319,12.286395240309169,33.912015109760716,38.013868221697166
4580.245502909062,17.523967248509855,29.597959647909565,23.46296817870584
4838.027716318767,12.049166217916413,18.453164019251986,22.32691817311945
5242.1150568606545,18.40122348724231,27.758025339126554,31.71056138646705
3883.188388478172,2.979465642891368,31.044881861053174,48.53022757612831
5187.030166871507,16.13849521745403,35.850540088658065,40.43276986337299
5398.0059408832385,38.85194436915011,36.13761434680767,1.03999688353142
3871.4152634206725,13.018850587959216,36.55149123209793,31.59879266280472
4907.581091799882,15.447673723992068,31.31146545332375,31.03863403033963
3904.4457401380614,0.884161553383923,30.020144514116662,51.325180256842316
5444.350555959805,18.05037257169726,29.45903709842672,38.60088202060195
5959.367223859487,1.6853886506138354,29.01981973348925,69.05947679573259
4080.838368260656,5.112688275162003,35.95199238184597,51.09662792258611
4513.615090783385,4.962423992741813,29.13054182650056,47.4642405237054
5704.113106798673,14.450214384546896,34.629143292082986,45.98139218170257
5877.227602678097,8.066650234653363,33.17702511872759,56.1590952615323
4660.051424863707,4.369544679207726,30.97355225769265,61.42830174727621
4527.425576781372,27.093228142025886,29.486498967506716,3.857808935658559
6109.428068831494,4.585188229119762,27.74360518869775,58.35767876053415
5714.645833310036,3.4197304569016995,37.984769979685915,71.45828933668115
4327.578314368966,4.231533877156289,31.417298017519787,46.92021862810388
5584.46778227634,23.8214698892638,38.996714192655126,26.84423795471602
4673.565416072039,4.254883095711207,39.36588678820826,52.54614913448329
5224.466570472345,12.362235251893395,41.539704179125366,48.78037138006987
5676.0523042040195,10.164609578108625,30.08463143330861,53.90397393875181
4729.793644417371,6.532061797194164,38.12116624583359,57.84611019233207
4698.79620118367,6.176403187244875,27.35496643442346,52.64169033902068
5959.775176462351,28.34367834013804,28.68113372493603,15.68502986952299
5717.592137322732,10.696160665909218,35.96585012026802,52.51437238783477
3874.5012860887755,4.192450671296085,34.25771853709211,47.293284972651776
5387.922154787497,0.6287029584930239,25.26251607403422,63.71127476495695
4271.82661376214,9.16070586810957,26.20024995685649,32.708502537216766
4595.025291102185,5.97394149985071,29.18121272585921,45.07746831513845
5101.4583117647535,2.370141163138155,20.083107549796434,49.27678518925803
5647.526691526763,20.58215121040787,25.764092277186556,24.103205952113356
4313.005353022889,39.83436380131946,35.43051054575879,-15.057675845192705
4141.660139858051,23.63724594663872,18.23193311858397,8.82225384718684
5448.045948148413,11.388680081372192,34.05408480355022,49.73345209566661
5151.902295859158,2.8645752145647867,32.81103393574011,62.519307484145756
5048.973696031763,0.7821695946432722,21.594430337986047,70.89795342034195
5028.643869660909,0.3472106621398411,32.25127080707459,55.27873714469801
6772.324954417491,5.992007395612454,34.59482192048354,74.77384394923116
4636.929710103801,7.050878420176049,35.62385269187784,45.95824906012365
5880.381402188016,4.32335075025715,26.398470565303988,69.4713688239097
4305.271695353177,7.93216297715507,26.22398243124048,36.39325086060193
6484.352181155775,7.083510576235779,32.22763916665075,65.54631768962585
5943.948094766241,11.046234058152088,31.94720940230997,54.266333899511814
5588.208854652452,8.652884450537814,26.792627971751266,52.32272840363331
5841.398031457974,7.676004028154958,33.81690883021461,60.80755438921277
5827.138895711394,11.29390253077342,31.184485942766983,48.281816544703744
7179.172988375394,7.34889491671038,42.618072880602014,75.38819888557575
5817.885673866781,8.663285356442467,26.117318257641266,51.93954117124939
5536.276401943245,38.222184320464606,22.16390090054471,-3.0348170143025914
5199.906773058374,0.6930717649578643,36.87311185348035,68.63749110426467
5131.671492349336,12.99294868752284,28.523107182550117,43.13699629778563
5348.39540668438,23.91583141659083,28.303235444877426,28.68758551163293
4995.247954994049,5.539197353921504,34.25327915645905,56.3615183435489
3884.881167567062,3.955587733612067,23.718560279984295,41.17669103894165
5296.440005885278,3.645381667595442,29.701631149549442,59.21549104644059
5459.895187937115,2.426134861344848,32.498632597092595,65.79274012464869
5683.596813008874,2.986800758377239,19.98580345419054,56.17090296638368
5423.537731736162,24.11252067730985,34.35308114760161,17.948829131643034
6456.903985891148,5.330781991541585,28.54170668589574,66.65532151375565
4579.876123011027,0.8742280831152539,34.63120592800303,56.64610444866952
6056.609920969939,2.349794446035106,25.217790693754267,69.10630859568836
5214.1008406828205,13.980916036949404,32.84649723020906,39.181185081547
5062.604610775761,10.695911803079472,23.42108120363834,48.249327330809486
4556.601708330701,9.636901797522295,32.17367412178194,35.83455656310208
4017.799356351976,0.3038323272167721,26.74776656499369,59.796177559599705
4215.176888034284,7.682668132497072,28.270652369783793,45.48135857922078
4973.132305598784,3.033508042939098,27.72715241578626,50.33750998704509
5394.956602270188,17.579735702864866,32.57664167926274,25.809508899535082
6329.0747815604755,2.7773426734463067,34.41919746600405,70.11559611343034
4852.0158279331745,13.255007286472875,29.23080231537321,33.328041664864024
4249.559993280827,8.821891039226223,24.997000629405807,38.287181218246054
4218.555587274588,2.2885740402580494,26.171148059943242,57.03511570281384
4463.40879066947,1.6899586901874974,32.03891370335081,47.49427198840919
4995.5962690628385,9.383007802087203,27.25482037429344,36.787689012101254
4701.9467072552425,0.14126675177305306,18.079539337748876,46.620566950458766
4578.1756270734395,11.990807794257135,26.064716932804256,29.238064046700202
3435.2178636586427,0.43225745112969993,30.478484197856545,45.26895999713533
5382.627538119493,14.403848256969304,21.97829626608955,41.5981049659345
5462.033360032373,0.36560169116155006,28.757584286169354,73.00399818984828
4538.995935365221,44.25081227337617,28.327194815717448,-31.898211463885897
6480.811259677834,10.54792527075312,30.18741931398176,56.982131686226076
5116.602359846292,13.498391194498353,25.688588975245885,41.122304772208615
6466.777404598723,14.77257029605499,37.680356319892326,56.13116518629205
5584.27348429686,7.638754994543215,32.017702751439586,60.595151297991315
5818.563209020942,4.694638654578005,38.531817563865026,71.51082379001119
4981.611525398924,4.6171739476479585,21.35052046677057,48.4192472017819
5046.211869472633,2.6761187135159448,23.471258938856973,53.80616858597681
5102.633377209366,8.784915830339926,37.72033465142963,57.32010468795074
2820.2308108158404,4.224900993321336,28.32078407061694,38.41236394916182
3476.9231329527784,0.6933569429308826,30.85888085341964,45.56243728640742
3951.415902556557,7.477456651419718,30.04648553302138,43.80734716377842
4186.182090339116,2.8500624492397018,36.18206365045371,54.11918569423689
4777.277652470645,32.531676784570614,31.567046699163864,2.3493054453825915
6203.8620528221445,26.122262340784758,25.946847935067733,26.597186675691717
5892.1747183338075,18.059834795036856,28.700121937092206,36.16836554352766
3497.552552441547,2.848363652645692,31.989108063430667,47.44504226244908
4201.786939166685,3.799142594356799,31.939166027949902,52.38515532988598
6198.373009683892,0.08421425043391545,28.068685722653147,72.54563080360626
4586.100677094944,1.4391305353619177,35.75148284011109,64.22463521585263
4177.611295348281,0.5479417772118662,34.02888004458107,49.0218496672121
4036.621677035402,29.21798311398203,29.871218274798068,1.7873456642107577
5178.659960942535,10.376167209980142,19.07489558707389,42.29725937172305
5179.051516348784,2.3036753339256504,37.24692070299212,69.86383408373149
6306.970197477741,0.6246890819050349,33.043708011464496,77.51824529666807
4720.53942681943,4.591268944611965,26.978332235100353,54.30913559163885
3228.511097082149,0.4103488458068136,28.77797650734297,52.73934042463435
6499.43397791137,6.339892873384171,20.032126361866517,65.70797638837242
5510.170587775406,4.857319659850395,32.700827895469324,62.40913509206519
5090.9815769024035,0.8391040332834776,26.2050561937792,61.257282303726285
4123.887647742577,6.5275070526195655,26.46601834106414,36.36594094253998
5844.112307771734,4.463788264678257,27.94921103419478,63.75574665725948
4522.376413723364,25.718941036631616,29.583672441389787,13.846404482845603
6533.871693415093,10.89896840549277,37.417972399823995,57.96860914381186
5901.313036924684,27.116330895040186,21.618346407771902,12.83452043614899
5118.596367029363,2.3881700801153674,23.387660418782033,64.83142590961448
4268.485325573606,0.3790703754088621,23.278253237124193,51.609835283899905
4937.713909350004,13.692913808892593,25.710281019812435,32.439098692748985
5182.179930354963,1.284128460313417,18.2523558350261,67.81490585407798
6772.885695361327,4.424028651319569,43.367151147500046,74.22887868409933
7349.651573672597,2.668193177595205,29.78055914007862,69.29029309525143
5661.115879177832,8.931459658276202,26.061565471846457,52.173352956642404
3607.8598071636115,5.496121262256373,39.034969229350914,41.750348260194606
4701.798784080041,21.955126460536206,24.964019439986075,19.072295277292536
5197.352240049539,1.754314604061469,21.65813459976394,60.00109554683684
3612.3928129421984,13.648336696971445,32.89120419860174,24.720725077591563
5703.41439499286,0.2259104839417499,32.66962633088687,75.26672506236315
5043.549085955346,24.61004971137043,26.197906909052595,6.302864318319381
5013.329895827944,13.954197396105494,34.91969180759004,34.95230680649798
4259.048333436213,28.114683709171132,19.68253192931276,-10.580716314691589
2990.7967666669238,5.970176290188524,35.19092029687542,35.707427840230345
5230.131682489759,15.353035279520132,30.857616272889327,30.692320984331893
6122.641021601843,4.639222876543228,35.99034754154391,68.50821870197447
6222.378025772414,2.4192083723504316,28.63242265313955,66.70316208783537
4817.686050980513,16.81793626492768,24.580888682018,24.75078589091621
5966.109427733405,15.904467474301496,22.892794756435993,36.990353179729674
4532.98222231342,0.6754708639618746,25.209073278708964,56.08323193138557
4896.575046947446,20.523498529440726,29.6675956292737,30.533756450204383
3926.5834988339466,13.388564220739948,34.31409694303741,20.625758516973324
4109.930423293198,1.1270928742514579,32.57279292619386,44.376692062760696
5486.578095654425,20.00719858500803,35.614589715780674,36.05258123739972
4670.524899674802,5.820078217539032,22.322078460290697,35.352141964846886
3901.3366607251155,4.3810610105672545,32.21363581202729,48.641770197225725
3332.449226093563,2.4051529685764694,33.93081425611119,48.89219526477211
4309.5494342089405,5.19589177730451,31.62751079371015,42.977574638792625
3212.6717963037304,6.2690460413782,41.5000307136945,42.923751175074294
5132.178341791519,3.503691496676526,28.191024695808146,42.67749112431618
4301.686362508424,21.377865298971198,26.363910081139053,9.009033832149726
5338.932590112385,26.088377480903336,31.511599676537813,18.07326062855994
5585.301609646863,0.597957821853337,36.518814668012084,62.51654052007356
4870.678633013932,1.674048528011931,33.3501943853075,64.20796065739094
4282.302261449793,24.617694808026116,37.043601679127896,15.807810123052949
5248.715960254549,40.589244454679175,29.159280500386796,-20.173398869205766
6470.242326961066,7.182563057548329,23.63700602601284,70.13663865564014
4606.605103953283,18.391775286656056,28.669875726273343,23.761938913467205
4872.954253631013,0.05928462324186305,25.805064786135194,68.19044015996106
7012.419070747565,3.2413617067528406,26.78444049869116,70.42141227989597
4400.062311446007,2.624766922168857,30.43530976526206,46.7560534995231
5173.825306713252,2.7423510894346244,31.773972836751565,69.74602983784578
4346.699835669328,21.337098549347818,39.181995052810535,20.462136054253033
5894.9202293072685,6.886432675694099,24.965530636915403,54.96172084873944
5572.943470861571,6.147252771050971,37.22500848660771,66.80480718893732
5901.393865702787,5.655523328074352,30.263507637753282,65.77937176956324
4189.274201787513,10.427086798231201,21.838939728342588,33.1523445956091
3626.802707888298,7.542989720022991,32.25347769054998,26.51803334383716
5529.734065077106,0.7583664120995428,43.51557907309035,76.9190681909438
4567.975758208372,2.849161910871187,28.447863596423403,56.19670807226363
6433.786476346197,4.662007018922786,27.760573265482826,69.17735512021324
2246.1417782694216,10.473507971137606,35.17129382072831,14.458433738781986
5560.882053519676,11.263663123300612,29.660549541239575,44.27560215575995
7143.431417137347,17.384601583717988,38.56897540757181,53.759192279398015
5159.0028538307015,10.060957187187718,38.582586239121106,49.82952103501896
5971.426932034967,25.037730744006574,31.696150881517255,27.468479186148727
3494.032663584833,0.6590018123024666,26.93165620367909,46.464277083009435
4598.71349168644,1.4725728390325121,29.85869572334355,63.69133362046336
6305.878878618055,9.393881872959184,35.31835511819102,53.502356716635106
5286.487169612769,2.5337064195871637,32.78854801322621,70.54268601197879
5516.833248375864,4.066735593667537,29.659449435574682,64.68574263295052
4862.435516724178,12.577690563344339,30.09579856951387,34.05318405646144
4045.0409236924247,4.626264620670073,26.816290786460808,49.31333051175817
6299.745959824853,3.7774907288526465,30.749803571115084,62.61495521891666
4691.142896385773,1.431878912671024,14.45825269233503,43.36659882212239
4393.606989380439,5.493200853908389,30.26968387739835,51.879743839215855
6473.048320728073,0.01949995077431006,29.59478505019213,77.50890814853238
5243.769787057006,0.09651100032958342,32.942168557050785,63.54760106536135
3495.311410737334,13.314945379275283,28.580226969463652,18.72082535785721
4158.341113914343,15.642313795854095,31.747285083902728,22.20676511017406
5135.587270533754,12.378369096549754,35.51637228139956,48.77229281131248
4205.450403651617,0.27657119236626715,30.72538268244189,48.91130304871599
6974.8459670139855,2.626308777301478,28.01496384697637,74.46497660169221
6047.922295886621,33.19398449330658,14.940117922128985,4.236944920999515
4492.695073338698,6.933011895726153,27.397135849411853,46.702753044268306
5553.082573380968,13.0029558712536,33.391913424758,55.912577142842025
6645.972934438792,10.645992619445224,20.35936996121646,60.411630385101795
5878.507589819472,5.869673486477186,29.23280822101077,62.120786175410885
5949.794396505269,19.962879324638415,25.85293834178713,36.41011940476742
3382.858685114928,10.66698616725663,31.819618273606885,24.50421486084548
6768.496159327795,15.905754458156167,27.751722188895634,50.16471817547513
4828.920500100369,38.784046667935065,25.01671195896804,-13.018975171860175
3486.013636425891,2.219222958921749,36.868721876655705,52.2002093956866
5860.829745436315,3.143365640760314,29.971925838284807,66.65269646406196
3546.7607927695226,12.549570900616853,22.302693440444465,19.027762595006898
4206.957408993904,9.861336148602728,38.01316262292829,29.202702258331193
3722.9962923116846,4.699137260128927,38.41873080598664,44.99760599219307
7113.7011859068125,8.940998677003279,18.449995029981423,56.53675556852162
4476.1281387570125,2.8178515316953314,27.50580417455512,49.67538572959078
3508.6101135514486,1.475205930484067,27.2511709984729,41.94369302778783
3741.7383620551427,7.137891508795018,34.24787154797275,37.204544626805735
5372.465497969506,8.822889228355855,31.28365028948616,53.461611119435815
5451.406056113758,6.537965602893268,33.86035721092076,56.728595954209226
4848.756584829136,5.732701496989709,27.3951368687097,49.35279714603596
5604.672587063791,1.1988285143447128,28.00942694176431,61.98157523453678
4080.915677721553,3.4802459916948165,24.05817703689489,51.96335438417363
3629.5693170590794,1.2230195509390949,29.542194909642603,47.24799241617678
5330.530256292025,9.295306235383595,23.002556023170822,46.85121744931938
3163.8321045435005,24.037939027299124,19.062365124063525,5.285612534156124
4152.919604176258,27.05596578766776,15.184034446826836,-6.640114578106581
5207.007931132334,0.9319964354254195,32.796061646737165,54.65875147185106
6567.901049164938,4.111004715552459,36.1549951419188,69.50433156006524
5717.885658136088,4.891662701319697,26.273433038943914,59.38250115609508
4603.165972338661,9.025377463659856,32.47407702011233,49.061613454938794
4085.69835023145,1.3274707308409763,32.003323202919766,50.07307231348223
5485.731158442942,57.71885747638392,35.60904480509414,-37.716231987163
4565.07103525085,22.675549800860747,28.044221071193387,21.947263709990484
6004.232868183508,39.24718867915107,33.90522531561882,-5.199443545341055
3040.6617525210017,74.2175371146154,33.5071546438011,-50.0
5037.511032571295,7.914626127647475,40.89272373868275,57.99069596072942
6049.969506498774,3.3418493388182453,26.711900569141303,78.89527687841225
4999.78355807744,17.984333791920346,25.500677494033603,26.645794875237325
4894.477765674024,3.3647852123793736,27.23824904798015,55.53840547942937
4044.758897150598,18.56316544655627,24.915141364017387,28.772552274795252
4587.464743265473,11.160865387644565,33.548723082271316,41.632497663106356
4761.354509271858,0.3105852046277757,31.141244213611817,62.77766083307792
4918.712251004388,3.8659241219265477,28.81404966148897,48.150228506836136
4892.3836455165065,0.15698789331887456,24.589240870936546,65.7310452736658
4599.690299944014,20.91708923729835,23.66126190925001,7.8703646206083455
3454.39300471813,9.054116643930998,36.06495265608973,32.98555157476342
6315.048491444262,24.721599775846038,29.921721231963254,32.986259944267395
6306.734786176201,18.933224406760182,26.73800165176969,37.92350258120843
4801.777237910257,10.122434206076502,33.8877430044497,47.65315936853149
4423.389571783552,3.0288522226540393,33.40642700226847,52.52728727724611
5431.222554268384,1.1867069071288519,32.81323146212161,69.53182531359323
3598.4880210111965,18.425733529997956,32.62376722093266,17.899118867226914
4670.130652629746,0.9715134004699248,26.18694915800544,58.787503055264196
4619.899425862526,0.9402979022881468,30.144128010038862,54.788731233545946
4168.295474607756,4.1737513999939,25.440658221716212,42.870528469351065
4739.653173222754,5.780226126420374,31.144847296196257,54.84093237731452
2837.084854713974,16.57009614431557,30.076407775420602,6.303150096560268
3860.6366034669963,8.726405313043582,25.5170264114974,39.0545543810529
4080.919189857965,14.342248897232166,33.81124699943696,28.50385166058517
4213.1245176248085,8.857971644131474,29.12756415988958,41.95975427859581
7004.309871985754,22.14540531703722,24.224351158059907,46.20299834618069
5649.330570480866,5.774685518190096,36.584124926713216,62.37579373072191
3642.7060971433048,0.9777646131997555,33.54850979365031,46.45918325831573
5842.786983976037,3.6952612155080624,38.797506968041354,75.83622129382948
4663.74380793691,18.184139742713377,27.866213115506714,26.485986690935036
3907.46644433817,4.49857941309456,30.545949414684863,49.27498193481609
5449.993345552228,4.891818789106216,30.43227023457815,69.14463937820759
5588.410170458471,8.583478410439096,30.74749163838235,53.85164781536722
5477.440374869566,0.19263297006666424,26.783262589718426,58.77326703657319
5805.535700461413,1.699257108781125,34.51155342514957,67.34657906295269
4752.80641505203,1.9187360040773902,23.207699126018696,48.490011757002414
6104.7166106644145,9.551332103303526,30.30001905927524,60.49060552953295
5867.266034606538,13.369671469654225,27.585435109972753,50.738877082209164
4846.452789277984,6.545338983016524,26.041045035504226,45.07180674643138
6685.600434927514,0.9717978798014936,26.929079724808165,75.55241538052304
4817.112404504772,9.928620260460786,29.49195099678877,36.39316984157989
4191.984658678536,41.52084124774909,38.48824172191609,-23.985269620924107
3749.498563378614,4.369793817057504,33.240679345849145,46.737918699019126
5938.154997466321,3.58300709890655,26.539010855224834,74.89002575254867
4517.107802450604,3.589973312055644,33.53361745553936,49.48504146251085
6857.362687393939,2.1836823377165766,30.665502716704594,80.8889563501753
5634.343250140644,23.225019308644498,32.86079602568722,29.329444327773356
4793.310451880213,4.027010227350517,29.11622559461135,54.751525298175814
4958.196391480092,25.73044027973691,29.839892606873743,17.38673132089309
4869.610263031981,0.18357974457212467,36.86310385384097,70.95332175298911
5946.828222547783,1.825661336886348,27.619293647410615,64.16242646135105
3757.5396757644035,16.247447839194198,25.352112679143573,7.577475922537994
4317.091496374026,18.222826937833375,29.286752591451027,19.90698884398139
5419.804684607809,4.8482967407909205,29.699194624126797,52.264652574700904
7119.8102150844625,4.6551030542225105,36.548795711848726,83.78547797695418
4787.425589844544,22.194604054023696,26.86829634185983,22.39676409255408
5854.491754217574,8.708747773302251,45.21044501788294,67.39603890303123
6615.914688784388,4.3503294924211,25.917775348759555,71.23759575212394
5626.006374684739,2.5502758137179065,32.93798549039547,75.31816248569136
6319.32072522572,13.050291236070745,30.290969524955706,57.114877576308395
6199.077902227167,0.9583562689336156,28.32043328621782,72.32564303210034
4105.346269447592,0.6231863598384744,31.4497012595382,63.409345033993866
4599.242702832864,2.4348011016663698,29.022145629594835,63.65100758766329
5418.071304542358,6.582309820374055,30.331167253912312,60.439745294578046
4443.670739063781,0.42342096300582766,36.76854592090681,68.81130156916976
4651.202627430221,5.091205837974924,25.87170075555711,56.0182316428086
6025.740292088965,19.752902603972263,21.603893223550312,34.87014372438382
4290.090203973429,5.172614135778703,36.49555582381724,44.786552269153006
5483.863539672119,8.216040791626499,24.042961414652588,50.18118296837983
7552.479504287694,13.726399377106905,27.587206910130742,64.52751138315126
5311.115239242314,7.622465524972193,27.439516171778006,52.971955259672015
4960.2152879419045,44.877694284909154,36.15778514677568,-21.528237632844228
4498.230824911271,3.6148874339491552,27.42318530378512,57.96511590513009
2439.800257195373,21.72038471469959,34.91790100672366,-0.4122264644914768
3246.58607669267,0.6799125672539414,32.227482533673495,50.199770708218296
5861.552921046439,27.50137134718325,29.67790990632236,7.0796728740874215
4396.890470235192,18.242907695663586,19.432176352122415,12.297495440054176
5061.409745831942,6.270769179616361,33.307096392644794,58.892056347175696
4201.205548908935,0.9031503600560532,33.15545636899576,55.45903284585556
4724.778867110738,4.508501041608629,24.754288925279432,57.020723356268256
5769.889567716109,12.523254255994697,19.8211602626939,41.76123513385791
5110.554720185484,16.81296990525794,29.850968334182195,36.12474779096112
5943.36654523955,16.40895569930654,21.787805499983676,38.08221395791683
2466.8266024686554,11.823382337203228,35.61978884641019,14.811351604043292
5793.492661029075,9.297575478364678,34.57997447992254,46.15634386512228
5755.850253537457,7.190786063491441,26.591022449520516,66.15644034374012
4672.218383385958,2.2362472678276264,30.007137271020532,54.7469779265467
5828.2488447238775,0.3693948951056667,24.644116699483888,70.56156765686366
5084.599774237808,19.74750538165496,24.28614035496581,26.44043750836181
3989.7825193310255,6.001299947795209,21.577387514984693,23.779156010763167
3559.1648773422476,6.984603153648148,27.113536443009444,30.41343630561668
5589.933230238057,3.312284029064891,26.315844873542268,61.304282889822005
6072.226277209146,25.841065619695172,39.115372919833945,28.762518962717202
5042.381530541054,16.0358160303598,18.888777229014615,23.66949739504443
4456.559509199295,6.594936339892809,33.9286841821793,48.5931568815738
5200.6530009603275,13.047299052090153,26.02422768826683,37.93118533427961
5164.217487470639,13.936592709018443,26.81251591502684,34.072982894792034
5038.387814117947,9.798836090169974,31.027751898129225,50.788711087618395
6246.5985685467485,2.105005443615412,30.870131139566364,79.29244759935271
5469.936119015808,14.699488942149957,29.292476261180997,33.13438248869993
6870.355885270406,0.22064350907567315,20.75698501311846,79.63891351788105
6559.652732573602,13.179780513862037,25.059983284269816,56.539878172231866
4145.657166156557,2.3343409443962084,18.144266619641822,48.5497151017935
5139.071816712737,10.34748481313746,29.65895637396759,37.40141399239323
3978.2740623599784,0.2344133123771526,39.38131442419129,50.198310446985126
6971.42061871685,10.568290721303157,24.994822283766613,56.855786306022296
5003.139148772001,5.547743691687945,35.38871286531087,48.55402154219319
5271.600700353973,19.117602867343052,31.746636895047335,41.862421355582704
4598.6949614939695,3.7298587534148826,24.173372060295303,44.346298878179674
4008.0206700289355,6.066629169354617,30.52475389504846,46.10891765601928
6500.565328777046,0.9994811468245082,33.50309905149708,82.62256780241177
5553.6447110233985,4.916281267245931,27.231433271567727,73.60279648236141
4296.020715961325,6.319097059405458,27.415911286791243,45.22727879328887
3732.816585715465,5.209139232436063,32.59801876668406,39.74350135613935
4333.395466678272,9.426828366526367,25.96430637201743,32.128772648996254
3704.5583904161167,36.205566178119774,31.131216543628607,-26.69026595498388
5129.108245318443,5.934706836028699,39.73788552041385,59.529988038473114
5275.606905176048,1.9521583513580643,32.43468742274164,60.426892449526235
5500.7687643742,3.3248915400819956,36.77582371934721,59.75869669470855
5301.749445315721,1.2791586022028258,24.926675854764625,54.16743470368455
5137.032005844908,7.902979697865375,35.508860114897246,58.189377927258484
2722.7214282217146,6.832294816165704,38.13712363533094,41.881834338362715
5261.828722783622,4.9715123970652355,26.05734212051137,55.67456742910152
6031.023977037614,27.004646266353607,19.74470820946975,14.028612470557327
5652.501570443703,6.831711728099529,39.28444901175922,63.76016250652053
4617.589973316793,0.8425513972777283,34.15029084231362,58.21144984902205
5255.456628520799,3.5038812349340374,36.76372363307582,66.21952803100363
5618.391072597493,5.211296289549442,32.03895631692849,62.339432878273094
5481.294749087474,2.0783054130529437,28.035045692625516,60.743699114475596
4241.586065151126,12.747393416381513,31.73666082174444,34.247092416493125
4833.981684895774,7.424293373612655,29.239484476935516,51.32505878332738
4379.818123469511,3.434135031832766,29.804277370116314,48.319083338991575
5265.045559065224,28.901610449141867,30.47244516134633,8.442895215114667
3417.627856657359,9.535826896063057,27.700450078876578,37.89117499981178
3710.035913145174,1.4171653120097703,24.732437598315283,37.719965208573925
5126.74168695159,4.695281506008378,25.984517142244076,51.99308975600734
5358.778930346202,8.002384631713259,16.70366669668114,39.55000273816971
4333.550703364084,14.391809031437093,28.80245232931083,32.693719196547036
6052.669423977167,5.039494725679033,33.494026853531224,63.619008417037136
5994.258041126048,0.24545050664081383,27.528772271683454,73.15091897760877
3899.881122934382,4.305533765978695,34.64289641412924,43.3651603756536
5495.094923429882,0.8795969746418976,27.573925428598795,73.41840249637553
4729.849806409145,3.540438419116794,35.91329986864366,56.542792727221304
5055.154246120779,4.053846905798698,24.149077098084366,48.8639661458391
5265.94324724148,12.425074278099373,30.98958073621885,42.413655928466206
4690.066511074299,24.58582026583298,28.09871556345329,7.7933983916003235
4726.587942288512,15.605027651236067,33.28836187553148,35.86073016064592
5663.465752365528,4.7005655148858585,34.181779654976175,74.21245185294359
6543.912806224281,14.003928701947475,29.00397010814165,44.428049176179776
6448.8454248653625,11.7100749394762,27.985011477900994,59.74286607446087
6274.2319686661285,0.6359800424138216,25.01649861001171,64.60081114244375
4980.394458579262,12.83831523451216,31.179255167444868,37.885376378422954
4521.688895731331,5.045806521902082,25.019427481610403,43.6724227913063
4736.258672067291,13.892131959342422,27.89828695931785,34.24726165933097
4919.399325696482,8.49706429816932,30.862232479622417,42.58342895797841
5173.626307962672,1.061560368171929,30.642168787206497,54.41756038079062
4585.678227304135,0.3709891710008866,32.053386974452856,64.83706504026127
6222.245840311962,11.931659046643839,24.690891513642026,46.11073070277579
4304.808530323984,9.900055158221177,20.796017596983436,28.318923685011914
5349.372853157505,5.025593555659902,22.670033083326423,52.952546921376594
4377.265272199185,8.291816266830551,31.167853078605617,42.82202975324009
5113.641789327239,5.197294057595365,29.1055564779944,57.458772973650404
5278.578588126771,8.928975343034631,21.816382492399004,56.092862492277
4397.341803242919,7.246963631634422,22.133967349316364,41.929323430448505
4617.676784851452,1.32539863994951,35.40450150760007,59.168814116755875
4582.684461691046,9.017787726982453,33.929164811471885,47.01669253383935
5773.167077926973,11.403507830671733,27.637341903727,51.56650892730811
4218.364964352136,7.494735711313062,27.19053177051713,42.681058173110365
4583.2619697772725,1.9967909343880816,31.65874604539445,53.18447531194383
5257.073958543017,5.356762811322385,24.658525185304825,53.76916193277355
3195.093842723541,3.9146889827398175,16.919513178149693,34.79919131546654
4601.980370480186,8.916881133740626,32.36909957978835,35.71860249663469
3794.1808762176265,22.174727128335125,24.75534436928375,9.765420015383203
5566.065125548301,7.470979157979808,24.704033279152906,57.457439030274784
4896.246550104081,2.2370858444324786,26.25678862674111,59.165091098278175
4635.977008418097,2.3696378439434143,40.285889636315176,63.45360212038755
6740.943340146572,0.4832471818462042,23.249275046436487,77.53719085073355
6643.626338687404,1.9226055023352726,31.085488421203188,81.64751341762323
6222.68684797947,12.602202220227891,34.19598809581826,52.91479281050556
4326.849237240577,9.881035891965455,31.725885716398423,29.46201498999499
4990.977899858905,2.6030935086590152,25.63684892281589,57.30938998331964
3910.1502456934713,11.049668435235747,25.986860899820254,36.264079856516794
5152.796517387986,2.563459084201787,29.62920905664876,61.15042393190412
4862.994904887991,7.250649667294189,25.73408484706028,44.500244989588914
3716.5922135841706,7.250828122927669,37.25454034585445,43.26986647727719
2671.4379751770703,2.7317621147236837,44.265307161132924,48.666466793598026
4400.953482902164,0.7192654947888634,30.73023649917993,53.31082817372533
5684.430241070377,13.114436512430956,32.55230753435575,52.16784932990585
3948.5578889719986,3.6491241619030945,27.577849423874365,39.28427173219555
3683.2545634655708,5.910587691876785,26.29675583716136,50.52000640963635
4579.328236196214,3.2812173463108167,32.783793029453506,57.26552408065561
4780.322181958687,2.097025823402616,34.33892756768943,62.57581740892097
4614.212388307328,2.045700573742674,31.72375192611822,62.871390404620236
4697.237023770759,7.62737902049802,25.838245527838183,44.87678091449711
7189.375218816522,2.7087377794677323,33.91679214763497,78.06564176660801
4136.200816322952,3.470416134526692,28.513606646957943,50.93741012954885
6201.461937766779,7.800026343978306,35.40334251234798,64.23957599279821
2531.150455516482,4.0583165050721535,33.86958670792806,35.173418052261574
4686.982231718375,9.542142652730023,25.14059551148224,41.339744351955346
4885.9914787393345,22.286794046622838,29.28000798120542,15.270966092567798
5322.855076649236,3.6065175920671777,35.77777709227276,60.68240346765067
4305.775929736276,14.418504242150378,36.5812975814681,33.787283365733316
5730.561210342007,42.43904210664287,36.610656764035234,-6.9246763453661355
5452.5212588817485,12.043715432823097,28.03854028330221,46.32232959967052
4822.121126878131,2.7812937343971815,31.072962984347583,56.788578570995206
3961.8122776719833,7.409398044671014,22.74808031338332,41.493977595187346
4375.4829941514445,26.3264687185849,29.614493116852845,3.3646716580964218
3778.388806381753,18.366857184042942,28.219736366432695,22.882659525706423
7107.055696183368,4.265062422189236,23.368618509734958,74.98529398683598
6159.770096014019,13.962242002834607,40.85605437511809,57.71234110144004
5025.065485200757,8.73560311212237,36.13310720477281,60.49901084227145
5247.023709071404,23.12673912997954,24.60597864888036,16.709485195002358
4195.018911737648,14.536285906535056,29.234524351451824,20.355177604081806
4412.657777140349,2.2144670233054957,32.86242457698429,54.79361240148417
6157.738994180041,2.0241568673749435,36.50069107735342,77.28599002109074
3460.8919912559304,9.00409991888779,29.288568039935818,37.16841084721983
4052.771989162084,20.76481124833499,24.999564060428618,12.648809837292308
6724.94471879344,14.361380172370477,30.67774650295281,52.26606708055773
5227.462741280909,4.632064478538681,31.936061817716784,48.92312445501477
5505.593984912443,3.732157159572674,17.85556674771511,54.4192152472963
6875.977431705256,2.9930645197579993,28.070512901025133,84.69657589937891
3480.2519106049704,8.185116752353673,27.328150084813448,28.01290549506428
3231.0363805142324,4.763484796148757,36.12618637252849,44.569343150436275
5414.51247926524,31.13849322914177,31.340924077888808,-0.2874919518536512
4942.098131206335,1.6820399520199678,27.13166312454541,57.83344598561189
4080.913209742891,16.24716618406258,38.84368441922315,22.414115915595755
6875.008993210754,0.6521135842975936,40.44338442467222,86.0332863715986
2675.179111237125,11.96122440811231,28.682504295275248,15.470073307032663
4514.948458047465,12.798570087060472,16.842834794753983,32.0174090170258
6142.793955950254,23.373246653695354,35.45628699358602,31.793935557549823
5853.208901184713,0.15309336502622814,28.140841430360908,65.12895567026429
4876.093037387223,1.5848065534807914,42.63895217855827,69.36294531302852
5706.45816413569,4.365060070697175,33.346976044057804,64.92884672230022
5340.340817922122,13.40281409872972,31.040082522196062,41.60304453520821
4052.6464464203436,13.52642271325947,38.57479209379623,39.51570042116347
4549.23748213217,8.582092533295816,28.071958715481262,50.86226409158439
3956.462854021403,4.496886019863343,25.729708217507063,51.16246942480778
6107.989414032644,13.974309173532335,24.289368155160656,46.28008412826879
6289.740662585737,15.750698676371545,26.178130318027037,36.69421957521266
4626.490053065225,7.045100108009176,25.58526625749791,41.88122974298902
3011.152301148162,1.0791082562431429,39.08103606493546,43.20220719050632
6120.325871873657,2.783904994087481,26.077491339795333,61.96327270104245
4389.530472455328,0.49554996913500743,45.43015910384576,70.34341902986354
2882.5664497779567,16.092761469765797,26.357944864415835,12.794581697104194
5473.935447963286,4.372934351411947,32.87644178627387,66.33740090736138
6553.094976036285,0.45274540966069915,28.520334203298756,76.20393066159875
6428.257537942756,18.122192293391908,24.915868077606078,38.30671310828933
5930.7058007882515,4.06985799404085,27.495619011346307,70.58515502680518
3999.012344606809,23.739526307050465,39.60306998127827,5.53774067344836
6631.413527382958,13.454824535658226,26.344938016956334,48.32850085238474
5713.7191495968755,2.124516953137097,37.492671286349015,75.39265223282199
4744.187107373696,12.006002434692334,31.969218557052145,39.07392467667984
5720.0836560843,6.167433347383406,20.197007865081446,57.565766585830794
6054.337370842641,0.6109755016114131,27.32370976297415,77.67628012332645
4898.952984739917,17.420380339351674,32.7182411264934,33.99446595670065
5497.636558544398,7.357209450792236,38.19489052786358,66.66792912786148
4601.1818073511895,14.930483984806322,32.479678321129654,40.31009157772431
6243.441469923317,2.4541355159116005,29.038014257339686,71.97615623738163
5263.244693537947,3.214954571531088,31.826099636844873,62.8594854488442
5727.666184606074,3.396637154724104,23.472226889695058,52.92210349628763
5582.0159494178115,18.157629250507448,36.9122271188748,41.45824741566566
5973.060955336994,2.7286899145602375,33.62511247118921,85.03850304316265
4714.637862838641,10.970861606633594,31.017361910507038,40.44066873840732
4192.492230435803,22.677074216681543,34.342564235903325,19.62094437340555
3649.346351390209,4.061894013296091,26.655728146560214,38.78306940629787
5430.386943922931,8.54766478013936,25.64871129839295,58.21032339350802
7062.006711756705,5.025200194351354,37.494601832055565,80.63258916853853
5881.116362658291,5.047493329537765,30.31247129812992,70.36558555445409
4671.900970764607,10.677339117125044,36.25060284057424,44.55663801247397
5150.203391854862,1.5178131304190934,26.821386738822547,59.918012822299694
5463.79953541405,4.214638540327637,32.80185391586061,63.71152960510366
5680.292770037065,16.891515279979362,32.02220181248996,44.37089254421773
5167.506181452412,5.5048989570282565,33.90121645441509,50.84770354440627
6234.943519874104,13.060386803047512,34.04205218218512,54.169896049922805
6691.377245863285,1.094538082463567,33.70995156638668,86.04582870473972
5160.438975016438,3.222183855990658,30.378906824168475,62.566906162197164
4207.968445544083,4.222591027892707,39.378502944054205,46.44810480753157
3371.770143685389,0.06533445511959278,38.916853798534184,52.59436887294754
5129.0545559803195,14.220995674328293,22.170392268834426,29.527146978366552
2652.197955844874,4.492627157786203,28.92496861204757,28.407659276108614
5149.690825078778,3.9123282309935488,27.901456566507527,56.624355608025404
3956.649356845489,15.543132736388081,41.90209615957288,27.66010593046124
4607.69112015298,3.53690684283014,39.44941197963867,65.09941528646338
3974.0244191413735,29.395409772043976,34.00397506546178,2.725211149720251
5747.555374052871,5.046880640852303,24.525279602221755,63.83888067887436
4238.507457006388,3.1952734683909196,39.169584755337986,56.72463162033921
6223.825516445517,6.182906074000934,29.920020180052234,68.1295984732021
4312.058025710467,9.780174484660387,30.313645627873374,31.283898359337037
6471.362562173785,0.17571987323424795,35.9960984929398,86.42268231304055
3486.108448920426,17.76786638404124,29.672587209426876,14.529675906830562
4999.583230292751,25.075749557821894,32.60913486496381,15.392761393382266
3826.7001234782515,0.9263209690465463,43.0027107239097,51.34221373578335
6173.045544649962,7.423456453153276,29.971774230082204,60.064641841663104
4481.155062673199,12.602326711630607,27.653964671150824,34.04508680667546
5568.18985539476,10.282467134607671,32.923549942303495,61.443546775759984
5336.052592846956,26.8456585909447,26.285887189777785,14.940216987681428
5538.62751357753,10.90625566739136,31.416550557410204,48.1463964762079
3173.67156062064,4.006560773412991,35.93172386379945,41.58835765621334
4053.5126692780773,5.1412749595492135,32.88992558391172,51.03358348458353
5939.442385382223,8.129279783839404,29.711724926571062,51.113818078655314
6659.026813341844,1.722119321323277,27.973491041910513,82.6797787863384
4221.460329308156,7.993493088908343,31.800287604432143,44.11683507979337
4513.209471090764,10.886581377360852,26.839900024804333,46.11539393079914
4065.824519581227,4.421432728862475,29.023439307269918,46.840170266069066
4232.233586637624,3.8967936700227406,27.4049947605043,46.21470736252506
5727.732168699489,19.175377191706502,29.92949377579402,32.35223245982967
3500.0358465242757,3.819915184133513,28.983453763814047,41.044628995442736
5568.015641322569,0.6117230224185626,38.81552308865046,76.55122576198178
4445.058003604012,15.91651562630993,35.149876791193,35.05218242802549
4937.485371305495,5.316554167835074,30.44125981132557,60.74349271792868
5942.285337986783,7.881891574162417,27.52376352362486,59.905168586446464
4034.094925341932,16.003696494193452,27.762513929696933,26.113631847572194
6507.359227325636,9.858953614038379,27.22591311874863,54.94699222390577
5010.004523870172,20.101259820602152,24.74897048324153,32.081222456749614
7051.928468393529,32.424506368934274,27.829334644878013,19.03619818481473
4954.901314116563,34.722013871323526,34.76549777108095,-6.743701950373456
5694.208042912875,1.9682250559460848,29.986588059971336,68.8804699377476
4605.648658846414,13.550343760672492,23.01529050765979,28.250230477108953
3639.030928793959,8.411785597548395,22.740983929921715,28.260867997637654
4904.259913971141,0.8129359391669835,36.4432014311892,68.64059507835698
3476.646356825464,0.7448408279497638,31.435917621110328,46.05903319555872
3789.4669419840225,12.673638661387447,30.933385151281836,33.05824343614148
5068.588506233808,0.06103508888271093,26.692107984294058,59.150072857416646
4376.310628114245,10.191879353367522,28.99496428906795,38.77326899270268
4721.51880511524,4.7509307628671085,43.38406515426975,56.7783469812249
4920.119167369064,2.6545738896837268,27.612897204384158,63.378075306891326
5066.136303680365,10.442831743413468,24.75194934817788,41.61751298160175
4680.760092271626,11.452611581472148,35.34871076905805,41.63002471296706
4918.857008336061,16.592903992796938,19.486880792754995,18.75164209714331
6365.872157686161,2.4689166032944576,32.52570194147046,73.667548303452
4741.630413425095,9.762109836303702,24.926852876242485,48.3469716116145
5293.431668413218,3.7944277742795265,39.14696018050766,57.706139492704
6157.2238654515295,33.17832537327061,32.5593319645516,8.281298112720659
5758.850604432591,4.150814551614986,35.60340281317769,70.07668818874873
7175.947494474947,13.953646076584945,29.727592637230813,51.83646292124544
4072.571131594337,2.1908593543210158,26.729865722810754,52.31350179253815
5307.260966215301,22.0232220875077,29.424775341888978,29.346391153328923
5298.208543772986,5.733168914357107,30.325044368312494,52.62993111363567
4788.9060110932205,0.8708098788409071,38.37193794222431,64.26976732441832
6038.270839099331,3.281871877615481,30.817424902921363,77.94618837324481
5890.920209486446,14.576864751610694,41.079764443212376,50.553397248450835
5816.6271369443575,3.167683118390414,24.417196877475796,63.551954158566815
5015.512868974185,2.1624326626138175,40.293249703678576,65.31052352560182
6138.6743529297255,5.477856962454185,29.931907757442453,55.226810105891644
3743.025915059836,2.1299854376768397,21.375153698984647,45.24203129572023
3921.095840392418,25.735155307713132,27.029405603661996,2.1271636772322293
4464.921269794879,8.738223315194041,30.777131281527204,46.31354094558729
4765.835632619778,0.5965817314463362,37.25201480177436,66.66033679435353
3598.0711353806846,29.694622179760664,28.045648734835734,-4.751349802888187
4801.355201509175,0.9173965140752358,25.253725678705,63.413249821559404
4732.483924282175,16.868664156529835,30.8304587412371,36.77037019748859
4576.624033587769,2.678430249613337,30.86981015541242,49.716788627382584
6689.736753326505,9.913840391434007,34.17222773512284,61.240623602111754
4336.948575941258,13.520241298772568,32.545419755493974,33.28430619959863
2561.3115763830006,3.8961422841833695,35.36880228014154,33.92691003854853
6252.453298324172,3.3092424154809685,32.71245312484765,75.70932571733611
4523.512372261098,0.5486796664634431,21.61246603686662,55.32534937603805
5363.021029072687,10.095365268959107,21.990848891769517,33.71842589944677
5635.399287617467,2.1222215021142725,31.612679034832137,66.83982324838358
5974.455746712859,9.386646841605328,35.76637970395329,56.27040731239849
5108.126181916772,1.3187658137231608,30.55665809418724,69.98484571071117
4803.293954747126,2.3517559119827105,29.87863943294346,57.005912439081854
3246.234303344231,5.147946011669426,37.079459167901696,34.37724786577532
4753.6349685175355,8.098308989546249,23.617972599976788,45.029672366869384
5711.380032981444,4.2634492350204765,27.509471853516285,59.68676569787963
3997.818823218493,11.391490928150358,25.82574628345731,26.39462362941852
4275.696934543092,10.297258035698238,33.019629407984276,32.68790850780514
4542.932777586761,19.198247655932395,37.56056842972643,20.813556850147915
5244.13929694683,1.1238075328817596,27.94574444526619,71.24691052870922
6463.610052277543,1.2132329551727166,28.68904470970001,74.00480149616585
5132.653563344394,14.063296649974696,23.266959229259392,32.10478838986665
5567.133740651246,9.146953780040066,33.506879642225854,58.96198344263676
4157.323171028012,1.1664996632157951,22.35961058121662,50.33031697937305
4421.701954196632,21.559039099214566,31.873324559775437,22.30159195201884
6563.5382874334955,2.292846807750453,41.203033303968795,74.01847056210015
5222.338718202115,12.010821689373106,36.373073211638804,41.24375372827866
5641.495202885682,0.1986685982720955,34.45232279048107,74.3523188117473
4960.485317281469,8.710659115785655,28.80604511208627,56.48942391786689
3605.333002926279,2.001026792457303,26.44003845418698,49.73249751312333
4879.331076429017,9.914112605038369,19.785198886702958,34.730482882518395
3568.739331548163,10.21555049607519,29.36381604288624,32.22211008667816
3831.4201279907884,48.1128985844382,40.88028545523467,-27.415019268799266
4917.9705044827415,13.778620543059679,27.884747928147277,44.689633652053274
5149.572916077612,27.592420038294744,31.513554424190914,14.162753511997549
2542.5989590722947,2.768410610828258,29.689423892537167,37.19133971769816
4510.653044982628,3.989320851573599,36.16862721301526,52.4734601906383
4936.243969531095,30.356602656989754,29.931912400926826,5.728547113049521
5439.081356710352,4.4874100971045605,35.80297850486211,67.73142022339525
3687.686842171437,2.8621873123560677,33.184797315212734,52.40348711358044
5057.096058705299,0.2893048661629812,25.21808603343616,57.73206909000206
6360.981532542136,9.308292743589018,30.701577369263486,62.36619584723656
3413.1830142605213,6.058541876953099,29.1450650313451,47.02223992466031
6063.810404226853,10.540531518355003,28.191521206214198,54.29321067864439
5866.339019142241,14.149385411183736,34.89107661427824,44.130082822043676
5278.473707857691,9.192069793681346,41.197163108855484,57.43822527739771
3462.401882463111,3.739251222589406,29.600430450930038,44.64229201175451
5006.027106715133,3.0620798877450466,26.31241677450348,58.83723056741437
5258.417245218827,0.9482809372986724,29.679247978289638,67.22458625421643
3118.491133915315,2.809240745805056,34.8780804887653,47.92319567552188
5334.507554805577,1.7846715682005092,28.730727038384106,68.2070812935329
4433.354246303474,2.290320932196787,28.986341961982905,46.68999171026918
3898.6357243904486,4.0086569819156646,36.122677117241324,50.132844855100835
5239.504062750255,15.280165014442083,31.535041884001632,29.827609250064754
5284.154627882901,5.149127634166998,20.4355358058325,55.59535619078785
4611.642112835273,1.4073877304934026,42.99317636388816,59.29694952434679
4292.39634583793,5.557173002320023,31.721220426185145,43.80635039653043
5444.249986083759,5.529319047301396,21.739682205663076,48.28625358357411
5406.79130778685,1.7798546144440905,30.951832753847107,68.33030333267614
3661.6294664299344,0.030255871358388798,32.53145057420479,58.97271992559991
4751.104279395873,12.830091713215817,30.211473789369474,39.55938196343811
5089.500894063865,1.6774554696699595,29.55385683826648,57.705505334507045
6579.602707456892,18.522922931616296,24.385039894733797,25.947192635338208
4906.822644653349,24.93848296985021,43.09054469313587,25.63566205455595
4874.977097344363,4.972991805603185,30.251060312095333,56.12727072505467
4837.544789043502,7.380270132935481,31.59658592500862,50.814865846415
4251.892229091748,12.97781503840092,24.788288737226516,22.60179094551183
4900.1880360969,3.6571754093507214,35.097591937837734,57.2146695194473
3789.8388786715614,42.081248990432286,34.003905230332215,-24.10049198244846
4583.657350527464,13.811514158302362,34.59302205534833,35.62602346813721
6214.706079782411,0.9821662331038711,27.02435931729609,71.78565746008583
5147.625071920763,8.697108697285556,33.0401806265636,50.78484565113676
6389.318594947135,4.950773782913514,27.68774191495686,68.53150222158456
4165.945389034774,5.38752234200709,31.051896362834018,48.2119258994787
6323.859532648886,7.28529440757839,36.97116906338873,62.15174377348542
4947.84875660421,0.5048256084984998,28.382718841165236,63.5675588859482
4086.2476456169197,3.2381160511030807,29.99469886327912,50.114828390672564
2809.842964340741,0.5161827933710887,28.823354377477653,39.593274109953335
4584.531185330849,7.063476450309366,25.405676362514725,44.28814594710868
4485.120619668509,6.015032978158894,28.58588660243046,49.7644570153927
4661.695203148046,1.1772942153646477,23.7899114621653,64.37442222403946
4809.20141646878,46.6715293849072,28.483282305532708,-24.568850375677222
5563.813261891171,1.124031210764892,26.443825095297484,64.97757875300788
5648.577069500403,1.1245290022533458,33.02131939615974,76.4800569829015
5389.115050722346,3.775834786884306,34.61091783869748,58.06999308280326
3939.631179473943,14.738254056574062,24.089670549174933,20.947420847311875
5992.190585751755,6.783588228653718,30.891916694099297,63.691103827184136
5600.746641564588,21.709455788567663,16.357097970627613,23.923922120996696
5083.954374338115,5.157730567203533,33.569967390835245,50.85662079418842
4992.258937157445,2.2645672906005316,32.8246672449963,55.17391521105496
4893.46666447243,0.7211543041764689,28.91627283519291,55.44281724965106
6384.852357039907,10.288910655925216,29.682390747020786,56.60685948076881
5203.317515084409,5.256171307285269,28.377152848037163,46.283787859512906
5073.719951508804,2.5944515721395165,28.573422451983298,54.27582059790935
3164.535251929472,1.5172604293293883,34.526457137929995,58.440384064223785
6930.200447682667,0.1920403359219963,33.07949857965597,88.21854498189823
4953.103378107275,8.883161489552622,34.54445484444244,47.331692615645515
5868.6926359327845,8.945786052277201,27.280120183388362,60.220457732270646
5334.813885851707,7.075315881155859,21.965445491131106,54.69175097004748
6729.400951545679,14.441083717576834,29.543561547469825,47.41136001260236
4488.566100163185,1.4006686514462943,34.54249119857556,60.252683095019684
4076.790171269124,12.375756991470816,29.925080309747937,26.02594696712469
5030.215391790577,28.710324311423744,29.44362470203992,12.051503995793894
5237.384668419255,1.725550151020048,29.6477199006231,63.19301724181957
6260.747698870896,8.852040321727623,24.2033889018899,61.72257638411706
4966.195321732667,1.8625301087618606,31.577369572558695,64.3100398468052
5177.326611975648,8.716800525070221,32.129500089303654,48.18238966928091
4526.86619341497,7.909253435079031,26.545965872846153,47.83739443201219
4763.533333994665,11.062138513612696,24.423426725618597,41.907933245852746
4864.6237901801005,9.860127802217704,32.94468631274349,56.3291842301046
5150.9023068141805,12.012731447295002,30.102216885305445,41.99952224001841
7213.162203733849,9.880515479471141,26.93201822277133,62.02498118909124
4513.234675460207,7.3047426700402145,29.755594082849246,54.906411229551985
3390.177888217794,4.384992983689024,30.15890888327909,40.2265932929333
4442.403534988537,21.36912424198804,32.11528707901736,14.742577914314014
4910.120585622332,22.753755146328658,29.18413848812015,24.10420975913013
5473.955628595374,10.828653971104178,32.29958076095811,43.14436621227293
5087.115011856014,1.7506577722434815,33.73911601340535,66.19056878775474
4419.2485078801565,0.8833066535218501,31.470721907149507,50.195207034082706
6261.773872287531,4.007229371054716,35.34620014893367,73.52353200236911
4554.710871219168,7.4324725435734305,33.27125811942107,50.53650256449055
6141.701199741794,1.8446038352104213,22.853371347566227,77.45443555232735
3600.8870939375306,7.439507097232889,29.13542416414675,38.62033162767023
4977.616843571164,8.279913669139841,24.794230435419433,41.53737500531941
4121.838434708583,6.0802353369461,32.61304381806886,49.376931095135504
2945.8638701794666,7.854695003888191,36.51844609130386,29.33220193194492
5245.111232498358,1.0781300290809086,27.861098382795337,69.79594179362135
5561.833105963078,2.9182216177340354,35.66332475017426,60.3837996616549
4496.790244619792,12.9463634532915,30.934049897559124,28.361012579255302
4785.62667932632,9.560865636295723,28.105819050609398,45.54109019180421
5539.387503001782,0.33604913573749406,34.30769834562879,69.17313173775486
4185.370627869361,18.99092311183936,28.201106005966558,12.101629738752418
2727.3040447303974,1.9560864638693864,25.038000605089543,43.06621361205141
4742.655783016631,17.715845960169045,30.03816193258625,33.18058165629236
4304.6478169294005,9.911352141447692,25.266600429290087,41.05203718550747
4112.8090699659015,0.8455978717635637,31.86414298366619,60.183792511415575
5150.690221410349,9.688961231420315,30.948258281980358,39.73089213763217
3112.9133568683046,3.147540959010671,39.45133316728439,38.87819950078426
3311.3058842900055,15.29636465586361,28.8261704809544,15.371086719271055
5227.4726709274555,16.459515243517604,34.16691212158843,32.6020707026066
5377.960526636491,4.877175884986823,32.01978054123347,58.29421617905016
3946.8918140138726,0.7360219305276268,37.10641493758558,62.7367035970195
5339.188372810642,6.9545279973966325,25.745917364140187,54.407989093456855
3142.191570542359,15.589837570249044,28.65991579807868,12.858093723092852
5772.839686843478,5.7907629100549425,35.468290458551344,60.796577806512396
3873.722865025261,6.614898095629843,33.48783468691995,44.91552239698392
4461.545506143617,12.593693854403746,36.80352517823045,34.54965463479239
2904.105203851289,62.794703296915884,35.16504763473268,-50.0
5191.6320941481845,4.508532490446729,27.55201906356639,65.07800472198838
5843.642359661538,20.482797780616092,30.315849439548266,26.588869088611542
6486.5899484229985,2.899713078452408,36.57615624465011,77.60762916424333
5322.198389589205,9.457369440934553,33.51015541968972,51.94479054524287
4095.734307754139,21.257570182200027,35.93878964971404,17.730341147004836
6288.301800999414,18.166381600697235,29.03113737792657,45.56626800357483
6343.930814984689,1.1105133143106103,25.402694224335498,70.71229370995383
5929.9222506817405,3.621502203252879,24.066947757941204,65.34908157502616
5487.78902118888,0.37389873158731735,33.35743456581688,73.7429502296074
3859.8980700670804,1.5190818674408044,29.624703189387116,44.74803194874477
4566.0851280763245,5.550200199939484,28.512430177045733,43.457527989839
5886.334098933538,25.882939736016205,22.538792918183,18.372505091424507
5763.587294960812,13.4208429547277,36.36633281889635,51.83559527338976
5550.445277383149,0.6989756911491825,24.1557395711735,68.5403228494863
5222.419446754975,6.754707924889849,32.65311503040048,65.85174469417485
5980.682841225903,5.104446386566552,38.48132387265229,63.26397891290247
6203.011914564593,22.650353462962023,30.97399176809808,41.103836898088915
5415.758981824116,5.106612386585531,30.327090962067526,53.40236923790214
6686.727367001237,13.465410891876697,21.052239851234198,51.00696555262711
4822.553318454517,25.972800952236717,28.0641912162515,1.8702975804408908
6479.611072715376,14.365253544919693,32.80690896966079,48.55101164304142
4473.706457343758,4.32119356243661,27.84406161321904,45.662919231177156
6312.650622828083,2.9675463253182817,35.331819222412356,83.62855600027461
5481.065085608668,3.6552712861447825,43.34886914276462,69.95475272062947
5665.8393125975135,4.053376461140932,17.46633509222502,59.73832461657108
5612.40977409356,0.5409962043452922,25.444551060035064,75.5515709357694
6504.91013095857,12.871330720869494,38.542125832565674,63.01539413806061
4171.539912693632,6.447182690261624,30.63413172782052,46.97758316590079
3764.804875504987,1.0543310316610601,38.71893400678478,54.277871671376175
5222.561897583893,6.438058217909469,32.23928405856793,61.17507180810908
5063.592571601104,2.8186679689018446,21.080769362292585,55.49901014360336
5759.159661797438,14.60468034859868,27.679407702199345,42.37331215597246
4549.5954566374185,2.7635379277643777,32.53348359540801,61.03618482917095
4887.913801812275,26.98833281818051,27.613892609902017,9.01784896803303
4290.315808942876,8.213019790714768,29.48605783889454,46.02803805841835
4704.056598530556,11.47691671359376,36.74202501256249,40.46279085717608
4633.724882898469,3.505757575827506,36.93147688014855,67.16201587870975
4941.654624749763,0.10497169275019255,29.399374376904767,61.31019104636052
5802.6151315684765,4.185827628145744,32.39584356323566,69.78337276868875
5572.5898666695375,18.239490322788086,33.611457712818044,40.83879040328115
4613.883671801961,2.425046757748758,38.25367490339501,59.793087617929864
5564.3934309216975,25.573149707511867,34.92907900891335,14.957696159955479
7010.069073385143,7.961062533484666,33.76511780731055,73.52966288763305
5207.9900845864995,6.106232618102986,28.87000467887344,57.78462993082007
6898.429432398266,22.643408116244345,30.854139305052087,46.1080415210206
4636.660689076398,0.27830311502165483,35.66264039093872,58.94054367957283
6824.885572937476,13.459322372658386,39.10128021243055,71.44840946877171
6633.397109871645,16.812426833310163,29.02267502887006,51.568877152522035
5140.350764465352,4.7036595965408035,27.77007603058877,59.11687692047701
5913.9249812807975,2.9015460224451832,40.88024813487514,73.327621968599
6546.070780193435,2.3003320686201603,31.39456725703429,75.01273070614748
4985.165213952268,39.68862003459754,26.280395087893133,-9.448668491213
4180.513836590852,21.029287598867313,20.458044445345912,15.812180324899995
4048.012305264084,41.41206700525394,38.05694350225667,-33.924803638184684
3828.2145179476365,32.09853941466846,33.66923226741581,-6.534420387696958
4174.714270993,2.7423695797645555,34.49864908159773,53.63783951794464
5743.838417173937,8.369094441776364,34.11911642457531,61.541932401263246
5045.814908502378,0.627490413104135,28.754397755307416,60.927067357340974
4896.4144436051365,37.07000604592924,38.14303831671687,-1.379759453116348
4123.793320698821,0.20358819246331977,39.00117684769396,62.74353558767621
5390.862073577162,3.13051691733556,35.01758422122871,73.70364687313526
4234.114645375118,2.282947572650655,30.34515885330076,48.16480993116709
4409.355649148307,15.9793809258478,24.16851549281124,26.914239580408093
3384.511573425555,8.996974280120757,34.46380311611546,30.819278041807294
6336.623698662783,12.013107243864134,29.901668953738003,54.66859435477212
5004.047322908474,0.7064979185191504,27.32331878321189,64.6537412266931
4710.281945733199,10.583244631409347,32.02760352618931,35.82985407163524
5965.573900009581,0.8096271840595476,37.01935470892932,78.17103720751308
5676.584332158741,15.142336976007817,27.243628144855833,42.027658664388795
4783.205019400324,3.307481635436896,29.094510338205904,53.02852678779894
4813.644468934627,1.4895269615638937,20.683701178461906,52.34276365870483
6478.048300120699,6.713631241829868,32.8578939071197,66.8953716930867
5482.384497118664,6.710550673727655,26.367155475307587,62.09557044949756
2468.389680415126,2.161690691177295,32.8058995115031,43.600234204345824
6164.890906965695,13.775439138403488,32.19785316625789,55.61228133476731
4734.4554699334985,6.603494893407621,22.976387274611366,45.592056331458345
5746.5900747384285,11.16332736204851,30.22502503628927,46.581097931553956
4661.675387728279,6.144969999189273,18.64053528048956,46.286742791846784
4328.485073825347,3.6407804147333604,37.64432272127336,57.6827166646928
5553.344859600389,9.306429337407621,23.955670479342213,48.764026853022195
4084.3580730803756,1.208826964562005,31.592275648093157,54.21190366944977
5465.448918015475,10.23732992060759,27.379901018868402,35.86415981598393
5707.127041810792,4.3864328817934615,22.329096846999537,57.78840958004231
5243.658604018402,6.805854817152675,22.291575238659583,41.36670954989012
4632.499364452795,2.442863109198791,33.746467484260066,65.49989340795064
4786.644895731375,13.252433396375853,32.89113549487718,35.5704669410445
5402.815651461454,1.7106702069536346,29.279698744211604,70.83827808738798
4851.308729385112,4.5428136273049375,35.28276852729193,60.811745602523054
4361.283752003695,6.949533517953089,36.634691303968395,51.98340149099445
7602.493531176448,9.2189580806876,24.228069494000934,66.56351971237831
5405.161994779311,1.168790888486088,34.953587889483224,66.42963998741287
5049.438639727372,5.235023987275658,30.703733456330117,55.718057260836744
4669.455839335208,0.47129362042041245,27.148245480848956,62.69876820027207
6041.543968070438,4.2431827665154875,29.896858397481832,73.11824815841834
5950.583758101762,10.61999685097948,33.047654864186306,54.887718325626146
2998.0782825441684,1.7418908338983032,27.8676506861748,41.29543164359651
4182.644869157109,10.789784886348269,26.526955189594364,39.20464460297767
5744.627652247607,22.780014308419325,24.936828676439553,25.973060072217866
3702.137343962412,0.4506328710818786,27.262906071211546,48.807737702764264
4073.7062480114723,7.380350742109622,24.42118737282023,39.174387963199635
5775.315919208483,2.5663799005980756,30.778684311223756,55.95958122142248
4928.538247537412,28.72555432058084,29.00536786321829,3.0458334339660817
4953.015996115546,9.128242903430158,29.796730680178435,50.43204906264552
5189.166139454323,22.12777780382882,43.38665053107035,26.993255881476877
3448.668936526453,10.737623923557887,26.861833446327275,16.307009500825348
5044.96152826978,6.508181512591674,36.96392442140033,52.58732146930225
4087.504475294818,1.3403931662133808,23.36557314902567,55.82222207098948
5001.013342708815,3.768075960230644,32.53862494953718,54.99336689108372
5032.337943107837,4.425902499850833,36.420576585046845,53.768338046191474
5587.380804892423,36.23321121736281,30.79257523635849,8.410324531043607
5112.927374887783,2.643169866482618,30.70165062504142,53.35537565661116
3855.3611854407554,8.091878141869413,33.837306441524625,39.294291363523314
4870.564377762088,7.212285702500633,23.595194042341106,39.483031887825746
5286.051417506189,17.380926006996603,28.249218531168054,38.95715350672762
3704.8661369372185,2.7307340603680346,30.65013681297675,53.11884875371575
5073.772187909353,5.085156092510108,34.64012864519326,60.48222156533377
4324.726951165131,21.447165683624817,32.62683865590674,17.07003549547352
3792.9612456956465,3.6415026742303462,27.77892039814007,39.142721933058674
4818.861627635403,9.062397076021515,24.302673657529635,45.15043874306228
5155.375170417448,7.760820250763513,26.42077038820664,44.567172528434554
3784.4995669823857,4.527442131123431,30.672140456046918,41.259135838454505
5128.39676806865,0.9722544279666687,24.61552788216642,64.8237792997805
4667.939023865178,0.46093552194603293,23.689722415126635,59.70860064086327
4254.20258789847,16.243131322752383,26.265127671900437,29.59461514116731
6405.39476796983,5.894227379282917,26.1046224283291,71.07642401709575
7468.546413821014,2.789244363275099,28.610897424013544,73.58252864672306
5447.808637299698,1.894833271214571,34.40548853971517,66.787326951391
5158.753909219605,3.122070130633743,30.84995204296902,62.05490499996909
4211.7644970384945,16.98309666076275,32.37920647913078,25.201054617770424
4517.132332569235,12.513553640545123,31.291240702991374,34.238441946511394
5130.657324191112,27.763117850242978,25.6970100797724,14.179689956759015
5864.786820614776,9.502159756477726,29.763180854621133,52.65437070885075
6753.755593460572,21.755204019530865,37.539601476443636,38.26622760072778
5393.466738581576,3.196506085480631,17.39080216478099,55.871036250976715
5387.296028471476,15.228709221015075,24.94115262264069,43.72012533354378
5664.238270570168,6.632037730729867,32.72110828593265,62.96096075926477
4819.608104809033,18.687924632394587,29.33984237717626,30.73511138264761
3981.88710829476,1.9407840058587964,28.480379737615,49.640657398063176
4156.786221542688,0.6560059723659681,27.51702961532971,50.694460103413185
4429.625643376949,8.195302853765769,27.395635989977627,42.20592433696661
4135.730172003213,7.161534862457163,34.7631342257138,40.65414750365963
5307.055110861154,0.1514405543373006,23.154950727317612,61.405952834612
5762.542040078367,4.014015773511267,27.56421719444984,70.07465986448466
5213.12248202238,1.1469706724168667,21.983390485852212,52.01993980034756
3957.4369979295957,0.13239867809663688,27.53955595455408,55.55612862350027
5332.47340152421,3.175513135955554,32.136101414076805,59.6689084986525
5377.894871005356,3.1149724115153523,22.091044765743735,53.148653652522746
2522.2422811256884,9.779775250870042,23.27110828600383,18.376205132225145
2486.6330378945636,11.150460379296895,32.77102343861656,30.257812861773434
5695.322491165647,1.8749118618144087,35.37141388248686,71.70236255316586
5019.794140262508,3.234387993920245,32.49953538543192,61.242695284674035
4378.077735843262,26.612792913487052,35.1166211199204,9.646208734335067
5383.839584106459,3.9550784254913127,25.275502484065385,52.94553390056319
4476.755876884579,7.059174261770935,38.21184658372596,53.288085061902194
6143.106886322921,0.69362471546521,33.82551690344831,79.55657116463121
6233.962851423083,8.322282610565043,31.190114917254345,68.93430918308763
4372.313735611089,8.246211183508281,22.97756665254442,40.21690761072392
3966.7365037679424,0.7021546598166979,23.515868034101395,49.43148619380751
3982.106674835698,15.824206723661629,17.747510111992753,12.313156730570238
5169.659469915825,23.791676634360957,35.28326765114765,24.48464231743464
3750.4963222207507,7.866030537631607,25.490050892754,41.20530843703892
6112.759282061185,1.6961696548111407,33.97733632321727,70.90904840426884
3609.24381637335,0.9220438178316847,38.53204090015662,42.33798776738707
5535.341953409327,7.820975978625447,26.18604515985939,49.721270399606865
4176.249616158833,7.923815110896327,33.20937601637628,43.37606192646097
4223.784127185476,11.635657181178324,30.90186695542725,29.766827172518116
4678.053727353406,6.559229827031018,33.410666054797446,45.639311587575314
5585.043519588366,0.9445598582963077,33.0158325056561,70.0920574057827
3824.6147240205246,33.946125285209476,36.818123824672206,-10.212302971912145
4787.621847437482,0.8509837544141784,25.288916904233815,64.42604672127807
4518.159866649087,2.169617226869908,28.348535918849667,59.78516103071655
5884.713310582314,12.870073908812465,27.553940665248494,43.27146930147571
4373.213202889563,38.35308593427937,23.174616163907434,-25.845365229011872
6015.743556086109,0.9648428739110253,27.42577493908724,71.31521706649796
5798.101171330986,11.110135738889102,23.37348618858884,49.22939373300258
4559.151960910733,11.045832895432067,31.5318592192655,45.6445097714651
5527.866343714583,13.904969279553969,28.770727858511307,39.26289078552592
5020.639757202911,30.69037276443373,33.59386825554378,8.537501650869839
5706.452959802776,34.98467487189203,28.0528752816653,-0.9062724448272199
4363.8750339798125,0.39264929954590444,28.44661118747826,50.103938180045674
3703.6147193560046,2.488189652040006,28.858352069583557,43.605559018400925
5260.952112888846,9.008747409908072,28.714002541601186,48.31125205371345
6305.5742854533155,1.0157718661827344,24.962509860565454,82.47142955791813
5841.356257790039,1.9334427007991812,32.88781183054572,74.9691491997666
3923.953422407055,39.80325776229626,31.523406226147035,-28.054390053375727
4182.987662244015,15.844271726905863,16.386885727380562,20.441629370855082
3334.299975167288,16.758355281592564,24.530083897744642,13.620506560065815
6001.612798993637,0.41636660417939586,32.0062602473805,81.61612511216562
3723.257547075571,9.262907870775347,33.61837713054545,33.5247229685857
4740.214004609172,0.18812095410779905,32.064587149795976,53.68878060704173
6238.238180501286,24.679944530365958,27.564710451103068,22.594657393503486
4584.540230242568,10.361458725334558,28.348269853119916,41.2885492619747
3779.692977844161,6.194532823158743,27.64457187493073,44.87267845730358
5388.658641533313,2.4359479446828707,24.74205902390237,64.25948367856415
4883.200604495523,6.250145433690686,31.43478477469195,56.28897625776273
4235.979547232515,1.9547227005707177,38.01965378082942,60.249602330502555
4351.041932773477,11.86017665834435,29.36586934421586,37.968839599138136
3578.0493865303456,4.523165466293403,20.340255604389476,34.10587067528036
3589.056462600397,1.465372765320533,36.997456266286775,49.165713930688696
4402.819173894743,11.95714695395413,28.198978054706544,37.05276336683381
2927.0269633753874,0.570748137132191,29.466029089329624,47.633830885357305
2778.8606410840725,9.562729085176816,25.694952775697924,24.162738434950036
6508.45521155003,2.4863547932739687,28.28812419850973,79.46107576440437
5862.619830271523,4.49959683317484,27.42536436537808,67.61913803044924
6067.891453668529,14.19547738707449,27.17325367401779,51.30425245690312
3445.4988297197956,13.824588947242178,26.243909788111978,18.6510461352183
4413.888686874374,7.960574334426606,35.634990551870615,58.366256809748904
5627.539183764643,2.41542824383794,35.210089450881114,68.20304294053771
5191.30511951018,11.393224517241151,39.16022310207278,53.73689728209507
5373.347575227902,11.465067029218641,21.448936865609163,36.122378083794
5334.7893977835465,7.59974011750543,37.1773826557929,57.58914498345222
6060.594660783388,43.49583981171291,38.52911386107074,-3.1795508827721597
3859.351749226149,3.0949662120236305,31.73184759178233,49.863686493559875
3427.2926713418,0.7687384895609828,32.53067546212442,58.3798422672058
5314.961050120418,2.897322186837073,35.35209317561112,66.2020609929731
6082.062734191618,0.23712586797597315,32.810623711910075,79.58857287211134
4884.170317412233,18.676257278906583,35.35877085494451,32.15881076928372
3833.8637858338834,34.15681472938334,24.484081511237314,-20.33455310273243
5436.760944875328,2.605747057886702,26.106837951608384,64.64644517638894
5388.5790238030395,8.578222487829674,31.518494326035615,59.71195145994648
4146.619500218515,5.356525813815393,25.063421384480485,44.33739507630928
6249.675751404782,17.656191609239784,33.54781655137373,41.96179650033466
4660.991831133311,50.93358425181798,32.12775534775491,-41.03741020801271
4549.852122821726,6.602603153653054,25.986399317651017,48.301729942649
4860.253167197946,21.075702482263672,32.109976164949636,18.660799979794554
4064.0509148295228,0.35824314611460234,35.47464848443766,57.16359776527327
5036.213048960876,1.6738585536094688,35.986576017793624,70.55458596708064
4573.230145449839,3.1750510065808717,22.660956149463416,53.367175042187526
3762.7470606231286,19.410474451247953,25.71325858093308,16.260103600006047
4595.709799031012,2.1805332569143347,29.443825450062647,59.142562733109905
4675.6726852803,18.9731766558925,33.50609672349983,25.233585654391263
5558.230028808225,35.965776060094264,28.78465567943764,4.209565750936506
6563.6100329317505,19.055871122800554,31.276455219231458,43.78447546536316
4792.31544104435,5.232866452803332,33.25812318114284,54.95871880297967
6079.255403784805,31.88185476516102,26.991210137754976,20.829439856751975
4550.777545275201,13.7455262804557,27.646730729017424,37.84605659244969
3851.860762169153,16.490905024698495,25.577713734176154,26.3913855938151
5508.554763390256,9.982275089884773,32.90842769382555,49.27778146695195
5715.779718169558,0.23417292823917069,28.212379174528284,67.57131871246267
6318.684580143103,9.479950111987103,36.59103297555026,60.26814402511249
5217.753552489086,0.1873876651836989,35.17473929422174,66.72333201063738
5599.199469985118,46.48889363851999,28.84504178058183,-22.42874521395827
4107.891567795829,2.1688687357298453,26.372357957289385,46.17744863051319
5324.968150980938,0.559130893638767,31.676908278981017,64.9151631812807
5208.181109664253,22.4003724585986,28.935700905126126,20.37906101131126
5387.883935571764,12.12100424094923,29.451420386046976,34.606980111754424
4280.069774965131,4.098302061045988,29.590653628643654,48.575329182944806
5327.763112482253,7.608370429485847,40.51267460702114,64.42360233115178
6897.935659164864,1.430006090846689,26.190348155727364,75.66664351743768
4411.237711845317,1.8857381316234996,24.974425881637053,49.57450167652316
4701.4738749234,7.290123612553399,31.60524127967138,36.4856687518008
4770.556718241889,7.050910802484561,29.13510803834415,44.03946656016677
4790.130283246887,15.537711074853249,29.81051414300766,34.66021735935151
6263.031029427915,4.2109631157654315,22.411343690524163,64.67951392133122
2879.300138312933,10.774176977962973,20.655134431148856,26.12411638788776
3807.840837307258,5.203462962519714,35.193087687361555,45.26996357532087
6825.997646138774,1.5697694847880594,28.256121611347087,74.79128146592234
4716.417723547022,8.839968241586918,29.184830931857608,49.569501708794476
6217.310262624544,0.011828867384560186,23.83609458933071,73.61774004329659
5074.516747999919,6.226296419587579,27.939349326144807,58.2782524706364
4803.925431962912,0.06913455106238127,36.37226381326605,64.00134571728653
4773.073963144932,4.327345348358358,36.76052501514727,53.43448331174116
4809.361594593179,30.384606199089433,30.698455642334544,7.1805839625892744
5210.5389487929415,6.744122509109035,31.437746588457188,51.47181292872545
4383.518762500923,13.717202203402534,36.97274337498853,43.545853332445986
3136.212505029563,19.199624762548773,30.10195747855989,19.187120940442504
6606.4122976389135,21.411735307803568,29.30405554407109,37.85420998585288
5038.997288417196,0.07571105131817044,30.054967587599336,60.93912768259485
5793.886143577045,18.06167769530355,30.3087541248143,46.45797085141117
4972.078040959016,6.166550203519442,23.412006632954977,40.8454848914149
4643.5791500378045,12.201030340124415,28.303004933695764,35.92501440918677
2229.843415398456,6.067181825424125,29.710722062578284,24.928940307074495
6082.592706799055,23.18533648067381,23.105668531959076,28.312385098225533
4042.5977821635533,29.958196958630154,39.34592863172814,2.301923863298476
4418.507465602116,2.1717920548947496,28.061115881621717,59.309612324218435
5546.885772074512,7.419001309030011,31.028441064419095,46.1885871056554
4281.267824827361,55.770035717905444,33.422344521085286,-50.0
5171.099209771781,3.7780420825989496,30.46031894517978,61.591540036030004
3826.004646715531,4.786981300172003,24.151131284340444,47.3509405785749
4811.358187797114,3.9369789586367676,38.36515658979906,62.695263276723885
4471.7761019748905,27.59435388333802,29.71033958476385,1.6598930896338162
5630.621436654538,25.866310058319428,29.097985611516407,20.677740965294753
3754.4090543866323,5.907365430928015,34.39656370431509,50.04194580066853
4606.408876306975,6.615192521832886,26.206567803686365,48.679704648035965
4818.94471763331,9.182751428505307,24.450283874012097,45.69886142009263
6269.1574670246255,1.0302560161493721,31.962383149958455,78.44192901070211
7012.959746684348,7.02244232318883,34.29314189173954,66.09730366588776
6480.734615841877,7.0378581230407224,27.033351458121388,60.296424756449156
5766.652765893324,8.25482808194144,38.764065170118016,58.06318245231628
3674.3902880365567,8.394487573564525,24.021970475112212,31.114703408133042
3957.989439216566,9.636021781088363,24.085597041239936,23.585449617652852
4900.202306053598,0.25654868150189536,35.26947862365842,65.04254498438166
6338.367821157247,3.20884096914774,20.60145446785235,64.96005221471536
4934.485711486181,56.70784524645236,24.074430382824794,-50.0
6102.846236367796,5.18656299873622,36.24530495798467,80.53053482339416
5639.959077675496,1.7067446429347777,32.93309565523587,66.0730718015807
5622.898247270664,1.1253484227344626,28.501441457167,64.29869719824059
5346.301162584446,24.628292239118327,25.37961938263807,10.594879808015717
5652.10409386816,12.92864993396713,27.11967079342729,44.17150159222961
5958.132263984992,11.507948759103826,23.767179791534456,43.00677806209762
3726.8826852656957,1.6334598424355142,29.815611482967476,45.51451526626644
6211.598253604331,17.7133911769034,27.226856398948787,40.70015011116434
5171.481194405082,2.918277775916231,33.60361050376852,63.543128568101885
4322.239726019394,10.113907461945512,27.720140357189806,32.141369961296604
4344.656455612982,5.223009285613482,32.67200400279825,44.88476347998618
5869.193850096002,0.8971848060059271,31.97367356847631,67.38127970671056
4539.032667514838,1.6643535498146387,24.692035633276102,57.73249046657707
3446.6572437229484,18.418274567395166,27.269763661439775,15.397209948133167
5795.7162332255775,39.18741745515054,30.94417580366276,-2.051902129554423
6137.238897274219,15.995499420190008,31.798449702686092,42.0527994732516
6152.589091594578,1.7862172545984287,26.691249347712507,65.64325328134196
5237.776481801253,9.532292640142852,22.722490036431108,42.65189559740316
4607.226792582718,24.019897957183396,25.87413756601535,11.483256583417154
3911.468027351135,8.122421589794586,31.100221176230264,41.45106633385282
4890.2040696143895,0.756547727655915,30.6298434065194,54.68492150925083
4568.371302443793,4.732514084929314,23.426550034911457,42.64350964786303
4684.562568443863,16.492879652154976,33.785057657803755,34.44967452404748
6607.468779971977,11.739278688221887,32.22622017549223,54.99010185923749
6276.593004820606,1.9811527951305987,44.93598064480503,84.6185578040211
5807.119678687822,3.5782400605089943,28.436726380943114,69.32529854919456
7021.58786065522,3.438187159909296,31.75258800083929,79.0022335963365
4188.834650646976,5.2294394685861505,30.684206778522306,39.698203102827314
6093.996222146769,0.21997100032119674,23.13500204843624,80.78703111734444
5736.433127595407,9.767416739990386,36.29239252392587,61.985805636207076
5681.243549274013,5.570991562702618,31.71279287178919,69.03655690131139
6028.316118441213,14.748936351569737,19.646860520639002,48.422019276190795
5014.693378932287,13.111121988497946,25.5615051135987,37.47955081815091
5292.785556917983,25.23761540597755,21.769205578416305,10.733348868570973
4748.9734623209315,9.11041637148194,21.500730069565677,41.05627512790031
5644.915584469112,12.79537209848975,28.62562780356072,38.47882641857948
5306.706223378385,19.33869037460169,36.81071518477233,35.29579076642739
5111.36036267338,23.603208421919767,32.25282094046353,19.682733624748824
5463.904104051963,19.45583022817934,30.467167772114117,31.13037894917744
5923.926044512904,6.044105476734742,26.11873071774714,56.84731224996603
5977.159379302786,10.230538987889526,32.675229291792085,48.08867871073066
5085.98360361593,1.6177464670269632,23.72273022365021,57.617773157816416
5130.795552079212,3.6784599017168365,29.025453257988687,62.777584176192185
6173.419322339289,1.734972985471176,27.318385619390646,67.11758794432639
5224.33039758869,1.040511829788437,23.429687790741703,65.31480551891889
4485.603657530899,2.1824432486077674,30.56675802104617,55.589609463011875
6689.600702872228,0.4943577359837148,24.5969824213757,77.24083343024408
6310.367671537675,14.036351979419482,36.918244560691235,53.403587264163455
4437.883397005384,14.79142928335471,21.577214575556546,27.314892610627137
5472.850734417587,1.5675528297410446,27.634401534792275,62.868344651918754
6470.957789867158,17.045413054888897,31.004939755330525,47.041805844410824
4317.522955595101,18.540908807872597,23.993211353628315,21.839019535888262
5841.26563018171,5.592878168433714,26.72754612875983,65.33125124223443
4032.7560741879706,60.04242920300299,28.608303365495978,-50.0
4911.44462597928,5.342654068652571,28.59737994698108,59.95630050079146
4880.270421774403,1.3342627175139592,24.570298928911498,70.55125962761842
7454.815700761168,22.100163755089014,31.39054320699733,44.27215624451206
6067.119188613761,28.814924836897603,21.002364863378535,13.679785463608917
4410.118277569499,17.796593064410747,35.389411128171716,21.983058961542532
5225.134974145554,0.08630429130148204,27.426378665326716,57.32498815879095
3764.455854207864,5.943395731769018,25.046514975689544,31.265141120402728
4164.122717076971,11.49220117746384,26.051530837874573,33.79446007520923
5421.099078609332,28.63615085665232,41.616667945830045,14.130192728103635
5352.349923916788,8.179397819996906,34.83729247238743,45.288838183817234
6299.54537288768,24.853722009893676,31.857792538376724,23.994596874661227
4414.648200302706,2.6012487299602602,28.885323442348543,50.95555997177797
3207.1529653448715,11.133314914384504,25.371885973673997,21.831031462667532
5968.025386384936,0.24064792358734632,35.50259641111538,80.30631129905704
5088.764487988732,7.130915307917932,32.734220181961554,44.88219590769451
4139.800206612611,30.503068218584662,26.46491643253731,-7.689199502431832
4439.165605136632,1.187278419430493,39.28061999951533,66.20826981103367
5659.848056139876,1.7319102386576557,33.2852431594942,71.96373266690588
4286.43302639807,3.2571983892934937,26.72538747423765,59.84362528744955
5309.87083828676,1.9582490863200916,37.61880403463988,67.0440204698877
3541.7745833408753,3.4005651383083544,24.108161264559467,45.769447554293635
6549.9124335467395,5.091668616687115,40.11283714828839,71.36270278895117
4538.688338948114,5.075247457722244,26.261817676658357,43.14879970199799
6578.940675207666,6.587968212421718,17.7581783753391,53.9161459929112
5330.957344682401,7.179014740584666,29.373004358187725,58.35479095279679
5237.314345733979,29.461029397989563,16.709700664545473,-1.0277524015711297
4870.873613480184,14.860262898697263,34.024022787802586,28.98040309742603
5563.029875959392,0.28826674729043095,26.70582754603504,62.279903103531076
3878.6311990683234,8.384348121291739,34.50157240439473,33.35100484467203
4111.541765988509,11.094770174515658,34.361011106384645,33.67512342525382
4597.349498768767,6.493008337945081,36.0752274677799,48.38113652395832
6293.3679899365325,22.598847681452888,27.649983805685842,32.04700279207299
5482.197035232791,24.787517410324526,37.33573820546408,20.15678160027053
6387.944773350201,8.32484764758971,33.630308589121995,71.4864093990654
4640.0589782992665,29.76661282744789,32.02765937649244,4.587295235031065
3947.2527758184237,3.215527958003341,32.76955016114609,54.057569811002324
4969.804356440969,10.797369522700173,18.561129741107884,46.85040790956846
3781.717080116896,6.041570889853032,30.40750349664966,40.84833595649217
3063.3799453549345,0.13069817995928543,30.552051857148975,42.86074850340384
6274.753685360095,6.359508208547906,33.48864323315845,65.6931794407153
4604.339823509903,7.041344939636899,28.463489993138847,42.23242183215575
6417.3285198876365,1.7639589656929124,24.127245621796998,72.78083856822734
4889.7252352839905,2.5949832581287624,37.43647413305173,53.99467193610485
5457.407170529117,1.1283261045096036,30.91425391632798,73.91071384704826
5332.093959143704,2.1291758795699494,29.41142684801443,59.30065324803061
6049.956185517375,1.9676683807167563,29.63037599410626,59.11074406649556
5716.0306255034,6.813237072198877,26.196553547789836,54.67676076370859
4323.617092950857,12.172387693013434,28.565820131868033,29.3234277848827
5638.690444618777,18.510457748870323,39.82491348552185,42.2333098174276
4460.861029556206,0.5495359283042249,22.265719864939193,53.197661181254055
6739.6538066997655,1.2092073458976955,35.218819775583015,82.16372469948843
5994.229277590521,1.9832266895518131,25.462712301924498,64.78209587810193
4995.971732264413,3.1686240187323294,24.020884489606477,58.765352023218426
5209.281972180069,5.725650921962588,24.57608297138843,48.11515866202265
4762.237614338381,22.16575308169023,21.66690067856539,10.171296062353262
5124.551460975909,10.527328057002148,30.685974962174136,35.804743930688296
5245.159206206738,2.037253732664281,33.66765807104449,67.03060014809907
6069.883940108644,3.5720603548083614,33.73666897252136,67.80357742156441
6254.6358530218495,17.150354144886464,32.00535592844731,40.451976317127766
4029.578974289179,1.480054098102717,28.76769011850872,62.704973114810336
5126.3383629062555,1.7809437497873692,29.673476731768254,58.44071742721253
4726.418366110884,6.6343287797091,29.77779590877043,47.89896100268146
4277.000400733459,6.2196874302510015,39.4388007732953,57.82772283806877
4440.511849502102,11.166979161573279,23.556754442787145,43.33558452405994
7195.08186240959,5.683717064043135,22.79701438286786,72.90353797200031
5286.488287851761,13.11122165790909,30.62725013534851,37.139533002892954
6208.297453516728,1.684088493118228,29.637970952942744,76.16556270126812
4348.880148493277,4.125004651249084,32.220942762169386,49.949250180288914
6884.436062077919,6.854056672250684,26.81257616297316,69.68551677815157
4460.241209953394,1.877064598091807,34.25066060711908,56.62421052787487
6206.518009532796,5.885378900196847,34.538867256560096,67.18708429514871
5075.601851712988,2.611775972496821,31.90257074254413,61.85057611214215
3464.6301055631,22.359020647767608,31.448286047968697,2.784650245403948
4337.944172823679,11.762482029444794,29.844244119839306,33.03818820821532
5532.77812169062,16.756343082206246,23.46375817625568,36.1849220269392
5729.721854835948,10.849346787593547,24.273513365225817,48.56641986072122
4831.035827491201,3.458176150576404,39.39381111880472,66.59157160545588
5488.2210259613075,1.6441087791006699,29.575462390920293,66.66758337367664
5011.136111848669,0.4578509206573379,26.63871053880121,56.754542054273564
4628.846086433118,0.6189798338755732,28.083275320566603,64.02821962170665
5379.516596933101,4.31837098441461,26.288133173820796,60.06127752522675
5210.5771070180945,1.8890413056649629,27.74525382722941,63.23951788942652
3009.7980198361565,11.058648852583817,34.09646473968049,30.832744519390452
5333.429617621088,8.004672165773394,31.409888663350642,54.592157440659484
5710.791898318349,16.946349554446527,21.194636276093576,31.690099082266492
4232.35348206043,1.706032845675973,33.99512225902374,58.63029674922637
4376.354397746749,18.643235357351294,27.790569594867375,26.763701403461184
4523.1542238213415,2.539347548695848,32.00285189919972,56.7523174791549
4983.083991904934,11.248732707465702,36.18896617765351,53.13015730511742
5066.195698140008,0.18115193190202772,38.12637013955273,67.2069533138583
4543.369400795488,2.200669252328262,26.473581158826935,54.47029970923537
6794.520757467074,6.100465226287172,35.00233782017406,66.3897225226156
6595.002306804921,4.5965695562419855,29.10618260834361,62.77622182032361
6616.222149338831,3.5941296747050675,26.392877564155523,74.50773921086244
4526.494362722073,10.374214547276349,28.237827264458065,43.447786747584146
5787.847120948241,9.43018611574597,33.77118520740574,49.38477992848348
4266.826137092653,3.8591293697783002,25.36315471861649,48.68224860082892
4087.924947321829,17.358268636431525,33.45071062490716,30.575101309546685
2390.0596072095536,1.534434092171022,33.93580836527268,33.38748825072967
5135.408344430731,14.529591433162828,27.49449838530973,41.36094516850952
5399.190671148395,8.695038014725519,27.93155383950549,55.37949660175136
7053.321675297094,4.698271749454893,22.321279819022777,66.91973903525641
5428.669563881691,21.433802935243925,30.432175771386284,30.744877226190503
3966.7567013029807,8.062050904476449,39.77647043390863,38.32537661899632
3690.2951073613003,24.42303011306601,30.47832275317345,-1.1620630308726998
3325.875596381741,8.926221933601932,26.45330227227092,25.302254152424617
5160.592393877906,0.45841421846159025,28.99721319165613,60.459701541941826
4480.281735284862,6.370093682577132,25.26865341015106,42.37834138163278
4820.448954436892,16.174978074441825,26.778760858258746,21.23719147675135
7438.054349440001,12.550680071485921,27.65407501960592,60.49191981721366
4415.8310880948675,7.357771674115111,22.705995532009837,35.21240905571522
3749.8845712179245,6.633608655908386,33.20969711914899,47.22972814991466
4015.968351033275,12.276790205992967,25.03755636038485,16.50464009086122
5520.917965953097,22.549332244828648,38.20091767595173,27.51112571279345
6477.7432313119,18.249972978509316,30.244006243900326,35.76476849383587
3943.2542971736602,22.980845246781247,26.401223094843797,8.027548384361875
6132.337909732232,15.528027548488716,26.370351341806668,37.634795290472105
7664.640333589967,22.56220173922799,32.905455934611965,49.53293716429371
4774.939725804075,12.337380059252524,39.33174129700824,40.737091941243
6220.784871728468,8.632214332964077,28.877904059908126,57.97173217535615
7034.151761523883,4.972223920182052,30.680478463581228,77.84602596623864
5411.463166770824,2.374460521549166,21.920661391699433,55.189275429733556
4953.329260374155,8.949910681281091,33.27490424891501,45.52340794793777
4256.026480382952,9.52557237734387,29.79571834178773,33.862276239938595
4230.617368916759,15.73475684190578,24.136052587709877,15.69917190166278
4640.409686762571,1.1596021799121992,20.857453479290356,48.180341523982776
3996.55132694975,12.532655360635843,27.88901483977893,35.45079531890301
4950.061464264194,14.52494215201824,33.15930408911355,31.106956931546854
5517.978208870372,25.869881276995606,34.32147591255915,14.871722177635563
3700.4931415848123,1.40198305021874,29.837660509158123,48.132629781396055
6115.7371077109665,1.7922675835077935,33.56010915414404,65.6813832366124
5940.923841521443,7.610233194874853,12.439902555757175,47.2844180709243
5297.047406107835,6.978373705560661,30.15290179409536,52.423369507833456
4948.015558997267,0.13859362435684527,28.956423511675784,69.59808064421605
5948.440362712739,2.9326351510888413,26.11664481847757,62.016452111844586
5743.750985936341,6.813254457697195,30.15160645324777,53.77179664033342
5762.33123692803,10.945821344427788,20.75116277541563,39.09102923889341
5905.258397411382,3.763950642175443,35.00637213114847,71.30070990075252
7035.586439226948,0.7934163590583826,31.721111344269765,76.85731723008308
5713.954046272351,4.754459687880791,38.254980747970016,71.59635933746509
5012.240969730785,7.557277709275442,29.845362471453473,48.92972916889564
3562.3059920645455,14.253747917117515,24.863972700582696,19.895700917181774
5061.238221983218,23.135630632173857,33.398144664576286,19.238824765872657
4917.513005510114,5.428995817035429,26.669341302228922,54.3982204366524
2687.9274043013597,8.058384859960855,29.40707906623581,31.051691918551114
6408.870163325933,3.855239838234499,24.75327044600055,65.5443199046406
3396.3286431453653,0.345445044863829,31.11123600054269,47.314289103487404
4963.829069098116,34.27641950262103,40.78024302890593,5.654437255337213
5212.955194538395,5.055216346425592,29.690128224402578,58.1742731647217
5763.305517614628,9.163894704032687,35.32644233889105,54.82055040949856
4774.497501833197,24.550548391089507,34.956108521434516,20.976515065321443
4811.768057108289,35.21001306462318,34.551575742449955,-9.188916831243693
5028.545173774583,3.4226178028598535,35.394642313453566,65.14815894759656
6384.975629391743,10.290408261281632,22.824787178560783,53.754242066008956
5683.679259194733,14.272193273997296,44.60848560255261,44.41639156616308
5291.621659294697,8.363238101034034,30.87828106025214,43.47741132249349
6676.20341723582,0.7808455112950236,24.05819545131068,71.28694962316727
3662.9228899844065,10.778496153843733,43.29741928217216,32.768119738156194
5851.103329843595,5.561610785731881,27.01030401117705,61.64604323027502
5737.33070102402,3.4525932474219463,41.20908815740974,70.5450693808368
3710.6511439942333,0.3020285532636384,33.462293906301696,47.56530584043383
3112.198325464903,5.33330234294882,30.728713447434732,36.93804701426026
5439.069248354266,4.825959299610773,36.79326927601383,58.06425853454313
5114.190788540826,34.65204553197132,33.598975082706126,9.659798458967824
6717.523050448234,8.714863870628331,27.845751437734215,63.13672588026749
2957.520968199581,37.11406462361466,36.15986992133713,-29.86414117477694
5692.045841848073,28.078139164660527,31.153729122725064,17.109249952639146
5013.1024147366115,10.288856491519855,31.703275211711002,41.674226421267925
4211.485980011117,26.2664353597679,37.65849730591154,7.687468807807268
5457.265344416808,9.719940823287235,37.196386671157136,47.31387123010595
5852.178697909559,1.2443731827492752,36.46469069161432,69.45874432723836
3430.292213057612,14.00383536452776,30.141047474748255,23.818372552181742
6118.180674417551,34.074317461618016,31.36523589123939,8.00862484511522
4787.012897435451,16.188754219147626,29.432871499167415,25.106528822303716
4556.404485301642,6.354783021303703,26.862452993999934,56.525522746031534
4805.2678000727765,16.55159218147897,29.591484577328618,32.29240992625929
6354.713909858326,5.901367125234133,26.908196398054784,55.40856192673803
6584.87476932835,0.28197633565321867,37.229348113331,86.62580559294956
3160.10752215283,0.2882051129319662,33.11655221051133,44.957627791235154
6043.626053581438,0.8133897865147554,32.38168343759029,74.16722789821965
4758.67747329829,2.447067613691606,27.294751676351883,63.92327015363429
3471.1613680088694,4.838428915478169,23.676408869876525,45.20970842609984
4100.61858264006,15.515746987777986,29.341336309063113,30.196204513712004
5136.954903568962,6.038532103688014,24.199713542080772,51.77589955719409
6281.498446282605,3.8139901438071537,24.48617174933893,60.88022334192652
4956.173670311375,7.3760199567049956,32.52718545082668,54.557915378503175
4990.044490476447,9.927317791904468,32.83256814116224,51.561614075325274
5146.839191112882,11.997660979454706,36.04157602345339,48.35535421638151
3526.9174359896706,8.206273127310403,25.365812846752895,40.50354746024295
6204.290363637649,0.8394016981029778,39.21718102235109,78.3762629005864
6297.39140308887,3.4492102185023263,22.99397438919715,66.76556842943863
4803.338057022393,4.430946248937991,29.229198831549315,51.55394444378836
5856.606506866612,7.669525748176202,33.64445185469191,62.118770879565155
6092.64682855005,20.01522324110402,34.3428993523576,39.428283055567235
5675.757743296085,3.136070773866004,41.24156131444948,70.35804117318614
3983.078548812203,6.900140950402292,26.236467444914688,30.984016048876363
4614.509289098292,8.08488428139465,33.487825235776626,47.643194824659126
4995.368527142465,22.943392858360706,28.516300976340272,19.66880092472692
5485.082566264752,18.15223759444497,27.623577824607192,31.291887818903025
4943.251124627061,11.33011178827109,28.87230914132863,33.033830771595035
5460.397397009684,3.3813870747489827,25.923461718995213,61.26725081892363
5412.421458997008,39.650502640697724,29.25426056373793,-1.677769187903639
3147.369590787672,1.63740734282695,31.95932542101493,38.746362447469494
5910.391309525954,2.815648597096674,28.955341507519556,75.0284200576488
5284.377837673823,15.484216385830923,19.657751034170236,35.85279614922591
3777.9897643125723,1.0655706895571264,34.017196428889136,47.02895686394098
4072.576348352948,27.148102373970254,28.76488088363828,-2.0928829883632716
3902.703510363087,5.786991958340229,30.791490821314085,46.57697285912798
5526.435384095423,3.6961579330259715,30.99930288520452,72.09003278671591
3342.8523990035533,6.782775237070426,25.637754891810676,39.10593806032368
4931.960910862408,25.373246435235572,30.498957936253344,12.890890191285708
4439.78225857758,4.3333677893656555,23.437911458136604,55.48972820677447
6139.746025955422,0.5218554934047303,28.82845699862198,77.9815115909117
5001.118116357862,12.67503463881214,41.64527426441856,43.24062692538149
6248.707875053296,1.9325688082316947,22.94042054299316,65.37080957060692
4745.0492433571635,0.8093145589527666,34.173168060572856,69.01974643766518
5473.769420381359,0.16414344841222836,28.54561957151824,73.24551108315248
6338.787383056868,7.909153531207505,26.351592951994938,65.88675238338557
5211.049262022363,17.875594577429933,34.20263770024315,38.71366955648903
4817.2546409458855,54.67325453350158,34.243415499320776,-32.93337991193441
6765.684008526732,2.2831876880415543,25.240756975156025,83.36316068921691
5839.1846613376565,7.126182529765565,26.276995792097818,44.73539294039256
3886.9105719400322,40.6518440660312,20.839213816942614,-36.96610711038614
3927.137078522725,4.830639120498445,23.983106869374325,43.925201905289725
5606.986649816644,23.76822691107558,26.530245620460438,25.626523349968963
5074.091930256255,12.007525278035423,43.56725837703641,49.30081138123632
3235.276190243925,9.997217040453407,35.81187509287801,27.22918731075924
5784.125973936787,21.344641418979897,24.35385387375721,15.875445234182841
7590.026326723857,49.299919928210905,39.06797700219431,-6.091830166638017
3842.1125266698846,3.1934057856118248,29.768638480060694,43.57418305882146
3837.667686433955,1.5536390584518935,23.54456726125457,52.12669759790709
3457.904623482526,25.382738726701646,30.7321710725916,6.834977314467962
4761.045992603195,52.22463347623949,25.962390596919956,-48.147165984419374
4218.5111894999345,0.6415293214932445,38.94994528414858,57.40038378747009
4439.122244458206,9.059317468630184,17.015712915097495,25.62075508557359
4290.938560710056,0.8533996763004857,31.276458107502314,53.44021092293936
5390.645460975737,3.731994404397833,24.545743162395894,55.284552379700095
5020.451856108512,4.399156962940706,32.15712480901515,53.959296354412096
6837.797392086983,6.593707420485702,22.111104511514785,73.23230835016675
5923.443240173552,4.267519632842208,26.91116116212388,61.18888755607353
4921.446780559128,2.8460066937042305,39.4804850393311,58.53454416602949
4831.751138442825,3.006867285137682,28.8482760478008,54.58197451604254
4929.428143717301,0.07822296015082572,47.63569500707007,74.69833981085824
5398.529807160398,7.527986218941374,32.59053656383345,51.973853382600325
6437.701720685238,4.290278568392203,31.135402381301308,73.5250286945284
4885.518032190057,1.4254399609183455,25.952967230649225,59.573875129670306
4424.668717073428,34.891662426945665,30.988086406618557,-6.620254308317829
4054.760665003711,19.149819394738337,25.968607606460857,5.971906238681964
5265.061424885395,9.843333283247146,30.302947726890434,55.82613807968055
4951.710500411084,15.232575380189646,37.200180803045555,34.21774476134104
3318.648769815076,1.9408190935459315,30.872277904707975,49.08060644955236
4164.643711861935,17.208210768420763,27.250271808584568,16.38318886119783
4433.085004076222,0.8845313778431427,30.86726894324573,55.58606556774097
4907.623693432249,12.352785270580089,35.70282314579241,46.13499436730003
4418.501995946837,19.927727645113332,29.42263509017837,17.42820110157644
4960.506237428802,2.437299538069941,28.77304968884604,60.95896024178364
4605.861401413929,9.50837095083497,32.767469376461975,49.18036882925289
5572.027843092171,15.75023569053305,32.76432008947518,30.767886581827348
7269.894584398649,8.57521089816301,30.946785530103373,62.19141413380297
3181.52839257267,0.1385004350254479,35.16758121202018,41.262687098455444
4667.443734756467,14.743404487226357,28.630756623621686,27.370691934220304
4776.687775864013,1.2381418244129856,31.190847217696994,50.85332153427716
4730.5438774322665,23.333882641158414,29.857669811676168,21.70232933502987
5575.937042906144,10.411785098508659,32.38889193033083,48.78606204011549
4413.347572477609,5.390957806434957,34.542513438805344,58.79922579199216
4238.7376303047595,5.0174162240939815,28.420474154214887,46.64238695349763
6837.081925157727,1.9368985550664852,33.76469761350049,95.02249969656603
6054.884259071187,4.723104070013773,26.72076999044079,64.51204601866424
4695.851353358679,11.479331817091456,23.761645832221337,42.91785326780452
5908.628268030372,13.99760626192342,29.331454178747478,51.66965089174754
4502.787544480026,14.141403352314622,28.428879805094883,29.046919130596123
6803.643135604637,20.179634336514845,31.71586660532851,37.65020190743336
4112.385645789659,28.19793159806393,27.239837297465442,1.54389980234874
3298.770305229969,7.3357382576246515,41.23340940051444,46.44286482188003
5732.590331443312,3.4504002388964032,26.364244662866703,62.21050907427334
5028.579847359735,9.361501785358048,31.510090123968723,45.896475740997616
4531.000053611892,1.7738616968136791,40.469339445425234,67.87862857072199
4519.94984580405,3.281015965977594,33.27447758822369,54.883901795116046
3918.0767424425267,18.571912489613112,33.03133933315982,17.328178518782583
5679.886122038456,2.622753468014084,44.38960316635153,69.52458403219447
4770.777411405902,5.894552567300701,34.02066530301273,52.80487027614635
4448.083969146287,2.1952478277420955,31.038389032069443,60.7413365695312
4692.222256968781,30.446463806057476,34.32361315906083,-3.0394259550753526
6160.3528368742245,0.4106756665934528,27.391229878394363,74.34719098101148
4577.003956994614,2.598146113997928,25.92466543116126,57.098074956205835
4932.40659697491,20.266320908257853,29.65292358699715,28.073068960885408
4772.970024865757,4.36834578023279,23.55260444848374,53.43849119158281
4591.322378897142,29.159022870678566,29.54840611455889,5.36426013678229
3377.477196947538,60.73081210291508,33.33461236167971,-50.0
5212.997721919101,0.6638579363380834,27.466487347095256,65.84842095484343
5494.139707914204,5.662738259235038,27.358557443693385,60.38000374295856
5011.632604049848,15.972288713052299,30.436799366460754,32.05909338178303
3382.2644602136324,10.627520868745698,28.849955178454557,38.0558207376453
6094.592135700823,6.605275407830719,22.47400916488679,48.43806784051831
5810.284441213518,4.6779535694681105,29.148579826258143,62.662569349703666
5659.585483621412,18.52604373057079,27.025802945620548,42.53877241717748
6046.178938770023,7.015157290877093,25.417136683440056,65.3583422050572
5190.285384726952,3.8498421850177516,28.374685783857913,60.66755019541586
6420.255972579726,0.43206784291120787,30.05604019438183,81.70710768817762
2772.9975078745256,2.8906935623836616,25.42506158455248,37.30704080460532
4661.788407898699,5.606975877323752,24.125434294398964,48.63518066177135
5369.645486841102,22.367780002108113,25.1426600766038,19.896230215192826
4389.151226266189,15.781213362130826,24.24737748502049,26.398333461817728
5261.099012609307,2.236688977149439,28.4599941539894,65.53729945571565
3674.5938255083656,2.4292407606382413,48.0653860939675,59.55174608455407
5366.583371889378,10.029056272138664,26.641765392037094,43.08238228057141
6627.5755936416,7.690353575429622,23.989895085441137,62.686124033127356
5529.436276280463,11.653067996241793,33.905064032666424,47.26348495114235
5820.708792248162,16.289078436741715,27.04898197729588,28.629849151896487
5234.82931220947,5.296386910226879,37.25580245442257,55.162558970843406
7840.338782543342,2.2727018716687333,29.269644052068656,86.80076633345791
4873.747719066323,3.4255070858386407,37.23603834197217,64.01345261010444
2701.955807107794,0.5743334505850386,25.147900472982567,45.88034950618379
5877.256974476589,0.3969147971056974,21.66656618315576,68.8352202607152
4926.271356916967,5.508896678338184,33.164736340136,59.05519581471661
2632.5181105762563,3.382857975570794,35.78896282862187,40.842381976591234
5177.398192734516,48.43630310625937,25.57404994678364,-37.77411380358288
5295.981241696528,3.3505717741820047,31.082775133413662,57.73049523951593
5076.300664213645,3.4491828492124608,29.188543233379846,63.763961556123974
4671.247496041421,2.3415750650002414,24.38345622364647,57.759579475255066
6161.902316922513,13.349158411740751,34.47177652543274,54.175389332435586
5768.526590252726,11.482463032555044,23.88228105344552,45.37647668509852
7340.395399455623,9.66891506207577,24.348704115771096,67.06658593256255
4588.162396502019,17.877535637323557,31.958383956791685,29.698701000210807
4510.140902197923,5.205353426694961,30.689936931702352,54.79137254519904
5240.227639413571,3.2886295024763106,32.773928109877524,59.208676310167306
5186.696002464815,1.4066371311049655,34.52744717095954,69.22061754600402
6644.504909831085,13.82191331730726,29.634948170360424,52.27524435783826
5045.389722890253,0.8450670478920775,28.706402155386037,65.40227881805032
5570.013944675666,5.139599559099274,31.18765414250142,57.837857976416544
5555.834728230472,13.45649709869792,28.82649109279267,41.676073190719805
6116.224653637562,4.261058712993215,35.48448658914091,75.87621655814388
5217.707882171163,0.1328649454781536,20.656558459432418,66.57461647052472
3215.4590446631923,1.3844161132349981,29.251719745064136,38.75802126354324
3746.819363170664,1.813108581190765,29.73431969936928,57.89580669812249
4490.148273328703,17.03757556451046,26.290494904990318,20.41306932641344
4803.96368870337,11.721944136852118,34.35335684433708,46.177724959942196
4092.1255236134466,6.15921791950983,34.92868544848138,51.2692142937701
6532.684623127393,20.350717540698163,30.273543652143857,45.745944007288045
5357.645236628012,12.464410158953584,31.274459457266115,45.06316968341515
5070.438516632154,2.720221377766644,30.800197525586405,55.9724683900205
5116.732806056934,10.373510728985448,30.04059653664161,42.336074190299406
3958.719478535415,12.82491406587698,28.588971299501225,25.77221190638137
3757.736265999446,0.10037165870722177,30.96843203984713,46.029883958756905
3543.6358936587585,22.101895750458638,36.63073565448636,9.358258720923592
3865.6793229335444,9.573694841700767,31.776465378776322,24.007661346995206
4938.084384121659,2.3564734832459275,36.68368282801574,58.71050109709094
5637.116620454039,2.1883911973902443,17.551630001333013,55.17859556347267
6003.086913320407,0.0953480805898932,26.26354647682886,79.45024461125281
5771.31391119586,2.7297314665892376,40.606838818223466,74.49789704998146
5811.954091877686,4.647717482540738,35.48287149894614,61.07603562778719
4226.790410012256,3.315406588090189,41.907763084858885,65.12675976763991
3650.3294657293236,2.9256181916928763,35.89044561886099,54.493469267429326
5603.335904171027,7.381434316039011,30.06130514892059,55.67013700889635
5205.802956487213,2.2088413604393016,37.11114079387066,59.999151171385506
4729.460451358868,5.401265432604941,26.92338984494808,44.70204835460993
5499.460989570395,12.764985848947731,32.07313121231948,36.1215481221672
6693.527889793742,3.916259694591365,24.934815553284345,65.0778197265442
4802.37463358313,15.442538725511499,18.320727447477392,32.28428658452705
5203.0167982926505,10.12939770158951,31.302494960559077,50.22909572436336
4733.316334491868,20.265586097652573,41.79539151500089,31.89576004620529
5040.8943022678195,1.9434529027036267,28.41173482064502,58.889607571811
4131.374641996248,25.542955662917354,32.44907780488822,3.038936554949333
3507.082907037845,7.815251219580138,20.716940654771545,36.12163653817596
4280.073162570205,2.1088596946800973,21.242151924688756,50.84192096691299
3914.53323190535,6.658028951951838,35.16526365318007,41.95204801834406
4117.03771617628,2.491715618320982,29.20663013356266,51.67970980659791
5471.278223641137,4.058330388817971,26.537131704184272,53.59245874650925
5034.581670858507,3.7889954853031242,36.63131300979489,59.36310796582523
5989.012399569593,0.19208786862362742,34.36508604816832,77.08609876692825
5795.890704626729,4.347354418308564,26.62601112990989,67.6420296403024
4117.8149601898995,25.469670092235717,35.113947538576824,15.733669061105047
4254.52499232149,4.137435834748026,32.117574427520516,57.73188423856094
5159.401191089794,0.7785827633241911,31.763622200112835,69.60294159740143
4238.78558094228,1.0555145335290572,36.51997516140838,54.410345719849445
5283.617897042646,21.837516988602307,36.671146528293995,19.271383116145095
4063.196668689937,6.666450584834445,34.466338527707926,45.00097696545219
5131.3007108708525,2.628253992502226,31.920368623026967,54.2333285694958
5026.962392112351,49.64476585084121,21.29247408192793,-36.84227347570635
4850.996997411837,4.326548213723188,24.977801915858873,52.086873537820146
3479.2458429711005,7.460173441757039,29.945398861250847,47.315950310358915
5975.291928775785,3.8630947336066255,39.188302179323614,72.40758951732839
4285.7041492819935,1.9509977315485378,28.21900331422441,42.2108778396021
4273.031431940544,16.3612369027507,24.165983840938093,18.55616649393581
5325.727620780814,15.279780144186926,34.12250508997524,37.484826053571325
3933.9474894901296,22.111512626252004,25.07110753264066,8.771689179827533
5076.858586017444,8.985421752728405,27.76786307982019,47.6404090192622
6204.204339436479,0.6798050630466828,25.765014644996526,72.71067749712867
4053.0453030208287,16.851121510547358,31.178653193980228,22.435679768672706
5060.357831006715,12.902480661958988,35.442809872753976,37.58049680590018
6277.218359143739,10.757145992990596,40.20503068722209,63.95148390437658
4831.699577258461,6.496376354119741,24.835190870317607,44.03937383364779
2794.5381676739066,0.9576034123393472,30.693330760330078,47.562053115102685
4354.702533377315,1.859758252790008,15.648773382016243,53.76763085319322
5012.260623506685,9.151025771116556,27.610252018116054,43.50046894462986
5072.175865545875,11.968103143237185,35.75266023874814,47.9116766626103
5956.451836904419,11.73778481283706,34.58136139952109,59.88232030053752
2637.343528319311,21.20955081984568,29.786414561217526,-1.6168300174324455
5692.132800882363,12.65297354766143,27.638268127775444,44.67900458333419
3715.8958970133326,9.47975954133557,24.198736300269093,32.64811203874328
7040.996931492099,3.305957795520915,26.93520235268188,71.64378161844746
5246.529824072812,1.5120103994296854,39.77105339889619,72.27138325266323
4680.130421146246,5.526509140280003,40.890945900523505,60.92564835435995
4288.096717692522,9.342388704662936,32.04034566286164,39.74098456910825
6521.942507144318,3.8629002894641133,25.820303371766336,63.3284151381426
4116.471577879549,10.842283420093617,36.76120916736981,34.03068682695732
5366.540354186309,9.438995708225459,31.608844914457734,51.074616249404585
4862.701548827058,12.163532767345277,23.930920264811764,48.49720735984564
4430.784517432456,9.869650712771902,23.65786931881731,41.00335760949498
7463.863027430353,1.230541350744516,30.47750299830005,81.62014766266175
5487.525646291045,9.002672643979583,38.7337764762518,56.574670502496545
7046.273563856779,5.433333802103934,30.79426566463938,79.01265568389967
4144.101872391045,1.1848853374362964,28.223067083776478,48.85299349983309
5878.523480278179,2.2537736561146655,34.45940637172245,72.63387536466198
3612.2297910340385,14.634347535874468,32.61706328104182,17.10888773171464
6273.01050940392,5.172154108483843,31.732579898506774,74.81621446228954
5865.047638843074,7.746971250081399,34.48551190171953,62.71081847793385
4185.084595739448,1.8104460895108074,22.547118015570906,47.539464632239834
4926.139452772019,9.62958693633325,32.877678691649585,45.979848855798565
3792.737765407537,7.281447641275117,35.95521912503567,39.081010993731134
5899.856304866391,15.496641687962498,37.61504077342192,58.71332968222763
5870.890495339323,0.21264077845862006,34.12772859346954,68.88604306865125
4322.677138473672,0.857792405315889,33.745158196688315,64.41621943390955
3443.3385210739048,9.796417713501066,38.44778768308395,28.03931167192807
4462.582491718623,7.826329589053459,37.71677558032997,48.35061321867382
5202.178937149974,7.407703210566883,32.890346192002724,51.12526149635203
5684.241448710531,9.713016765251993,20.445015043018827,57.74199757248176
3140.1621689504927,0.7578931350077788,31.613150452445247,47.816402476936254
4833.663780602071,3.572234654282198,31.90703663537487,50.1792068283721
4050.698432499133,2.497214170974523,32.14547511710924,52.655324802445655
4318.105606043821,18.966422287254495,19.988412555916362,16.275430810880952
5159.439085554499,3.5338208701457825,26.5079188875631,55.13350746864342
5442.597657463978,13.172594148091825,26.580287635724243,39.59826323398257
5259.375927793339,3.5602135828231827,31.10215115589487,55.23453822590814
5516.6408341041915,3.86981340750917,18.287583090538867,56.35902506313727
5518.278210483231,11.50023733160915,33.22401961910953,53.53613573877367
3653.5718588443788,31.09186543702173,22.558400526078113,-9.94164852302523
4073.0459398072994,3.287672819293348,33.151143091391646,51.014816187448524
6425.753002266843,5.3739524935421485,32.477780447627396,67.32892424106701
5182.704395366279,6.043506225574593,33.62037463312218,55.115342936246
4212.929525949851,2.3726815047950205,30.05178519076273,53.7401558006436
5757.501420517918,2.6466798969247614,25.44677534757663,73.8662601510023
5890.948745466834,20.66041824850118,30.3637757143409,34.69149547577743
3965.704071754366,3.14553861601879,33.14552762926895,52.48015265790606
3775.2660711974363,8.211952935943982,24.000150064928455,43.31227409976612
6959.37662289352,8.115096700520938,19.430330635770144,68.44697849975807
5905.263340665638,7.360612430620156,32.77196611400691,60.78880176428076
3921.2047971990078,8.083119721617225,37.8386670520019,43.17973644974785
3674.6732131444332,20.236509990693413,21.988025027851123,10.736861183082802
7874.824092668267,2.0875726977108764,22.896775873867004,88.66332420097379
4873.354811975663,1.410855080035745,33.05730636525803,68.52701636846055
5742.0507421607035,35.63738446829663,30.55326703661828,0.871135755087348
4918.700921290907,18.537770898092607,36.91410956624538,32.763993604971716
4386.1894922820775,7.842492359209618,25.621659475753557,45.47362040677961
4580.620922580904,27.070047572823086,40.5104750332246,11.279141024065435
6209.435813619912,4.231416690687389,26.355169382147512,65.88800263424477
4562.232113678682,4.174464509939199,30.979978222093248,60.43095588114306
5419.284487540955,1.379091821081789,26.611006495369725,66.54099166715932
4360.96437253633,14.041157731794161,44.25697216642422,29.68979861990932
6464.781071829686,5.356552672424664,31.10649269685128,62.17322846047281
2930.091771419656,6.049714187928808,32.283108778118766,27.203671056648197
5762.675631451499,3.3440566994848764,26.8151629154855,60.12568346656687
4681.8418595764415,13.734078316071425,24.959603098165577,23.0244171017127
5620.1239861758495,8.912730538601002,28.9776986140409,52.97536711589563
5518.3624958304335,29.925110647484058,28.007049854618163,11.78202166282068
4801.020088582105,18.787696260646655,30.282039903668416,19.86781599884669
5596.578928163824,3.1408952577919957,27.79317403030462,64.21384905158358
3818.632233865026,0.7343891504437343,27.80914366399906,54.67905771360908
5055.435009616551,23.273699796815848,25.947904319925524,19.67840019377519
4695.969474458057,11.248032345518762,28.4743660491515,40.679281561067604
6667.191324406552,4.54624182349235,33.479793863742586,79.34801370658494
4768.00623603444,3.090670282863905,28.46237222828703,53.38191764056967
5957.5815612758315,21.925162264475226,30.457302717648297,41.84507565857852
5791.458128203859,20.067240173933214,31.606722611744914,25.377538297833823
5970.000083979058,1.2569330883977523,23.40606078343049,65.11860414578965
3542.0250579461963,65.4175810187642,32.38973806801496,-50.0
7665.212057056472,1.777551923885602,30.16458872033104,88.77121486515769
6440.0497131486345,1.1015308926905172,31.31145937408297,83.26505179566543
5812.073473836141,18.517331907701603,31.43905791410737,35.948397438764125
5302.117389766061,5.411268850860172,28.387662670430537,55.55721504665772
3949.6561180841063,1.1740703016884422,25.514202057651204,39.66625558188645
5451.361656986603,3.667844524858472,31.14497166620863,73.00438750586268
3469.2623550808194,14.742552237711504,36.053811440604456,22.723771059386273
5589.295828507107,25.885741046292516,24.34932653204598,21.53634820688478
3959.6751319354535,6.782812605691873,29.66633252344144,43.3179355021699
6833.361534962087,33.36736425526774,29.329296970818522,11.563237771027808
5642.809168376521,4.165299204932781,27.031647085397253,68.44726653628572
7183.150953426164,5.672390748253201,17.87275824811443,62.38284351480476
5799.141713292932,11.654675026970498,27.40694929131857,52.84345579706074
5457.809929641361,3.6541341037184116,30.394853795578882,55.58973933292404
5229.298231658562,8.445433904381268,34.17301106670448,50.291976340433216
6654.499340317194,3.26850699946318,28.700664066046304,69.53271114378276
5524.839403744888,3.39506395542891,39.16867994001894,67.48233345145647
6006.662067972132,0.38917966846990026,26.956547905475055,74.67718587625394
5115.416250551185,7.706937505882515,26.936433650217573,56.53568912790367
5496.4409163289365,3.465556675530431,24.063179360729755,62.905051417254825
4803.459498298536,12.848183805822133,24.576909268473827,30.005627489049736
5984.51870409233,43.023097003872266,26.163445419479768,-9.909770788180182
3243.0326714125795,1.863528330900707,26.426275362229823,44.70430149093492
4011.263798941478,16.727370858594224,47.171323189196826,31.237518463736077
4428.956509233012,39.41859712209953,28.168988757964126,-20.652529541330125
4464.930829166834,27.517250666055798,32.447398954847294,11.517779022781964
6439.381461270081,4.074370210361495,25.43873679066916,75.06743179643142
5912.5126427035675,0.9987206645184982,26.40341523050428,71.55195463860248
4001.0810593006504,6.423112892093266,34.94812573537926,38.51096832886903
4177.426131267939,7.491862945650256,25.13079688001214,32.6762283980604
5292.887357400363,20.47347710504056,25.758323594687056,19.921196658959325
6500.280497840128,14.557892830041881,35.02752425527048,48.51497208721844
4414.0701459911315,8.865052752383546,33.3051383888039,47.21966027836076
4352.06547220145,3.1928967852722545,32.75008232178276,53.107922258756126
6728.953952251612,24.645911248624138,28.068733848914075,36.78695599457263
5501.1676503330045,35.63550222241686,32.86013401958651,-7.800536123609961
7315.733772332762,2.0781356572194905,21.731780549585807,76.2397919870141
5014.688205548137,5.6326424538811,26.16255114655207,52.00556108516282
4053.0447817036293,0.9591696744900008,37.29228834574984,53.8833303289795
5425.642681865222,3.5526491560506046,27.923459408779863,59.89972493119482
4995.058849282311,11.354130633897157,27.829570746997508,36.60843765976572
5138.585143056735,54.86078581503683,24.8586248173413,-46.15142025799813
4483.017661855127,2.6667669893012254,26.18843832462973,59.12205723751452
6569.428861699782,1.7590108752141411,25.768086456424424,78.58173779775538
4274.220757249137,4.002230122910676,40.979658064142484,47.66122309598544
6303.161912542099,1.0080527086165347,27.93873447255922,69.99047422915072
4595.777916159253,0.3948222335448327,36.000209349175826,63.95741415984054
5456.508418575825,16.598250846112506,26.67555787963224,31.635858102483407
8091.618707023907,0.07191509847823536,28.5281284688024,95.349207046573
5004.549832872171,34.57655405384897,27.44068757100974,1.5676546431609708
6230.683675692595,14.404720067736658,27.95307130446255,39.95276815565726
5852.706651264444,5.620688908237488,30.860148475869433,64.07366306786153
5772.286157694999,7.152367482048662,23.130391557237118,50.073418629925634
3890.9083341848636,14.91655614823811,29.48381968413092,20.625396404860876
5381.038438497726,6.805849117187115,29.348778412664302,58.02660748963898
6631.7960556990365,3.4931566076347758,35.85767950056274,74.69748586399123
4687.603144501424,6.014582881655351,31.75918955977319,51.92864543146802
4075.604740782591,3.2492267770844867,34.96615264267166,45.40668932186868
3867.317151142172,16.015471077118978,17.25839692100146,21.296326974356337
4828.357322099248,0.5181147186882289,21.703860588860415,63.69673310594732
5381.5375839795815,26.99164524746907,34.27969410812569,24.068708780681234
3231.7599994302245,5.120258039675144,31.290409658355937,27.454240031912576
6740.427379907816,4.354411368629271,32.55333312630459,76.09670216106981
5609.2007591815045,10.499719510349719,24.959442811510865,52.53814367298732
5319.0700340236635,18.62234109531751,30.188232240236008,27.03531769660239
6370.50237553983,8.08604579427171,36.58296985396323,61.035242845274354
6601.9844583236945,17.818724124308893,31.882376977450257,52.23378994129234
5233.41669314917,4.459396633110144,23.460867239104594,53.50680143426309
3802.559251982834,3.1616593681980825,30.549010419205537,44.65455482874293
4928.567858022241,11.746095801609373,30.001757520816923,44.15551280034988
4068.5639496486847,33.54359787485078,25.761070342648694,-16.730855027680043
4318.827025109023,5.7809641128887135,25.346869566688582,55.79179334375523
7134.4606639577705,11.425704272680978,30.67704691391709,72.43366369398173
4331.250498321709,4.4276777943813785,41.14700460205968,54.944900661469376
4748.9317341585875,8.80614665763073,28.56090605918336,45.82944074180489
5459.455158294719,8.911573037080466,30.216173446000457,52.93824847668586
5732.385107046717,2.6017391380574617,32.384947185665375,65.39411884768074
3052.481813424918,6.172159283551211,23.7012148689429,28.529371638729174
3223.376283659703,27.174195470748103,31.481790852224087,-1.9714318191823166
4937.63584077182,5.896608854754742,27.959066261096517,57.871674344744875
6243.547290856802,9.340539687409361,23.687842622552626,51.83401562549007
4793.8806891861195,1.657421888766686,27.84747347570572,64.39286621104715
5636.719319601111,14.887511554132217,24.181831291916637,44.384058120889456
4888.5757235803985,2.1320467244461696,34.85487574101245,61.41814987989318
4137.82227295866,3.310595328370589,24.995147770231902,46.23479686872833
5331.452790646646,10.553095519258218,21.92617701970844,51.461667873804274
5622.781328952178,27.56055963177671,21.50387561108895,12.363107697299837
4509.429566948764,7.47270401523561,31.161143044712162,41.522618043263826
3355.126054496054,1.8747842312812533,38.417693864644384,43.65079035505231
4584.18514595487,23.003796553971924,20.884068349671644,13.565440750000171
3870.6604402783087,20.485828298798403,33.70787631352213,16.257257702777007
3989.741373442883,2.277461787640192,37.45821473105113,57.43313828534306
4463.570909839265,19.627242130013155,19.11446961327246,17.104644483277262
3578.971381644259,4.264548219945933,25.356452876049133,38.85378827350255
3906.343669719388,0.5935406084025493,24.616744656529256,48.08590340957399
4676.057405947323,0.2997356447241337,39.576238750530166,74.44124201572149
5709.748972836786,11.046894693909321,16.784236874634075,35.79889194495867
3408.6586141819753,48.40023922257289,33.199193511319834,-48.47697892652649
2743.190474174919,12.18441937429806,34.88219220154005,20.10370442860856
5818.229444686398,4.888615008443219,30.961668991192827,64.85723412877903
6077.117663794767,5.694893569010189,38.67073002931685,70.96727510298484
6865.993764595969,3.2533310187042295,28.144102227648236,77.44418692606084
4678.502065854909,2.7503379040441334,24.225554224574115,48.69305180242337
4725.976801250329,22.570935914899046,23.01928127506798,9.574888872286817
2968.487798303987,3.277242217460952,15.336579735567618,27.412585318421034
4999.3018459856485,2.1792865581016,32.67423449435948,65.45999833215896
5942.322309938709,1.9071143083978832,36.482947214106346,73.1694853350125
5845.030421975903,2.9463617406738756,35.92820940428996,75.96250764414272
5282.5838832352865,1.8278118395918075,29.125500978559018,65.7175961731791
4826.90214784623,8.329194893378997,35.254049648113224,42.25107094762132
4415.089974263069,17.674048740274678,23.65814789418274,17.91403007129355
4174.94960134496,14.85740792440973,29.81381046179672,26.269689781698776
4463.721056756003,9.86063227347844,30.570394620284947,45.10648471872987
5105.9880089881335,1.4052931899982346,37.72029271802821,64.56501828692878
4508.291733567403,2.214039371158764,33.254756428274156,61.32760092971482
4831.36752566748,1.9197702907117429,20.99572480650901,58.663446141007675
5012.541186788359,5.863256013541729,28.605878219344135,44.32204157106642
3301.449289100142,11.555787564298441,30.57186898675444,18.3006955927725
6177.392781483929,28.078103910293315,36.51632462867032,17.013224531405836
3902.9335029493095,4.90951165734355,26.88077616152622,46.83885576139013
5039.184878088029,0.25430834499747856,35.53323771984453,68.68783207125874
3528.22078700133,3.1595673317105666,28.64063678164826,41.16924143870378
3845.0008699447026,11.793626413085859,28.56182485142841,27.54877236749604
4181.421545028228,16.058457807329532,29.878197356607767,21.059101105098126
4119.563335336114,47.64837454231555,23.863910136119234,-42.29821791952136
4661.791376756304,4.940138742936711,19.66863176932641,48.85138415526818
6152.425682321499,29.87705519741018,35.96084405475915,33.29885539902146
5091.344509531749,13.393310013432071,33.2891130491796,38.96199976274834
5127.658715292945,21.047953159710314,34.98118758136647,24.698696764054247
5585.681262774032,24.252968145910287,28.3682048046071,21.9120217386688
4605.705461019023,49.049803204960114,33.107187511281005,-39.516394623280455
7201.846334330792,7.96070402015602,39.145272361588866,67.77498874383261
4694.673987333359,5.482575762392602,34.982347080790994,54.75745209629203
5479.347162405589,6.253975485649331,35.908104422925476,59.832646413129574
7383.006477341305,1.5440675073171384,24.295601757365887,78.23004020757556
5907.994980070627,22.843273654651593,22.85452453712695,16.55731827908478
5320.101382654144,8.99711232607241,29.754544565167766,67.36377647527516
4772.561822241845,0.993203273847324,35.40514440697007,57.63947258386907
3931.593701113652,7.039736543611599,29.79323880638245,35.144092284471895
5157.189662284735,18.840269390874646,34.81589885178735,27.95340012908399
5580.971875340732,3.0731492034615653,28.13595836425023,60.252194111843316
6441.745862627548,6.929090725312031,38.665323453353324,71.69029090583477
6396.259531241658,9.80308831553832,32.44585693726465,53.27561167056957
4956.091919417859,3.2027238262247026,39.474430417455814,67.56943297932183
5906.133614430509,4.851838540684202,23.93944454844617,63.72587812297357
7218.391492261981,6.540343436924502,25.945908314391087,68.77479647391266
4638.636170975867,6.713220298073058,38.081032449398066,60.91873891720762
5960.794830512713,4.352780495306784,30.854670927447277,69.97121408784353
5895.858697589607,1.0257139020668458,35.42042289460264,74.36910533350733
4570.5455292390925,6.665319883906838,27.562417869476274,47.76853999721953
6539.333606948721,13.477711458222966,31.605525861028944,51.07324941641571
6490.30016697151,10.514992702372286,29.346609924757757,64.18730519994115
3674.4153290107915,0.8252601704835505,28.44197246778913,46.97121084147239
6861.634646433627,1.4133931081676194,34.42291534649783,84.42355772555968
4392.58929843257,1.6588559924939736,23.99028273727495,62.306301584951086
5066.466429253611,27.672557007438357,31.412652034631638,9.360017818727206
5341.60782276313,0.45464671739186313,28.411102728172178,63.66854765935722
3622.8503869151646,4.043376863565657,28.137736351699036,43.115748077235196
5120.872437111966,11.144027619032343,26.534089974910678,49.77226863123141
5691.440520033555,2.440136845574994,24.801117695924916,54.04327835288814
4686.009116761627,8.385525072374996,29.2810499725642,41.425567348830036
7442.991000552046,1.8863439268366697,34.726133780340334,85.27626106323103
3876.0475398135877,7.873661520909636,35.435233663802634,44.61548725050497
5352.670975275261,12.313844707135456,31.673500962202812,37.646910191218176
4270.559315207954,9.292804924011026,29.65730157746914,44.674090850408355
5348.4555935875605,8.997126977784824,36.93727216982242,63.46126048249833
3398.669098627798,6.238435177413574,28.845426319939463,28.291179912381562
4633.365182858237,7.37886600299632,23.666041878132148,43.84328118915468
4694.019216363026,10.102956919323155,31.691525382129967,46.667244596161694
4344.664636985626,12.020225383641476,30.14030755302943,32.824464515842266
5181.575841624765,12.528624908126602,37.9723428820857,42.3525146863574
6674.745676529739,2.4118994003466483,27.456814814378117,75.35271973281235
3993.299225465104,0.8133328760169549,30.681887972706086,51.582088788082956
3064.9132672279566,0.8411097101407816,29.311140138327122,45.63864352102869
6337.050246960898,2.8963164109834434,21.346885606363625,65.76690852250564
4120.990885090577,3.148013359539763,28.60209823029076,44.18257305321157
4239.415288990289,9.091328955718161,29.837165306395985,34.27252556019682
6435.533400164244,3.641862646966863,36.49456467521007,79.16019912296657
4549.699745143343,3.7119492680527215,31.863082753146355,52.57903520645252
6187.7299323559855,5.318335080867015,27.141449679099672,77.62335709087951
5101.90847010295,1.461390199630106,30.51364130504359,70.73679106633762
4172.884567931123,2.0528659425958278,23.441193648157256,47.567561617857024
6442.112462553849,4.2008145440357785,24.556249713085556,63.80371190072603
4845.46441952703,1.7034784372484426,26.32330140389044,58.19667809835516
4006.905507451095,6.519484151976672,19.024337282988874,33.490998806368694
4882.385583341382,1.5906880907450858,33.530825832927476,67.29224370375086
4405.602695897791,26.56737069230867,32.60488117126065,-1.339058115058167
6029.342983907622,4.672434726256888,24.049727849449535,58.667654685514265
4063.1751784055823,19.884932982580107,30.814162526798306,17.969289211736406
4623.624624844261,2.669182432700894,30.8196128323164,68.00931539124892
4207.946429607357,2.993318860353083,31.935261104798958,47.99864987229219
4477.207464777941,14.892889211542013,42.522744497694305,35.720812016411784
3971.466098877363,3.849638214171596,22.088252899922605,50.146937901971285
5869.357132919011,0.05635529207787113,28.8244916099938,75.18651877502924
6712.558067687868,21.412905061387136,41.726983462930775,52.45295615204244
6154.844956593257,17.0983261363503,24.60881703152417,36.44045986976259
5584.211909569505,4.685945385638069,34.152080135004255,73.3629435516459
5041.646160450242,1.1414157489983292,26.09007289001083,67.63609933261583
4361.268763227855,2.3141557947602673,31.46840032678234,57.973727976855244
3798.2108924374033,2.8597951528753995,35.10084755820455,54.52533792689744
6408.495321565504,0.9370032219924952,31.906969664623908,71.81657021564344
5941.122252238269,7.34559957338765,23.423628382452307,56.63091852383576
5166.932728588618,2.44292082892113,21.92866848108142,56.57682586832696
3539.9396471654504,14.931991216343254,28.27009893557785,16.356538044996334
3781.012995383691,2.0050462578708985,34.74782608202938,45.0229978340895
5483.967199234519,8.168747752989082,31.37366021437212,53.56299787959796
4666.880339675164,11.507639478742341,28.563143882070264,38.28246915634955
4540.997702228634,0.8257868276779218,28.681191690417258,57.662316401979986
4804.4345154276325,7.073449931984995,34.49736546720887,52.003662967331955
3467.795588548697,8.590255879969305,34.19746049091655,25.01343034256176
4727.382328540575,3.4506220712841387,30.845421168809658,46.81179427309751
5705.2406459395825,0.42385044027698837,32.65548772703123,77.53459195764682
6662.413696095758,21.87929513950838,31.011864622641802,41.32613513343668
3057.341861186612,25.86222096984177,18.571894812367862,-11.132479151713397
6359.315139116247,84.66174822944474,31.14854244668141,-50.0
5088.78638923086,14.845758071625026,30.12867373089213,36.1658204508407
4844.205512983591,1.5286070603296826,29.352750053895203,59.07971539245316
4476.151723619913,2.994217990281676,28.412870788565982,50.13199411910014
4130.3793713519335,0.9963682098514215,30.68941549071606,57.62926415501899
3504.0150135835115,19.583079672986592,21.592080138376616,4.274466200971258
3388.7222180941512,1.5811542563304068,27.67800808761122,50.70641093411823
7321.7964205152175,5.185097980613799,33.35267721085397,81.78659544437252
8684.470456215151,11.704127937943916,29.30461777746421,77.4822343815568
5874.872058191292,2.2478514245252494,34.57541208873238,69.02444382531066
5462.126549865435,0.41535278620479293,42.31888047069962,79.49198761272137
6269.223750384633,23.429649761247347,24.72818039754234,33.808092787720476
7169.694723035987,12.357766233552175,26.12433849041094,52.86789550960483
4052.9704451875277,2.61036169603062,34.15480409541919,60.61596769524485
5997.316831934979,2.729889909996877,39.98126483234403,74.74675937459635
4615.080565066342,21.79843872729554,27.023084998657623,11.086975912730722
5077.103542830275,32.95065687237893,25.819460705744802,-4.680260069510613
5628.337712874782,1.2280892324633987,33.83362093835271,72.01654446696236
4019.161713515865,12.55612295867633,29.086022401752608,31.622356256479616
4766.369139128499,0.8090426696017885,23.20239066085924,48.71471224673628
6003.736361328698,15.051500016771026,30.95632442859935,42.4928607769441
4745.165113799335,2.737572505632326,23.436403422907677,60.87233038618789
4186.697152758092,74.77338751737315,27.519567790714778,-50.0
5102.772055470789,15.53418125146393,30.96840562682404,35.49166905198418
6413.9196342462055,6.825726793358793,30.538120534782895,64.2887308004015
5670.715895751799,8.095864762090986,33.2628310755668,57.898762391225766
5601.025373160193,9.677729192404229,28.518858403671576,44.67681299068037
5306.457344748435,13.322472623702804,19.42173398791888,26.822764383575638
5221.303424976647,1.9950835400241984,27.259544010900882,69.97609264502694
5069.111862701298,12.668942236173262,31.916204448524617,40.306770989705996
3468.102695138603,13.746596066195407,20.418281161911892,18.02703363664953
4879.714298158565,4.384596533226644,35.515399376534454,58.53812804325695
7545.922957550814,6.441673506989838,30.24527281107279,77.86564689847401
5896.973934063228,4.841281752166177,36.88963737366788,69.56460932325729
5129.412231328285,9.829657175617562,21.981929553177512,47.50436074171303
5515.825317377547,3.5746908316844705,14.929267381180765,55.91049037752059
4049.6544460170658,3.527755071913788,29.01503183599249,50.46962465436197
5576.713398499952,3.3475315541659887,29.456253648555123,65.63512822077936
6511.725795424479,5.153837950249265,30.858901605230926,70.58819693541137
3505.850472382181,5.9231859910861875,25.939580505901784,42.10891811860411
4262.920206227497,33.595794654986136,26.70360032426257,-15.903719823481484
4841.391232864855,8.216691412497202,23.293728728685494,36.380228636054525
3991.3452419447726,2.9825263803883395,32.75903712151445,47.36467829957443
4191.160404424443,13.108972787422681,31.726813936537656,30.497709875049598
5406.043420045539,7.664142993238672,28.013464363768744,57.028256737590084
3276.8785567653617,4.063873935112449,33.85496055963851,46.43334120556496
5562.292705564189,1.2295334011857202,25.44805919647792,68.34227072941512
4924.829952344612,9.919101105437068,29.420621719952678,42.927718861166355
5959.879191966154,9.00372607260591,31.405260695549174,66.62210002441427
4803.5884027988795,46.797276301054694,40.93422073069287,-20.01042448430551
4007.1716184004404,5.533835189770464,29.470172740206152,41.526080461272976
3773.5171386127745,14.292046967910288,36.44114401741079,29.780832356103037
4939.8918004081825,3.372233040686857,34.57743743296747,59.637340633090886
4738.938213133815,10.165564090584198,31.742963291360322,48.71952144587026
3410.5783879902438,7.076980679901718,26.96255635233807,35.820105594538575
5063.229751521925,1.6692588927455831,29.771069914263304,62.476034791692264
6269.858562079059,9.641845435775249,31.505846810784824,64.46241213135745
5701.474829661652,9.36944347603812,38.830049915134836,56.990208960717
4575.224954755574,7.759233605473645,25.41190645688422,43.21232272308556
5080.854718971276,0.7186033729666133,36.119900671494136,59.06560644971411
3782.030130187016,7.457317775140764,32.749738602487305,42.74098237144082
5748.27025192141,5.220974377462135,26.193159973767536,63.97836359010037
5534.767170096911,10.282392704803915,34.32273199329282,57.764885394677734
3828.525986382592,7.767050994636813,28.3027229922606,39.90126921733951
5409.494492685497,1.0905021080972181,28.39122412027191,67.91337121062084
5115.4004368905,2.0743491680166075,25.053745695657504,64.69414401300995
5434.612564067404,12.69419506229118,25.316100613531965,34.37887194192727
4555.9515956577925,3.606043720387933,18.61711301124298,52.795828702556875
4004.4073059658335,6.83639280158947,33.73877633469579,50.46513834013731
5884.50994314287,18.296787965583935,35.44563452349074,40.51620900230279
4705.385658262875,5.3581841725560935,20.70548642007344,44.82988205891805
4454.913934757177,5.049190333647562,29.65988773860624,53.63691571054598
3412.5521095368504,1.8489076585145297,36.779300392564735,46.77381085837382
3898.776978148825,10.938483999261974,31.480558472081423,31.7226903739529
5652.123151940253,1.4746389711007932,25.74389670821509,70.96650960492556
3424.139841032431,4.460958460224951,29.876371833034543,43.31783184199438
5841.781677266831,0.6585456118260766,26.795639846351015,66.4290859204858
6781.226945467236,1.289889170120856,30.708619896621606,79.12216347450288
4445.572802112663,8.855898985527743,37.15485697932661,40.66223406535907
5756.366825543128,1.9607177311633777,30.39028751900983,66.45377792704781
4464.228099793453,1.5021393927314122,39.96949538556868,67.76114914318005
5487.55486410669,33.156728284923275,36.60314702179491,3.8794082872411155
4706.937222708368,6.850752260843132,21.986045637523485,39.30850638531048
5218.0928144515665,1.0283647395908828,30.544899916764727,65.6338811923984
3818.5231683042775,7.833781418601315,27.35239995425967,42.35676102958561
7266.124526400402,6.350733980717489,24.239370732613683,73.11865371187129
4598.503189360043,3.3938836339068295,23.085716651371488,53.28068959330038
5552.779296895607,1.2237433579803088,31.556744292149425,71.36183216207647
6205.242865403253,1.8160643304838429,30.746007500763515,71.71395708286086
3944.740467118261,1.270137513129375,34.50738558492,55.229495420721925
5352.286243292134,6.893239534359572,22.923386469523848,45.31634968667126
3857.4468604132244,5.005455188437644,26.909979190524112,44.739835214266726
4214.368489508783,15.856413286647852,28.650105034741234,24.1645545711736
2613.891832357894,1.2630714057461017,26.934996940263314,47.330784120616016
5532.777859327943,8.913384035366805,32.528276305286894,63.10290268268623
5701.028194804398,10.316569781753671,33.262334393368285,53.234917982905515
5153.769818326163,11.495985964635109,25.605412434254003,43.66424951542121
4283.1738892467365,5.454437367258236,39.34271645838488,55.77217933579615
6048.75132563596,3.8095100208684163,35.866217388504005,84.72354659544169
5972.570204959184,14.974491975277797,34.14905109852539,47.600985817286485
4315.635358092794,1.4325927754378331,27.51058475850804,51.28550026650895
6478.744895816452,0.468821488202968,19.455407213053828,75.57153489186172
3912.143200236457,17.946929465587658,31.80061194550696,15.422726872143837
2568.865426053165,0.8526726934427149,24.110338782070556,27.01165335332285
4545.994193992897,6.840924776588617,31.859165760224297,40.43322939659787
6265.524994791045,9.149938843746503,23.236998318859793,57.268715082805315
4101.284405437313,15.872534040180655,27.48504809174614,29.358128949183968
6760.81169124088,0.264156095230368,30.657365306715626,87.44418483208048
5643.166453260597,3.2971772649887066,33.85907638615879,64.07086846476885
3109.2276171056255,13.254091186119567,28.657112168908228,16.629198202876985
4655.139022679867,6.378058075564397,34.209495240731634,57.594148901623015
5894.014215516915,0.24235613039049306,33.558855236313775,74.13540696579317
4898.1911335182085,5.951510925214678,25.909303365343547,54.91317299752126
5894.166396436085,2.5912990768102007,34.12881553695568,63.423063876244434
3080.9116406610774,14.268798274851612,28.831500058919975,21.446291872599907
4205.7345190317355,1.291726581314039,32.25133584117493,51.19343673239236
6362.149800950726,13.930899193289966,27.175684826386345,51.90592431912472
3339.3293635906457,1.2165276109309078,36.40506987330405,54.57959185076694
4878.471520053886,2.3843673877188594,19.76303077255173,50.027947247548525
3829.355982147582,8.261105293933571,23.47946095302953,36.37779775698907
4786.204071910922,1.4048465139235968,32.209083699816695,54.91051948542809
4385.611354044159,1.0514985892891535,30.731321376291202,61.92173853260262
5113.639446811019,4.478725562569378,29.081416941198746,63.87003021205786
4842.8193813418275,0.10337545602437757,33.80921770760269,68.94774680557833
4304.226862489831,18.931852972535637,34.55180582338917,21.97214007153601
5712.243060755552,26.97204976157249,36.93053011785339,26.701505208393797
5402.883526769541,4.845603414057258,18.094104637923955,49.84691475235675
5205.589060060703,1.0129936123578323,25.155163951607193,63.05084893265459
4696.898171789066,1.7988051356843113,36.953499346980855,65.30142893302215
5278.572896089935,17.489412931372602,29.362529461810382,33.34953762826411
5338.582344757738,19.0280553787832,29.204034765876926,35.43886596357014
5038.597832371899,46.64134315189345,35.984195285057304,-25.359083517109426
4624.643986070181,2.408105331095565,39.46114977884959,57.49076030036276
4236.511408852955,17.79514248669804,35.536642428295835,22.730739535521135
5350.092235583722,6.318899139012057,25.944238573420826,48.71695905249955
5246.377429066411,9.884897486514728,28.30710583952075,40.74733378228194
4146.995436567044,22.084820661736785,31.61158587637495,8.449365048411398
4786.710495635043,0.9327093693010096,37.188436204807026,58.41693498218644
4338.24615144177,13.42051422164905,30.617819595803716,29.084510685641824
6187.716089970231,0.41852190188805805,27.037026378726082,72.87945648279587
4368.342790526176,16.79655015289978,29.030305712054304,30.355538236808147
6048.892387882493,19.441668529113848,30.144190609941056,40.37385658755484
5406.759505880721,5.509059143742567,28.830659362657492,52.17075024263215
5961.697134634342,3.8866030859783356,32.9422241356184,61.42037063321844
4079.189903241164,8.59247241466889,32.080958246975996,30.560609786884285
3633.4292058515275,7.193742379418731,35.06278806952999,37.64521470604385
4348.917221754151,1.027820079167681,30.298395663365913,52.27154260848948
3991.480270801063,3.006195957400614,25.282932406443447,40.2516855972931
6182.606721938615,3.3561485452363966,28.62695039239825,70.32801036433513
4187.990818978875,4.475728010542587,29.02363313746023,49.344446885161844
6493.551215602583,0.6028476236748352,24.94017764561287,68.6483016372127
6135.495311422317,8.844891530978838,34.031623605363265,62.69091824841328
6375.992795993535,2.991859412419495,26.609391389505895,72.16280705487604
6365.704306540351,12.702118132129272,36.80443215574297,51.96912969029124
5433.016436888138,19.82451920787982,31.432513525183104,34.20358764989946
5528.036522113777,4.266719438235463,27.618704645822554,67.94335550151895
6778.954416352567,2.514127217149844,23.397588896384406,67.76398227494568
6156.435927207664,21.64096376257358,30.058219053378526,32.11969015296566
5809.6530497399,10.182098765254361,27.763753993628324,44.60667128315131
3336.491080900697,2.3951977796879023,22.379043412675333,34.47095679247562
4773.070885697515,4.94166015917645,24.566628880536655,46.34624580001916
6284.626738924648,3.151308878545958,33.27444289627306,77.36360207104497
6792.376829922237,21.062449175589002,28.71823356158658,37.89277040478457
7192.6825211534815,24.798610963633752,38.179418625310646,43.650540657987726
3076.131952607804,14.485101425841142,30.268784085633843,20.67524568520025
6271.358897841123,17.693230072337048,26.015341150857683,45.741854890121516
4218.191136389822,0.11073954234707348,38.21990438328297,62.73388534719621
4717.35430511037,2.8978009180476043,29.075650858214864,58.848464333539624
4204.323976065771,9.733561453585736,26.481106556637393,36.61806322860196
3011.963623666715,0.8385619898004062,40.53353151071558,40.57346269661649
6393.442117688563,12.25107548765414,25.944994743095677,50.29665357534097
5358.748533824951,14.18909090419082,34.16945997329015,42.69222787698823
5069.854337402879,6.888439079144998,33.41782990851812,51.65489051314187
4324.3945960908,6.9539065597681695,32.92595346515386,44.192620209986295
3626.4760836582327,25.31290358770468,32.397919717364665,-2.6799337083380497
2315.836409121079,14.77855387515395,28.530945511606383,21.97945989867619
4628.972573463219,3.437452538576063,39.682816092595274,52.1088440827738
5937.7149299443745,24.160888326264057,21.520045304595254,9.773941020743559
4731.00932344151,5.137258235681294,27.65364104165427,51.00091413097925
6201.839707246148,1.2439335452449645,34.03815111352106,85.19235243285061
4961.003991365608,4.815442296963623,25.024320415458643,45.82272190526495
6746.743589882322,4.423030321634666,43.072074825691026,75.61790115176323
4460.584263942576,6.306907529128979,32.715948780016376,41.3542166607328
4204.8184574749175,4.230959143489469,36.290892256394216,45.87211314017227
3444.8467607954362,2.4431031512906727,28.859321005896504,41.89212966100424
4016.929435818745,6.710145316529567,28.079333555731036,44.45264716532377
4411.9267220753045,0.45507971226657146,30.697732079555188,63.84653360650072
3986.41416868633,8.095024915976216,20.050915459538288,44.769678504090905
4715.567155353498,5.937206668591238,27.544655107360832,54.663266580827745
4181.900756543584,6.244058476476614,34.88229308628668,44.95677331027254
4217.6726314152,11.845483934839933,25.62380364752251,30.603994848493834
4114.536293847272,2.710054443967561,25.783374522653954,50.1830035230665
4161.042485059703,4.6903395012211995,27.994608076408756,51.63036181916125
5805.83113620937,3.070347933575283,31.590230038601643,56.89023526726034
3919.1949917275933,2.2370834324346993,27.657734781318258,47.80470472993324
3919.267176732991,3.98998215896209,33.47595145492519,52.33147315696104
6162.841473559393,1.822240641455265,22.0634031073004,72.91616137205627
4637.337531110304,4.229595424402719,22.52604171113453,44.79305265588883
5615.051278087369,11.159643163633326,32.50913141075123,57.14125283394521
5275.519913150891,20.441453806967402,31.935015792583567,27.700157212490737
4651.440093592117,4.140894051026641,22.875246637283688,51.32127960644537
5585.303761317684,2.938863259196161,35.70618495325979,63.61431191880649
4586.0285623352065,20.484683582599878,31.73341099286692,30.045001998455568
4844.7467656265635,16.436487305879034,34.80413902614548,35.75493712934307
5099.652577885375,20.25628033608315,36.17294707758642,22.92504987662769
3613.8342621979195,22.75619927217623,28.916546261636416,7.9055396261162025
5732.188463486951,2.325646693127837,35.56529964890031,72.7631515168346
3532.9232863953157,4.404234362634783,26.00374951680853,45.67344198294545
5262.077307993058,15.122400723493907,28.86070082465309,31.250759135486916
4921.094363139728,3.0350267967826516,23.25396285302768,58.61829871300855
2441.9896579209826,21.444244610912158,29.577641093922228,-7.7578788427860585
4306.543644328942,3.7454598950021607,32.874409191082016,51.908296247005296
4726.647767105261,5.029287316817374,29.48427427983086,50.5016438004543
6224.418929188219,12.22016328306465,29.483092859744886,55.87451383778041
4889.159535021557,1.6082884329463965,25.151259140502106,57.183103431036024
3701.1200781710268,3.335584008976731,33.75041055533217,41.53614236002397
5264.156012321037,13.058932672079067,35.08796423791077,32.849286530281454
6180.099028788479,0.9986431187798973,27.656387544733704,71.65613628828056
5147.21297505891,4.545494550143851,24.984953830708122,54.362366569611865
4575.603986648246,2.947649947151847,36.671684399617966,65.95610044852708
5944.250897123891,4.365156079855289,29.05626595031109,62.03134381527268
4973.272729562037,0.7184608777970274,28.311383604386798,63.72792587632466
5921.207223730792,5.089725006761061,23.259548388565705,69.45335399911302
7722.46177261768,21.152108287759056,27.230673183671264,50.99527815035914
5175.986617161938,16.98851151158735,35.74869981982769,31.93990907008676
5353.671716411377,8.170614261571437,29.6288462973911,62.39617068609188
2900.5109656246664,6.140331065874811,29.089310245860787,27.70880087268595
5949.6390066500435,5.698893370166203,36.905281135773215,59.92948469484426
5485.816550962833,14.252651392121638,27.835307220899065,45.44233537196861
5055.40992730181,2.8670722101607913,31.380400134976203,55.68608935679359
4921.068898655035,3.268009223808805,16.52291523432887,45.57566190497889
5240.860870554421,21.34519135778465,27.503874513055173,26.937006532495516
4341.876486176184,22.26105907756792,30.644273827603367,13.997603068955664
4322.435119690049,14.109323091167498,21.115466832963875,29.018399860013695
4994.2482701080935,1.6299858834566703,33.10128908089606,63.991058013125915
4084.5463570134975,11.83635272110446,40.5934383549573,43.86430333336945
5569.174909452244,8.14680539239665,30.227466728747228,51.94583744851222
3391.0029224753216,7.550408294568058,34.03499618854552,43.91866451542927
5808.030585275104,3.2815889695720872,32.94961438581134,65.10982563013333
4943.566397849326,2.596904070079653,30.38491151780052,65.78546851786903
5939.734065203176,10.574306722474242,23.985957993474997,48.32697804141883
6502.1611799814145,10.178925779657199,20.45703149496196,55.155541455661485
3810.016271665343,7.468572277111116,27.141426787256325,41.03176269469613
4278.557385089859,0.5469846303006278,22.634440846856208,48.43739094873613
5704.693947743016,3.783869896509749,34.75274147890191,60.53622362677669
4432.106824582984,9.882945522714806,37.81705570650693,48.600118547523515
4487.966889650854,8.402660393375447,24.90780533602272,46.64566973145496
4483.976539205041,11.46383830335581,29.28138390193034,44.73144596891835
4950.204315493916,7.573594484713437,31.575285579909078,47.6988304029918
6275.17004852945,10.420760494173454,26.91402349628579,55.41508537012621
5062.978873540211,28.236800711368254,24.829221339829278,2.5137647654208273
5023.906638705474,2.8196052579808017,29.233281506834707,58.83285979235462
6575.160691862588,8.814796951907681,27.26702598051684,59.63821348551968
6055.501058481831,10.502886338884016,19.0142120201708,54.74834211241891
4148.029665025351,33.16189442328564,28.078712777542272,-13.757915418469299
5817.654558581444,5.65324996752998,37.6835414926321,65.94115155090365
6270.35587095663,24.995335880439185,29.149743052856078,24.944451915759977
4952.125499992452,2.2956221202644223,23.51629815266126,58.698559424480266
4272.438006430163,0.5515966236826398,33.24925078495032,59.69170590896217
5725.537166039788,2.3871725865673636,21.00658320455271,61.60313120004337
5614.7234192840115,5.198166889417481,26.601769530048678,58.54826819035131
4056.3351534572166,9.071015140232092,34.6414936810377,41.97887374939102
5244.602704313538,5.463746063796742,32.524030678029646,63.53920603664773
4862.78014891705,4.570215630989663,24.819406174198754,39.33821227968255
3694.4133644601006,0.6429275557058755,32.906780481061325,53.675816985767526
4781.361008323063,5.306315575327605,28.278977941342156,48.97738938679872
4801.430137751338,3.4837869049844272,23.010150296370444,50.093891923571874
4975.6315575671915,12.501227470651157,28.703165234640103,37.64669135155755
5288.775459359323,12.893130536491721,36.51523755334028,38.93504679957232
5002.933558722735,31.12630245657808,29.549373731909363,11.744203183184695
5628.7359636691635,2.900449398103389,25.605760833362297,67.08422982587479
4382.7955166132215,9.217660616891893,26.478129692321236,38.60974785873621
4196.720292622433,2.8164098784691576,31.39196902151709,52.17331753608933
7561.558920230185,10.768827641175989,28.793216016439338,74.65590857851905
4971.916843626374,19.66361739632572,28.30213098842883,30.714539154684555
4449.318937232756,4.57544023474932,22.8221157048423,50.942516463446516
4212.910447418237,20.915100967591012,28.435098513885666,13.359511413742332
6118.378014116061,3.507720696797535,33.02693983256566,70.70864822826698
6030.358248376815,2.633114844452036,30.608480579551557,78.70225939290324
6915.440159467527,2.516339014455924,32.96689149085511,82.97268755088267
4137.895795573468,3.432154804587219,31.223911277666133,48.34621512704574
4243.261685390485,6.9402141675706215,27.48747747572464,43.47842877463787
4743.6626479115075,2.9882684918352975,33.10842017119906,57.70473589312166
4395.958932362611,4.180265508264138,34.258000929236374,58.715366947248796
5666.170761834652,12.113085746457092,31.877593050818668,45.59864408503385
6241.34714608007,9.747804179033123,30.00184872298857,55.50688391902309
6240.85959249878,4.505318636100334,21.572304091370295,71.47467398154564
5365.104179655893,21.944007046900182,31.92666742934771,30.859227072687553
7107.421367762214,15.40865924831343,21.837385948397745,55.381783428458526
3417.4911444745067,20.436356508875516,24.49079585340459,7.636259278692368
5533.65712166354,6.439660777620122,28.521669600056537,57.28617243243281
6987.269358966816,3.054209633885134,27.97717925957172,79.99054958079643
4374.5459140676085,12.544414062674518,31.53913414166457,46.590865323721104
5432.428807537377,2.7651149404166664,33.39166025159276,72.39601566945336
6270.5083852770185,16.79998924052795,30.368705299287136,43.04624125998182
6287.453408653789,3.0489095066982133,26.333202151120013,75.61996514679136
4962.645469469996,8.771021756908462,42.41960903965914,59.8568698578528
5865.702177920274,0.0863724292154392,34.746084645377714,75.37419029296169
5311.825676859961,0.3125434533220229,33.10213401649548,66.0750037806663
5881.494672914464,0.44629657225522895,24.33088872949041,68.74283419834035
4273.594658517733,4.719884990802237,33.04119167362488,56.95157512911045
4239.879593424002,24.397346990819496,29.660971442545005,11.713686131737191
5285.33346294928,6.419480726106847,36.10890610478971,60.63731858870343
5047.100037813263,25.248213461790485,23.431347486371333,13.244216219631133
4130.098382217342,15.892141692328966,29.45042259348957,23.33625928156583
6129.094033095329,18.83610494140281,19.406811267290806,33.56825142184265
7418.904891403967,13.330051592340176,29.076754071716273,63.90781887521348
6130.763702977388,4.9913636323169825,31.8935788638892,71.41091334276905
2750.8392843545957,5.011172622831297,36.022217754055156,24.314031994360256
5862.880551400057,0.9027395010847608,33.330578819868286,78.05273625775068
3883.528698873205,2.645144229488723,28.767572430896166,52.22271765854349
4519.191799993052,8.152751676128107,31.259252071075135,51.34129954336729
5755.988337745524,8.161751716042362,36.861218736226355,59.92918178059306
5432.931978822406,11.46149227438336,37.55209826325318,58.040230868016174
5867.114973183381,21.78940064342314,25.27059922848286,31.827620509689808
4737.1576647141665,6.6479961062451505,32.603436883292666,40.55118823768988
3708.1537987437796,7.766824740206543,31.394757195888005,33.80693989124929
4616.727686863653,4.196601752455358,29.67250221347319,56.2993610000617
4927.047063824232,49.72315107692854,22.444071060306484,-39.12125377664259
5226.25252649202,5.905558510916022,32.7157307087939,64.43305867423626
5832.153495734892,3.9537768890816456,31.95864120033546,65.61084061790217
5235.496981064265,4.023763522265384,25.724507513436656,55.66994566734128
3167.2579213333283,13.243758277618296,29.339134952788832,17.615475433765216
4876.552391888473,42.15838141786946,29.567212987648325,-31.4913123371453
5277.272632533685,10.876608676782318,29.338227949614083,56.67432222109899
3535.5906070693236,3.9389618468377052,34.996974180281626,41.35300935271455
4980.98637793108,21.97254703733546,20.923324420457654,14.311472331040495
2866.9329307553335,1.4027478504766677,27.860020765804386,47.301201562269426
6813.03355787341,6.295879556180859,36.69941704366674,70.45982939328502
4887.049781082764,22.64938193507923,26.53189527103048,27.580597840062538
5635.890596814534,23.361681373535642,32.88217546997866,24.19711295257578
4076.206374740555,13.352036007380905,38.39787942030253,29.848268075610417
3955.1744214165305,1.9800384019303947,26.628583211600354,46.8843366675102
3906.7760641319633,10.271598019132043,32.73098220578798,30.235650055652435
7150.752007337695,26.834688925571022,32.8969856866689,47.545688954398415
4534.062522002032,10.31120405293408,29.031492030463237,45.00400128726708
4960.242111404429,18.714528693542785,33.63736458773931,35.7443698659294
3754.3396467422226,59.61028769616469,25.007791449797036,-50.0
5877.6134665770915,22.537744091027918,33.491400559023866,38.11570397556964
5411.908955875246,21.472723535313122,31.213856007235172,29.876967154123722
6182.97529602375,10.588169605493789,21.06715649605391,44.56113726408825
3621.723009792746,3.608922778997737,30.241654957960513,37.59866320258408
4946.214830433483,8.342714291645695,25.35014999632636,52.78328528333965
5732.810817270738,6.575370655801203,31.24381227987707,65.84572724077594
5894.255910016067,29.866100142797816,29.293365053263397,9.255603802121664
3729.392970296126,2.1372409944758757,26.726523425437314,46.355646694719404
3545.2165689941394,2.13735580631415,34.888324804444274,55.519369653452735
4061.785188258435,6.87945451097812,35.36581531629355,51.80751220744562
6030.2496660431225,16.598952976543476,21.805347627265043,41.21511020508135
5251.5470046074915,3.4191627355823178,31.608500534162122,65.78040542886676
5951.311847907804,4.279751406528499,32.01559549588188,64.11299826177729
6247.862838555167,44.754677950582106,34.97412639951501,-9.252395933984818
6511.313485501046,5.34289348541285,28.68278764259476,68.90654851394207
5857.71545872541,14.454446615964002,34.27189976402178,45.109743683878385
3637.808518807466,6.016650734399561,22.057074889131798,36.843512493668484
6634.515458780443,40.214003029887735,21.214507877523374,3.1093543768312966
4939.105092919672,3.5927628076118507,21.7850044029388,55.48954572982436
7104.602646335614,4.233111747900791,36.83890346069902,83.42229578386446
3147.727943363133,6.161901370827461,23.910001533998837,35.99046438992768
4732.5949901161075,17.764438771002812,24.71082058382295,22.87162160736103
5582.370175572674,8.704470062887648,31.69535014798886,56.95480707860439
6189.884589681395,0.46867144547926515,25.39207683072327,67.25693985824485
6695.340483262849,7.775022245819136,24.052026377582532,60.356815461219135
4793.075250882561,0.10070958993939609,25.864456252333312,60.18199056742935
5929.285354504567,16.40625022326478,21.60718177641221,30.7647087348722
5102.445890428774,6.837245449704854,30.729660313081368,46.729746854946754
5339.233974890572,1.1582531523305484,30.490936283583764,68.1716358272516
6143.2298731328,4.513526236500161,29.43144274639545,62.97919031685769
4695.301096873346,7.067338309117922,34.25770987325003,51.128879510625026
4355.624795959151,0.7314853129891623,32.24693657962387,60.553126490503296
6700.610359477305,8.157802431551826,34.41010844218628,70.7317972152477
5897.993156253468,7.112711437159515,35.07001792948327,66.48300513335094
4321.276698240538,1.94463537827552,30.651547126691884,55.60407667305287
6285.515206981571,14.97785114760768,27.08552826380852,48.74025763860909
5856.369039660005,0.9989698606110415,25.51438153272674,67.41834783975182
6033.537314045021,0.5560938944775113,31.10576341107768,70.02577124886508
4100.760349345297,1.714121717569003,29.005147317683953,50.122537337970385
5788.944422774643,4.909060348032427,37.88181485402605,56.99942666188082
5798.8316205594165,6.8922149025998936,38.680176434634106,51.098448366075075
3186.053048935468,9.680260542109565,33.799029134449526,37.81210461770895
5336.149832904945,2.0824211870596803,31.864557304052994,68.82126840702082
5094.827093542879,5.9732947296896635,32.28363558168457,46.043321813041445
5606.137836386255,11.951374620502438,34.58872674086106,47.30587534725572
5787.096453001872,10.432576442743247,35.26115321518077,58.939634513236825
5743.843003162775,17.623566586646024,22.54185396388696,27.102131624295637
4774.45264656596,19.917152893246882,25.52267786017074,18.515724750864123
6639.604860242505,9.892450341272665,24.69670986506747,53.99101839857079
7481.893884155525,26.265464491869558,23.246103406501845,33.22120990334816
4200.827493119033,5.143475916148949,34.66297021962415,54.81085405468813
2975.4552675667555,9.704905637190143,26.174993449795185,18.06626590692239
5022.89641673793,19.16088169701789,27.439109054293095,29.243519077167402
4934.352570259122,5.322696797609289,31.852446286109814,57.353201443405105
5317.5764496272595,6.291315776845606,31.515177672661693,45.92130070703069
3376.216993300857,0.699891755200758,30.526482400992663,44.61104175995025
6040.215748436277,1.466862622429352,36.0246131070799,75.51569816054204
2904.628059003722,20.034570655970413,28.95088794846885,3.0186429557214645
4083.10656486052,1.9221384307415743,29.00039766878055,38.304354200390506
3616.1566365394037,7.490715059538747,35.676615388100906,37.84635134499733
6507.653224474335,3.3410644413779615,24.79461906098357,63.00311349837325
4939.9973096600315,8.60813731398579,32.138476529725644,55.14722489226136
4605.86757748787,0.43295300381866186,21.419960679213794,53.224681335374015
5231.023163969334,0.6977636871112805,32.248126230780166,68.4884373482149
5960.8353300837825,1.22333276663185,41.35712345590401,74.85066516736609
3782.7489083956298,2.7598174119548586,29.930984330566208,44.643943117476255
6484.011460221187,10.039794740235106,22.814949577719634,68.93334010062286
3292.1983372961004,9.663274246592824,30.256303167803438,31.234382684041375
3051.6399610609205,9.235300093783867,32.36775337163312,19.06633715546421
5653.691464441746,3.574322091590658,28.968171056290206,59.50507958733039
5946.410871191783,12.71789447742754,37.245947597938894,53.056229090322724
4965.052532265692,2.666211893737903,29.718514947153928,62.485800452947636
4955.332310717597,3.306260048798169,31.402212114450098,63.92090171462472
4027.9909756681,5.0231581900095605,40.148336935387874,49.37068432742752
4071.405547860283,26.338859714692326,28.07667230679981,1.1692619561955442
3088.098674968479,8.331019824034508,27.635267905036127,31.04242440881868
4963.532302337532,4.258329635928767,28.937669982943664,52.27543064197953
4785.363527764501,3.740883887535812,25.013476916655794,58.04817176445704
6165.67928812454,5.60743850150998,22.102358857699198,65.9574713938072
5665.719549181068,8.218250085337461,38.84910183275939,61.44284594873908
4263.215752208618,6.039790978158955,19.925263668843655,28.72827016747589
4491.8866927712415,3.157155729549634,17.07827068694794,52.28641850626639
4662.621348832625,12.864226506592582,32.30268613443391,37.217444255171785
4971.218992596052,7.311999622246733,28.863096857298903,43.82739165841142
5141.201981423783,0.8056366161677865,27.783948709453064,65.97098065307543
6319.476460797447,9.579845956950198,31.571971040389005,44.81549471732191
5164.906669488813,11.308806645062838,22.8359156206216,34.178938961118135
6495.485378635552,1.8566339469862612,29.816696320995934,73.25806061454087
6311.050712990114,4.939619040663635,28.073318845632592,63.758360348816424
4633.983920208197,0.5497789545290206,33.87897283020848,59.458520028726824
4743.368435013222,6.578959565094901,34.299125975205854,54.22922845927804
5062.13010886056,11.509509381655498,20.60909687511503,38.67371747752998
4391.961279343745,12.033634821796682,30.47130652935222,33.262320964164665
6893.420164481569,0.21502373885235512,19.464187098429626,79.52314196741277
5027.41522428656,23.79096981531557,33.015307970922045,17.59766474856007
5006.510276377163,10.127475060451216,29.928899016713867,42.07839755697547
3664.9062856744513,0.34489151934232404,24.730068834384415,46.62025798016935
5909.137872731123,6.402991221510507,36.06839558598799,67.41620930611663
5698.41711578582,12.064399906078178,29.75442090912516,48.945487664313404
7405.389258025394,3.9383668803484206,25.652072844587394,83.86377273991617
6293.601345621937,0.9312913484661973,21.7957297265677,66.15649654669473
5613.969745738606,7.586948284833877,30.579097597995005,52.31455039579153
4050.7911833322382,1.185916349121764,24.37241003760922,46.21864995654804
4587.344157907613,0.8623623317388087,31.197911670613177,64.55906838408679
4059.548417734345,0.5608509534460262,22.184474552844286,52.427475001287
4129.484583568779,2.096891595226924,27.5599128673945,55.4331453624724
4838.492694674162,7.926685945963654,32.18469102667798,47.33013255019802
4391.863152722295,11.393496072013725,25.778043062187635,24.927301293630535
5671.797834073331,8.382128601374445,30.226681146852915,51.573669917515474
4307.342834067063,15.892948253513717,29.611795035621522,24.784663152120626
4868.142073820616,5.0320287034734035,26.584554778793773,45.95474089847171
5242.597308763427,10.788047121294529,14.16759903431862,33.676568791236434
5475.843678217622,1.6723945997721583,30.68643214723146,64.42468503613351
4392.399718675794,19.73125547767611,27.859386646143342,14.142853228146253
4567.557120315708,34.27078006917482,30.36167484817615,-8.755427692626679
5844.239890788072,17.689237858490042,24.179040947377885,39.384467625161385
5205.391657224918,27.734821379331116,28.810904333160494,9.254416424310083
6480.397973445252,37.75099429420064,26.512200268122808,-1.291319437989877
4716.740401552318,22.361978663022136,30.498496218953946,17.13180577636556
4600.420120633042,14.631955135091017,25.946345845720007,28.42377806762104
3887.051568955055,6.414687636594593,28.461315521461486,54.04956549252809
3953.9239754886516,16.022323023936657,35.85287367154013,27.349802179647956
4473.359268277365,6.167685658870965,26.075982947027242,56.50500905487275
5848.439461321939,6.1989657067402835,37.012582452916355,63.76209368237287
3907.4444289400817,4.8220485425668125,23.954756846520084,44.25329629398112
5558.597525702319,49.72387888510913,33.131986764270515,-25.950849705689887
5357.3473201105,7.2007252615027495,21.0501513751058,47.309650177680076
5458.9699963036655,10.302670895505962,29.633370962781026,46.918891591134056
5277.52870301648,0.7857775489088757,27.794195091899432,67.63289073097755
6672.1060936643,3.712231923903129,30.04263690406747,81.62761274804316
4701.398794260164,11.797143038774427,23.500974225041695,38.62685756776988
4465.643946102605,29.823917280291493,31.550785473887256,-4.436035608710308
5801.1145348958835,0.30258109294073615,29.26850646066252,65.6183736497596
4194.600073084773,15.906371793998925,25.480435425830052,37.68970142700988
7887.440530116915,0.5255852612473613,22.005735588863068,88.6021629402962
4625.561919108001,68.43049419230528,31.488629936085182,-50.0
5799.077784558544,20.01664818891473,25.627401956632443,16.403292878704566
4844.5992048582775,7.9507148179487865,36.36232020266076,50.093869795241964
4895.348037048606,23.686351056262247,41.35405687695898,19.24255385040614
4800.231630011529,55.006743983661856,25.96870916995471,-42.770871816890384
5127.4621207355385,2.332691631170337,36.56093986519652,63.84725165131663
5452.063817518532,2.2048232780257635,32.288800264472044,63.99971317292414
4781.490441007472,50.386817604343676,38.42347389564823,-34.310725853539786
7009.349986044508,26.130379439881338,30.49381978027801,33.035685783918396
5731.465498712557,8.675410716437913,31.340205463277005,55.927791214278265
3799.5532731444055,1.1406471398358955,32.23242475552908,46.745333622904255
4194.11934732972,2.796056897721188,36.157693462292876,48.97081348746876
4029.425236934455,5.909293606890534,18.936645149243745,37.353545135947954
5762.836583179448,1.890480302919019,35.790067913681696,73.19846147589658
3239.99742584868,15.123412098232293,16.29455612355893,15.667251487132114
3600.5360949039755,0.30402668888274154,28.99080534928001,50.925598269701105
4471.507214391281,33.01044675171351,20.003352164866012,-8.264775299428553
3926.3898220043484,19.54497310675364,39.627220593678274,18.533773799673334
4934.206485419066,6.9537494766693495,30.528838040964335,49.4726973305016
5998.947659196108,35.97086601947746,31.7489008955411,-3.484751308935424
3701.9420097932407,1.953528739691615,31.374697289418204,46.83153704087945
4546.64683173271,5.414911877634017,33.506313113845366,50.31830225984533
3251.8844896876126,41.72670689974968,36.55857864471302,-35.83803834263804
3935.0646396061175,18.159491176430624,32.15247185699923,17.64408639939478
4002.454539967652,0.06999662790870999,28.435950807174418,53.694087824275016
4827.307855617908,4.726979458056727,24.976910041623157,56.97015698237074
5101.96061310672,32.991537438283366,29.734571301620278,-2.961575610248411
6434.708535483813,2.450962200215761,32.38470294269944,81.69538341649528
4799.774987133213,20.04732801483104,33.61239363954066,14.403325687767063
3976.363852727344,5.6924667492803405,32.39200653789263,45.188199391841486
5900.089667598645,8.726916856074318,27.23948894835776,56.07923113388636
4384.925495681811,3.6321135346302307,21.062015006282696,37.85990847951081
4546.275143204541,10.404765194383055,29.38954658241432,44.123378197272785
4669.1360667630925,2.048945637449802,36.41299306869875,67.2472197550832
3933.514940791607,11.881170856089057,23.52264929282181,32.72450015303882
5318.321512507718,15.675232680296727,34.37604793053909,31.20105811590361
3734.729794238665,22.385665114252586,22.534316472946454,0.8706333726341526
6429.078495433105,1.297583706478615,28.9665578911955,85.10920762599832
5579.622250025312,7.684992232232865,26.246735121723308,52.819718159918
3887.2441194670005,18.173145692905827,36.18174367479126,20.262516487898246
4953.301448762263,12.102969441562468,30.21573788555904,44.899181165669425
5264.166199208479,24.412020686188885,44.92838482897388,33.77611905860923
4902.645475002762,52.17862136889253,34.62072208578433,-36.321739365879424
4698.238223209019,1.3648296310240193,27.427862305372955,60.14341684306396
5199.289138426471,1.2076986349935614,33.37576790102829,67.8851240672803
5620.522788600311,2.3753695382032833,26.84990979066152,57.206143792711956
4221.57977885489,16.037337460262695,27.65799101914164,25.77281775816072
4976.101916401027,12.247139229824011,24.372728773325065,33.884897122967416
5520.050922030065,1.1609552852043457,26.216945134663344,70.93478775309171
5206.442363240958,14.608624494694675,14.849024396550199,25.752301837467364
5138.060425434735,2.9401217288926604,29.31780837692916,59.52751437071327
5815.731690002797,0.8614131730546111,29.96792076080519,63.83254833405731
4388.518035495544,4.282823948362585,25.887302489108606,49.54860634482136
3287.4826227099156,33.6634587432785,27.933931966190666,-12.059004707063565
4054.272665597767,41.576285739591896,30.395087166330555,-33.90251259825908
5854.086399164684,8.07831807551163,24.522692994100687,59.360925613922745
5639.799896162458,7.633093522645218,31.131736202576644,64.59496612384498
5373.037850573759,15.360886755642795,31.08852093742354,42.25261786850588
6158.428701401622,60.141244617312154,31.702417594210683,-39.11688855863113
4982.561948243141,9.84999483715274,21.13516344143977,42.00280572949918
5125.8870782044205,4.1789587342427135,34.28404527422535,50.873367006086035
4114.578414170719,23.87903548263532,35.65751673153343,2.795316616034972
4009.0952888357997,1.8412366626526697,29.946744568669587,50.3171806478607
6447.831640886225,3.050649647845515,30.424834573795607,76.27178721084917
6041.649027501935,0.06317132019931038,31.321270102854058,86.75608319613815
5057.921480240907,4.387829911317864,30.961638592940435,53.472426126178334
4768.906274027232,7.611618937620269,35.84952135210629,56.90044431766982
5838.396351749656,8.86130073726515,32.3974071616517,53.2913569352803
6698.947966478925,0.45625997161451715,35.67924712416465,86.14173526540566
5706.084823173096,32.404206003974025,25.84550435860522,4.947232677323852
4984.221178501656,13.305627091857106,31.078426759939934,36.42140687461067
3075.607678359927,8.302652763241987,18.84648038630997,23.538802397652404
5382.687354862146,4.088656914018694,25.38879763483377,62.40382377945966
5818.06211417898,17.61734188827719,30.782444301252475,36.084882819650886
6475.532319572897,22.67539269842686,32.115727761184914,29.999844146446357
4824.236962063174,31.99515447621964,28.323997907733254,4.3391672757486734
5669.5513230776505,17.980939599042408,26.12093370537475,36.4029430051006
5512.608810767195,5.078598931986966,26.608731626783868,55.082842588263745
4829.537213411038,38.08692638881545,31.431205860015183,-3.6561766583537505
5991.687050467031,4.13788196611725,26.860410916832933,61.31256159117045
4277.903416349367,13.812043511990895,37.894366303635316,35.69217007454039
5339.153088102762,10.865204506652104,23.420624140010332,38.62059540516317
4908.005965674204,7.083042054591737,31.179749743209488,45.54562471494922
3871.820360848851,0.2781823514790863,32.5715042010263,52.48971417736761
6356.262074465874,11.690751949311052,33.578086915886935,59.79661114675435
5781.100899210185,1.136039662351626,36.42920349544298,69.6455401373096
4716.524310349809,14.272003734238686,24.485844768102744,32.7789460166136
3961.4159934848894,0.6998896821596285,29.159348262801828,50.65769751661635
4602.588909771093,32.26103035974927,32.435435598158755,-0.13781021279851968
5069.719048437709,11.067170727309477,31.64198483792556,41.28755513628583
5964.605099018028,16.7209855013898,21.167185610965557,27.99715558660707
6023.393929374359,17.512521416683615,23.494982252724174,44.88478442006046
5549.344019849556,4.341335012421495,33.83262647305983,73.44658390796899
3663.57412456971,6.692881010092596,21.01673181643595,31.146646626938086
5112.040979160905,0.7041665315873858,22.538981805746747,69.43620930420997
6550.471311310101,22.92034238994027,39.99876203526193,44.62736708347498
4834.910060417619,4.312874344543519,23.52466696630145,54.18657961229019
6387.220146241657,30.563670399059482,31.573455805965292,25.345955799429774
4134.411870880932,0.19119551918999272,35.351607703412164,56.281899808080766
5570.475322045515,1.193486412269299,30.126719196177696,69.11889862055875
3369.7326566091137,9.370477471687884,33.16672446927972,33.6007745903088
5661.074379925737,8.056170503942395,20.217845013753802,48.55253490180733
5483.573233768429,43.039799949057034,32.48329097745459,-14.666458321451422
6951.640052698626,20.492272400185385,30.4620962642991,48.08263097664641
5938.531602076319,25.466714764629312,32.73107878254434,23.490592009175984
6044.705784175903,5.37925572644798,32.14747941184272,64.58454136650369
4252.8056213179825,8.205384656123845,29.99501275878341,47.78906338299944
5879.625179418599,12.66085794527801,31.449131738121523,47.91128474392966
4769.70636709965,17.543319952536407,28.032258292866498,24.550139586149694
3908.574582737761,9.4539115275837,30.407652263157832,31.02772074390133
5318.629925950969,2.2310336133609296,26.902139602872953,64.46463927897356
6800.298107179026,2.8774862197576265,27.48130250024173,73.01540819848604
6129.583910709732,31.25096571215281,19.102216288823403,3.7243620926317327
5970.640919136634,10.09092180820968,32.48086192492724,48.662853000149205
5718.095544692252,29.090848522786104,29.75422859399934,18.487893470116155
3238.44990432516,20.30005630949215,29.488181264723583,4.467980718137083
4341.6367314654035,9.886625214398041,26.46568424812001,39.82389110595924
5142.382471468158,28.72689707692661,31.940679588854003,14.13051201760409
4460.561503382573,1.8614261222382755,35.50856770182122,63.98848340277737
5330.528162150061,6.891561010953248,31.079591801579895,54.56023240746185
5007.316575589443,17.572304925787943,39.6708144457895,20.48084044472126
5350.638577786293,0.7494028030699468,32.81053182110513,67.74552229949187
5411.23096931786,6.299447866654156,34.389201756439206,61.00225234119118
4507.0292039196365,13.925226879397812,31.086328522643885,36.462507499277066
4543.717391360697,4.462105002944542,27.05598927264265,56.49654757892344
5805.956721781325,0.04301887071997538,28.97181266681299,71.45557214419419
6470.122193351367,2.2175429532375364,36.03578051669117,77.49902259324615
5196.603634253688,5.858541497592683,29.632105034006784,55.750779496419455
4864.606061758364,5.570588605738854,35.420590558579654,52.9692653990635
5396.325204247697,0.7191748103416167,31.558999946323034,72.13594712891604
5829.3954476873905,0.03746576559857942,25.91362632904133,74.03186640733128
5743.8086659291,34.354550730226386,36.05588756353357,14.682220537719676
4868.873523752181,0.38149283864981043,34.705611511806175,56.603844635048276
4534.612764224885,2.1604397402706437,25.250969545544667,47.04571342186369
5517.046290225462,2.5567963173369614,33.201446349533676,64.23332622812035
6660.61866067509,9.52845015756781,32.308171990331154,63.77917351315628
4966.93536380976,15.096287765957058,32.80971866598845,45.58267134990992
4759.704656039904,1.41069314002347,38.43630181021848,62.74572172636167
4414.198893297766,26.27492002055075,32.71638227049324,17.85197363378842
4394.749887228017,7.836938311599879,26.84771845865695,54.2725275282976
6965.147872134892,1.6689935868673156,23.95911988277114,80.88967419693601
4550.687417489576,7.140589036274314,21.82279695045193,43.86777597009752
3789.313370199292,17.124226038948468,20.783311991749976,14.747130069244488
2643.36956361828,8.871158109430707,29.721850113014813,23.842960024502634
4054.949378264017,0.4829116087735516,25.75573823930285,52.85631300826981
4744.659361009328,17.46881239950216,32.41712876498779,37.140888233519235
4362.576279571301,7.381338399299112,25.57661727919315,37.16274546497598
5566.078529988692,13.05465037386442,28.32489446835943,38.19562978792249
4841.836669248021,17.46669249456485,30.009889888488438,36.58789288395354
4994.8792986915,10.052390819105126,33.73393836370146,47.108015593553574
5042.4104947505875,10.487356530905691,28.205799255952435,39.70582667068187
4057.3717763269105,19.523454739026494,35.0317809316093,27.43808594095573
4183.559697886895,40.534479395165064,16.937612144647773,-25.324718615381716
4929.0871088746,3.0773633956566497,40.11472335057002,65.07863978932241
4077.3986098266123,30.142869067027497,26.44962361558822,-16.217119590109142
3664.324431580449,8.401746969865938,25.379405942377254,32.07608550724754
4396.997508363913,1.9867132230014295,25.815155362139535,62.48977499282592
5437.716747496824,7.379587593419432,20.106802964584084,46.72378805930054
6531.403307762175,9.71500147287841,25.972044468963084,73.66848214156155
6134.584967617081,6.077608099613175,29.185203287698137,59.93910866947521
4463.156732090916,25.10551874103654,36.059712817813896,12.498268838968809
5178.04016463385,4.6887300664752445,26.552029510975114,51.99480980253832
5465.291500578696,3.0519063115036205,28.265590681393643,60.430568243469175
5879.225746865085,0.330117800231271,34.15725526058425,75.79095111525689
6173.77155728891,4.888590022288146,29.83491569126879,68.35931700759396
4214.7007500137925,1.454815202756075,30.085770511442455,51.41802870928851
5737.800857151281,3.3435330625482367,24.409598362917706,70.88109293704447
6201.538592351791,11.960593329342137,26.53917272350928,47.981805761379555
2939.318261608766,13.144257655479255,26.862567104053163,11.647937470011172
4903.298061483905,4.806604947786413,26.929308777871356,47.06084464550545
4207.474949293623,1.9404274086596192,30.338887738068156,48.894688514371076
5937.168407452211,11.104237258221524,35.2673366429395,46.87166804169861
3811.993611283988,1.236366163500042,32.16841262319509,55.206962465650975
3474.145347204003,11.021400200528218,36.138807718516894,34.82776023451922
5463.108953849905,0.1344776048436798,32.38017472706903,78.23955939514617
3945.049008420747,6.716107708981776,22.3296987774009,29.442910176073184
5040.147947739448,13.24685931576272,29.47589197516714,33.617067760242925
6703.5136683571445,18.53553845613706,33.14675403128443,37.36383476907076
5788.59124578248,24.081150434402314,33.036687070299735,30.511195208360242
5559.605676104482,26.523414155549837,34.136558610142615,23.59208267249826
5379.623948275008,8.014285426443015,34.73947835374735,57.4624311371375
5165.191084291974,13.327682996837943,21.173025099452467,35.637203742120924
5180.21929857568,13.608564080392483,28.98314792379426,39.24423707597325
4820.895915034705,20.674686694970326,32.2668440997851,18.967192746668353
5312.36060953457,3.3523827775366866,27.914762314220567,54.07177130493338
3895.970857754007,0.1656505567988871,28.637431681998486,50.1382635082358
5758.596246582203,13.38755261248564,34.091778480734874,44.73296975372753
6310.126131234714,2.433878123637516,28.78481720615628,77.32877597602452
4677.081613221067,27.48965794711782,27.47598465120042,11.61629827781532
4226.6146554805655,16.12828999926901,23.640100936798852,35.13465307117275
3679.7416902403475,35.5389191994205,33.14729252781098,-15.84225030598022
4794.886041951139,14.501004146829452,30.006372907958273,47.12406482077373
6349.113675704521,4.521125739465334,28.949462594357712,60.792418906759906
4711.686898095637,6.277299528145411,30.231884811586475,60.361687810258246
5320.95294802114,5.263243956434241,36.85481011705603,59.95439020896432
4302.286805427344,5.353330614964303,32.59542080998119,47.889138081550136
6684.282988846415,7.2392102242277625,35.2256168331036,62.353402410621015
3400.390158179436,11.445994576854686,22.816794733429404,19.026738720797933
4861.561905555794,3.1665267469340996,25.51194930683218,60.68804001290518
4050.4660113080668,13.716961506873615,25.83572214671973,28.19009321919637
5000.043260995624,3.3806612767720816,32.26316319611583,55.44145891448869
5839.971644540768,10.325321326058425,29.09242927952719,58.03852255717211
6260.2866398610195,4.576828811291767,31.067700644641594,61.94053250570858
5083.401582619688,24.852923261375537,23.4114241698167,13.331237182525701
6070.830156102942,0.21242206117710635,30.353035703221636,68.56376082658156
3996.371491815387,13.52985228302638,35.955781028940244,27.424900622526472
5907.744996809293,11.567837576811815,26.178714913076462,46.22249749324726
5297.721128984138,8.584004932487428,31.27658936300855,49.52447740567801
6389.043597422243,16.205711468733398,38.756474994361724,59.32503009393094
4235.678275405221,1.3096728937725597,25.321888476685288,51.274230609610086
6063.520750613116,21.493932029575305,30.791094974783203,36.383634415276994
6165.140945390605,15.238591659414041,21.74939092362889,36.734070748406374
5714.415902057132,18.94581278160874,25.20679880881878,25.322480066169035
5615.610177341091,2.0708262677455926,31.874838296636685,71.31138986476883
4626.848681682004,12.268783533430113,34.40017063165651,32.38028984971881
3832.7318944272893,32.6611919059168,19.425214918509557,-17.83220041560587
5214.573594737791,5.612705285048374,37.35834143900173,58.595688480033786
5154.588598618157,21.043316570540856,19.987954408816012,18.636585783972258
4696.270135672642,3.786090137389142,30.264557049508227,56.24155544410325
3301.5833410477176,1.539708096314508,33.17061184822487,52.60835880230704
6406.85165770585,32.94001838427277,30.768362748380206,17.11344307175603
3852.8040700288793,13.890542259589528,27.32956946283295,21.86989698400106
3956.628531790907,18.239926684415536,30.421552330861292,14.310895027110593
5137.805437357146,19.179438270235526,31.994718774277917,20.988174149307284
4690.3426168382375,0.2608054172320962,31.57351912466261,65.16518878727359
5981.209613974588,38.31034160221261,37.099164717056475,3.296952606709144
6319.283048115187,3.8548725535988444,31.14897715110159,78.96819628753576
5288.481956759383,6.15572947478938,18.838428667262654,44.556129729783365
3106.5893743284414,20.869009486445687,26.76103376072907,0.8461919873110777
5811.806969064408,5.985919838164899,28.02188268096264,66.83095691003714
3026.426409757276,22.467253426757633,29.63062043404924,4.163329390480667
5908.718589166495,11.660734965566643,28.92804757441617,48.042888188806934
4843.823565483464,5.650050086363313,34.98639794056264,54.77615763814471
3193.8567166334115,3.074445706469833,29.079813522118975,40.39020205667867
7126.081389734052,6.116394764645912,37.62689641069863,75.2989114870352
4943.833680369889,5.339106802324779,29.251667162623455,54.937658048342136
6375.85307371897,16.061211490077127,34.72140679781353,50.38682920068208
5648.859121274021,10.302733683524817,31.096664749714854,41.705959974072925
5169.992012373258,5.439296000327416,30.863220299041384,58.41038563819449
5118.753171074689,6.389988623001315,30.94447389462051,55.45681477597722
4908.9924862958405,2.024053630761384,35.85738407789938,61.569150774916416
5399.77832926331,8.030611279341205,41.879336292256646,56.47856670362537
4885.066781497778,6.872668578774236,28.386259071052674,50.94367375538276
4162.431012904957,22.90469599987489,30.29947300648533,4.696973298253154
3638.1471041525683,3.847359708295392,32.58630504569993,42.98380170189328
4525.897493002429,19.214209404353234,28.97590384250262,21.989304343750266
5589.332489859344,4.425480109816545,21.700763079432136,58.16352774381919
5206.342849475966,4.575745635599623,22.80524733173618,63.03161264756459
3915.698942223413,29.59271221859026,29.82726897831114,-4.995630681685427
3546.298703445389,2.0939275008404366,26.33776143853588,38.9889898540983
2399.434009301685,6.1535275079059994,34.04001603668755,26.141022977837665
6178.323050898861,7.213718656963608,29.427775411727232,65.61769221390158
6517.514246675304,6.245893753403945,21.248459541891474,59.43290593292224
3911.056033577192,3.666015114883378,34.120499395603915,50.781175247932275
6088.102541751697,5.981832872269744,36.85549995085318,62.482032957164655
5487.764101367869,17.189733548455248,33.407242758471966,38.512100561569234
5670.828230583373,8.26342142190622,35.672016880876406,54.89173591485227
4728.446697434249,0.508705949518749,29.009841321434365,64.39697886338311
5451.350648971527,45.31857632874261,40.813265361730934,-16.105286013451533
5398.810597083687,14.90331397618855,29.25270491831633,33.538642795266014
2436.802202523266,28.222072971507778,23.26022552427864,-16.050497563942127
4743.489420144015,22.52307220344627,33.43033875699777,19.893953918864952
6198.111279893164,4.258526757106056,35.462088428985425,79.65124137619046
6501.308006937019,17.56666545234133,21.066076822451485,41.280079939618865
4490.971646168453,13.17142917196734,33.783768864516944,37.11326742524471
5534.138210962136,14.120038117748418,35.70813809538465,43.33970585491716
4342.082099001538,6.528980246985836,29.99127243178237,45.08688245111233
3656.5266211712346,8.282154742387585,33.7120756268179,35.006709271771
5208.84579222345,15.663034410342572,28.58878497257004,34.61105150076253
3819.4389398298154,3.034617046773876,30.067034337004422,52.98936764725508
4503.776221536159,36.82413647298053,25.743919656768615,-14.215261194041048
4631.405707593382,8.701783637730657,28.323559055347122,45.41116874787302
4580.038435729065,0.014796996823173614,26.95344637425022,58.59494735295177
3908.907703415874,18.571717801755174,21.59420455071338,17.576981075655144
2322.777948151797,13.291602349760618,24.150955802284543,5.392137937568782
5830.795095374748,6.942879090478776,31.02420620206342,58.07965727775191
4563.158055392356,2.6428366020560135,35.386950160659566,61.890182948264716
4745.286692542147,2.602110531349937,33.10299370061754,67.78181638202457
4468.886556228202,13.82756504530019,26.746576105170796,27.583543023593855
5067.688052851233,5.1030498379935185,32.78952003363414,53.267903426441435
5127.561607251163,7.774092765711535,26.332037900262115,46.17269973853227
5299.617723290775,7.174487502216767,33.47994318581371,56.826044238857705
5115.5488082050815,15.587861475572142,30.189791926289928,32.36122519662817
5477.347109023833,12.66734766266821,26.6922872418732,34.753337895119
6559.420366972868,5.1102578485687475,28.645774757487306,73.76920114453259
5908.058430405668,6.293343843599236,37.69818398877892,61.733180431606215
5554.858734590889,0.7317064655335269,17.79313572972622,69.69226931334262
6554.046956273771,18.570243192997474,21.367821403067815,33.054148085164016
4929.157810512763,16.592848331158475,27.66091993946872,33.289433772265824
3562.9206229201864,13.485631148431194,33.57626511957042,25.49609652592219
5298.335019804799,7.474204323616293,25.55333641327009,45.51559698346512
6487.130678263914,2.4688341152630606,32.29280099278364,77.27207011126026
4439.922290510998,8.8531656764766,32.929076365349204,41.18985884055826
4514.0838848967105,12.95524913391561,27.49453997167982,32.780634412222
5932.857621327961,0.1157141211812114,33.11418829260974,72.58791686714692
