flow_rate,pressure,is_leak
64.0300540886615,72.85752918867573,0.0
61.06152521118637,71.15202829022927,0.0
60.2863272192914,69.59131117453312,0.0
60.75238716225321,70.18906774776559,0.0
55.21620207710578,72.49456714615096,0.0
61.44643196720986,68.17628120439592,0.0
58.23018999848858,71.62006210115713,0.0
50.742601750529616,68.4185923870064,0.0
62.72589627578048,72.18545651256342,0.0
62.038251417292045,67.26499821462619,0.0
63.339063231823594,82.27813398139682,0.0
64.20183125070311,63.428335597717215,0.0
62.17599772630409,60.37050242029538,0.0
59.29540304332727,70.88400469496283,0.0
58.66822362510486,65.28461312842569,0.0
52.64800091834952,66.17472868143312,0.0
68.32631672966338,72.6293160758978,0.0
63.528696396706394,67.76116377219176,0.0
68.08121415243622,68.01909358440233,0.0
68.05547843576934,69.30900126748179,0.0
61.38877566659756,73.10473287196689,0.0
67.81112599660622,60.84078369439412,0.0
57.430348301890945,70.339465594269,0.0
111.20406235997578,41.51166569863393,1.0
67.99490121761988,68.99322820305089,0.0
58.86210144635826,71.80205809502476,0.0
60.87898796817232,73.23277578715314,0.0
53.106972203603284,67.89770803696747,0.0
63.5788165540101,68.31177367116591,0.0
56.82036473404488,73.94414299455971,0.0
62.807552461960924,77.2832465221187,0.0
56.342414374434426,70.6428406526827,0.0
57.943816246053096,87.79827977257263,0.0
47.170851617134524,72.49602467090578,0.0
59.72194671757125,68.76034209112909,0.0
57.53271550268095,63.6062678486119,0.0
65.51736741278285,70.66774972258992,0.0
57.05984323387,69.27051571502582,0.0
68.95483392119718,75.73510415718286,0.0
57.53162704729238,71.55068557412298,0.0
55.84041717692783,57.142093533953194,0.0
53.64061243408732,65.17678042256716,0.0
55.05317010719623,75.06096204484085,0.0
56.10486138332688,70.67964349303399,0.0
58.80830676047618,70.39893144085835,0.0
57.70165889616254,64.41916060861703,0.0
58.238777473136864,63.87343492067793,0.0
62.23320148511947,72.04317815447764,0.0
62.31286510718562,68.20500528847334,0.0
55.67675258354704,77.59338185939842,0.0
58.758047979241226,77.1564438569817,0.0
64.87741713743358,71.5312519146556,0.0
63.42381610997812,73.81310313125017,0.0
56.91787195643448,64.24462623576791,0.0
57.85429683829577,69.12848073645114,0.0
53.3205306243822,73.81997352472975,0.0
60.757442574724536,60.20012140430697,0.0
47.97188983140515,69.1880513835878,0.0
66.15925406088526,65.43298402925711,0.0
56.22347598542731,80.91584051897293,0.0
63.83849928688194,68.23803609609271,0.0
61.53652071709975,65.83316425269416,0.0
56.15498851823197,80.66778893942217,0.0
61.63532946039734,62.120706114930414,0.0
60.507795988148516,62.856798483072396,0.0
56.57395976011091,68.69132573070168,0.0
56.72030145071469,67.35402978818036,0.0
68.22654955831288,62.373163481602724,0.0
52.977191790129055,82.76251653060648,0.0
62.16962198322509,75.32565268343572,0.0
61.59692124877591,57.45627341083646,0.0
60.89438271646641,69.81447838455972,0.0
59.25194582102839,70.57841964739654,0.0
91.45380559496193,27.72175355950591,1.0
54.76583929761884,59.75599212665458,0.0
59.305362809717806,69.47475297237345,0.0
54.19251891409186,61.78516877980677,0.0
61.209521597094714,63.15274611106313,0.0
59.63116021262739,71.12978370135173,0.0
64.2439328139596,78.55943482716921,0.0
64.64375431226439,70.93022229314573,0.0
69.3365171649819,62.433775240017866,0.0
64.22493343971567,81.94168301331389,0.0
61.697160124824826,63.46848219253975,0.0
64.11500084390029,76.67438117633708,0.0
55.15804126007407,68.24639744244,0.0
63.2276834212108,70.37805069932519,0.0
53.64167086220328,66.50408253508375,0.0
65.10649022715755,73.5157224797355,0.0
54.704631237432665,65.84972085514148,0.0
62.09621483096302,72.2575641303572,0.0
65.95865299059164,80.65955309881319,0.0
57.530108557547386,77.059072195126,0.0
51.030175427101746,73.17814312426643,0.0
53.76636661464803,72.62470886525786,0.0
48.91654126010656,78.47208651293695,0.0
65.70363650143904,73.36783721996335,0.0
65.46811623036285,62.646947716997715,0.0
62.223493581057014,68.28147630154592,0.0
55.96427295215855,71.07403372861819,0.0
59.3808684359195,67.94865672491458,0.0
57.264721518793806,65.3179029219718,0.0
60.324885099881755,73.78381193224777,0.0
57.11074086838693,71.67334444616522,0.0
69.53263981447209,68.99031083719791,0.0
61.8703932700471,70.88575031458946,0.0
71.74970658458722,71.22274730654178,0.0
58.6363712792949,69.57834557874644,0.0
56.92781097192156,71.74624676225537,0.0
58.44326963681379,80.7206284659324,0.0
56.4306784347002,68.19053817062623,0.0
52.27078624703606,66.87732075197118,0.0
55.24780279924111,62.89610221928912,0.0
63.01292895093423,66.78780004913271,0.0
58.819722105991886,71.16511441539522,0.0
65.64490970578106,73.08077966128833,0.0
59.76517523350236,63.56270046195953,0.0
64.24582189829015,72.77742606882494,0.0
70.78913510916709,75.13732841046398,0.0
55.12734740322451,76.85517528872398,0.0
62.94356560576078,65.29638703109796,0.0
54.81513992046891,72.52434144868623,0.0
63.268935307961264,70.62795814222576,0.0
58.137942717772084,71.27249941832034,0.0
55.73210330602235,69.63480346608226,0.0
59.99139221006138,68.47876169471543,0.0
52.37035463436344,69.94266479780534,0.0
53.95987865002197,80.504168245465,0.0
64.99519945509468,66.6317381159311,0.0
67.66970330589072,64.92583748583988,0.0
60.06049305903394,69.61939709237228,0.0
57.60899491947334,63.78101249386841,0.0
58.99237756483092,61.02524250940712,0.0
60.649760120846864,76.76187270128224,0.0
108.90799301392812,31.175604649339938,1.0
65.46815463553935,76.60316715083204,0.0
58.487225186846125,69.8510255947294,0.0
59.16593022203152,63.1218587053668,0.0
73.54553970459651,64.6559206548462,0.0
62.639958376276006,75.30712959383791,0.0
57.94016646264722,74.17976722449373,0.0
61.369211872457875,68.42222570115541,0.0
56.212413163322765,81.54372111020625,0.0
56.592078449991874,68.17949955796713,0.0
56.68911194544467,68.22047269210559,0.0
60.787206049209416,65.4002012452818,0.0
62.788820661709856,73.82933422082769,0.0
55.814169592011034,70.90236368134128,0.0
55.226288375497624,73.67984501575903,0.0
63.71685751957864,58.63981588266627,0.0
73.84967708990017,68.22687494493022,0.0
46.261684442001524,76.45935529800522,0.0
52.85169183096301,69.3829424731833,0.0
57.29095930443409,76.29848232774765,0.0
66.3547888088675,70.41360725365516,0.0
65.96989370306142,71.20287107434676,0.0
56.04461395731064,74.29803104196672,0.0
59.28367076972565,62.6093666970616,0.0
53.34509204212164,65.59495008943748,0.0
47.58647332969514,64.50989722346175,0.0
57.754651072658234,69.01861152842493,0.0
59.63747076856442,72.36615644072505,0.0
47.55369574189506,75.41430675241716,0.0
117.6016682473901,32.616230962014654,1.0
67.69661292189706,67.00000756106901,0.0
53.69254552561003,70.08617719248161,0.0
57.004786145256034,69.85344252615211,0.0
62.65250611807122,64.0720052867027,0.0
62.14495583599424,73.75831608620999,0.0
64.64602626461354,73.5773333159702,0.0
59.3799896842918,72.36106063713521,0.0
54.864262530473304,69.65406827807459,0.0
59.98246601088868,78.82553263937206,0.0
58.20969884142394,66.05900532713116,0.0
65.22080764285334,74.41286494744823,0.0
66.46281081637414,75.5111489258418,0.0
99.21105523568266,27.607954322086975,1.0
92.33659163213885,43.59569640932011,1.0
65.00568999916405,67.144857098765,0.0
57.835140494697114,75.54317993715722,0.0
55.8979281825674,73.21317899364846,0.0
53.119337448260815,74.66388771880861,0.0
55.27086077927411,66.97543828308633,0.0
64.86823051673079,66.54721270029752,0.0
65.62724659642878,77.25268756319035,0.0
63.46758272434035,63.43545921885577,0.0
60.55019527029061,71.09606584814601,0.0
61.9871295164797,68.49841779472911,0.0
61.8786537039302,68.90281422287856,0.0
54.36609820741869,72.28959247396286,0.0
58.30955276077543,74.45993373057549,0.0
54.05609037519916,64.88865082966807,0.0
65.41924768858186,75.44513131530667,0.0
59.60208746990625,64.64492213961294,0.0
61.716934173976185,69.22771880763598,0.0
64.89087486292108,70.53454680313499,0.0
54.945544960315544,73.13440494472121,0.0
59.53002086761201,61.23669525875317,0.0
63.171610772315915,60.353428430749766,0.0
60.40139245685188,78.46831141443445,0.0
65.53216105392332,61.609640869750336,0.0
62.061375954322024,73.16582195285284,0.0
55.423238162023594,66.82988712643227,0.0
70.1004504873612,62.79456094644739,0.0
58.869655951007665,62.609096545457604,0.0
56.61100836630096,70.73224106203067,0.0
58.65499732443733,79.56947502711213,0.0
53.55127053830318,73.68737262709081,0.0
68.06694897046512,73.60156045514613,0.0
62.4524424088468,62.15612562496624,0.0
61.130510611855065,69.99269954769946,0.0
72.00862528888777,65.1819381196354,0.0
64.77695846618752,71.95540876485158,0.0
62.89384050916832,70.15238221088383,0.0
61.54284880749991,77.02423123272666,0.0
61.83922640628443,63.291187135101126,0.0
53.40537566141613,67.78730222621182,0.0
60.33369990416492,66.18494049654304,0.0
66.36644900002872,73.33323624600912,0.0
57.065687652461705,70.26113776547007,0.0
62.2190450849346,70.92114050626917,0.0
51.42170887528139,53.35501376963913,0.0
59.184284878957975,70.0228308918989,0.0
63.063882980236016,65.65989049767491,0.0
59.54908318432322,70.84805409419651,0.0
55.17216902128186,72.10314399147235,0.0
64.33923125533647,73.4067433579114,0.0
66.64443838668934,68.99143361518125,0.0
55.52567379087397,73.77539846852349,0.0
71.56942045007978,74.84242424938111,0.0
53.94988849867586,69.70780773629284,0.0
55.58722715117549,71.31230019166158,0.0
63.332227803585134,65.97136930988707,0.0
60.00219077138076,72.69493694392438,0.0
61.06832933366151,70.71945047416793,0.0
58.52413473517567,63.1212604219559,0.0
63.80729329592131,71.13773232376533,0.0
58.8669921823683,69.35916543192975,0.0
110.81374414486973,42.86628763557839,1.0
60.46086979872763,74.08879007433148,0.0
63.973814613452525,68.06763827758459,0.0
69.37531335230919,72.38381489923094,0.0
53.17114418060003,83.08974036358742,0.0
58.41786010300208,67.16154934714811,0.0
70.56821844494576,68.39137043827228,0.0
47.77141148205592,71.76997166506702,0.0
61.60100495159383,72.98950556036374,0.0
59.91709458144725,68.19411640023806,0.0
55.73543030494022,71.67009601841917,0.0
50.30497672880612,73.26787769103304,0.0
62.965483079157345,74.19285986375358,0.0
53.77710043820032,74.56769039266985,0.0
62.72081862818302,75.74929777549649,0.0
60.136477943469295,68.74670944947476,0.0
69.70732583315896,68.47574324471796,0.0
55.75253318638943,74.65487313335613,0.0
64.93995745845636,71.9174099266665,0.0
54.70728304752935,75.37812240469582,0.0
66.46551934881552,70.24448185659998,0.0
61.269977204638145,72.77448910090655,0.0
58.77570194763433,63.01102058239982,0.0
60.63049680812877,72.83217918670313,0.0
61.19663612135022,66.95932453898168,0.0
48.63208325183089,73.99925931811852,0.0
63.6333848771838,63.83982289963624,0.0
72.77431843362143,75.05392943393478,0.0
62.22566276219611,76.35084443583422,0.0
57.995471131829255,67.70898171902017,0.0
60.25970310579447,65.81808521878833,0.0
73.6059536399598,70.72931969392327,0.0
54.81401933981702,76.36796753077243,0.0
49.11401049550173,79.91028613551742,0.0
62.93823957556297,66.43162241886442,0.0
56.7654333822626,65.95648517987601,0.0
65.36731782163533,62.12021081168487,0.0
58.76650804374295,70.77084170324977,0.0
58.99159400641796,72.37156089997654,0.0
55.632097148052445,65.87026119999379,0.0
113.97228692685943,34.12153532749651,1.0
54.799978432099145,73.2982226518677,0.0
58.72810554028949,66.40164519310697,0.0
54.39953688268218,64.8226056372868,0.0
57.52313058858082,71.79784775993701,0.0
58.8133054181383,69.41588343977823,0.0
58.541249890832724,75.55229156521203,0.0
60.41760135096122,77.92302784950711,0.0
62.402345210412605,77.32462447333465,0.0
50.85746496616496,64.73170974741132,0.0
66.14327328090125,69.60948693545603,0.0
55.087204533673145,70.13058905318155,0.0
66.06640748779002,75.58112666455864,0.0
108.61903119043255,37.98636926632872,1.0
60.69392517177606,77.04326105708809,0.0
97.81426654683935,22.63201824771272,1.0
62.00578735842883,68.15465515544685,0.0
52.799590552159195,69.56817957094407,0.0
60.15204199752666,73.8130971975007,0.0
57.46046204762943,73.00021810348896,0.0
55.44934753909286,72.5185765510716,0.0
55.62656158698721,71.96691381722134,0.0
57.22296705741853,61.65496857740637,0.0
57.52051966413669,59.49372628180479,0.0
59.73983959183411,69.15456178222453,0.0
57.264190735021295,78.74590819657136,0.0
50.07479627438014,75.84765803813022,0.0
63.16822045698956,67.33420074156922,0.0
91.81339239516669,33.03223269504174,1.0
60.41790750437032,70.23430898147939,0.0
62.95816972626249,69.45222603503198,0.0
51.97796569287337,70.3737484941193,0.0
60.8754983597809,71.07001621329033,0.0
57.25836118388082,73.17939849755331,0.0
65.75145487393274,72.2671854176789,0.0
57.85164443975105,68.67654496122547,0.0
55.15617389857559,68.06325482797335,0.0
57.25950562238671,64.20949391369619,0.0
63.04159274256958,73.99484553106066,0.0
62.5955291524042,76.1939180205805,0.0
59.46059056766327,64.69984675177669,0.0
71.77484960379776,68.17141828265248,0.0
60.022497390855776,74.3991405275242,0.0
68.0010210977155,70.93034106654842,0.0
58.38179344166468,64.97636410080035,0.0
59.223271275042016,75.73295418812911,0.0
50.57997755876886,71.87872965384683,0.0
63.977214605548674,63.58443699257615,0.0
61.71171195525452,60.7736528941331,0.0
51.60675839513571,73.352822094418,0.0
61.44652394481183,69.0911008627119,0.0
68.02562337221354,71.89563952098605,0.0
57.55627402013791,67.54740865815441,0.0
60.794866853269504,68.28104146873518,0.0
55.37674310928255,66.40270329757256,0.0
64.39797456568395,69.81054870314009,0.0
58.58368298362086,73.47702927290602,0.0
55.64653845209102,68.45212589921302,0.0
56.11804656660091,73.93896526068612,0.0
62.46386031801172,63.051736697338725,0.0
56.10369898231849,65.8090920870599,0.0
49.99179726628866,69.39760722637801,0.0
60.56032250220121,72.06179269389439,0.0
68.69935597174138,74.80159571950607,0.0
62.50650943903921,68.36579934495786,0.0
63.60751930959172,74.1715302612758,0.0
62.32389315539476,67.78476032748955,0.0
64.7267462322747,61.75103576382732,0.0
60.263264133994596,71.2795695789745,0.0
52.83906745203029,74.1396985319483,0.0
52.85289286418964,74.60746142703113,0.0
57.01316399437732,74.71494326750879,0.0
58.690440614256005,77.07380369932959,0.0
54.98190780353245,74.47205088990196,0.0
60.07646086102945,77.41945764968055,0.0
64.82493627912729,73.79197596376802,0.0
56.578823290742676,63.90674693403505,0.0
61.07844054148272,68.85303803213833,0.0
66.18579382505449,74.25172038015253,0.0
63.233000290452125,72.44222527381808,0.0
62.43390551683972,67.21405031205705,0.0
53.60435159843364,68.16626752808307,0.0
63.24488591415479,64.29380551546953,0.0
58.43969984932499,72.3924863179771,0.0
62.056564707921034,77.88175489756071,0.0
69.12559591989746,69.4047354541129,0.0
59.442594786702806,74.04232239911306,0.0
60.60700344108695,69.17307260583114,0.0
56.76688488849736,69.79630146553372,0.0
56.197283466019975,63.92609471408543,0.0
64.774715670266,72.74901173338762,0.0
63.391913768154204,72.50724689146335,0.0
56.93257267928898,63.56670248782653,0.0
62.562013537196194,71.49760391675142,0.0
60.72517746709941,67.36821489427648,0.0
59.15668528251391,70.18647668133069,0.0
63.07832110791959,67.73825211336018,0.0
60.997866586968016,75.16414176261003,0.0
57.1796865650974,72.79669141877925,0.0
55.79481785810718,69.41411805094839,0.0
45.583436237885095,74.17921365250466,0.0
56.92485525458114,67.6795398850483,0.0
54.973142660398835,71.43212275824271,0.0
53.104555647781446,71.4387362873643,0.0
66.96093255392591,68.07879024677555,0.0
60.754819195942495,68.57296923139707,0.0
59.309502169242236,65.76190250756792,0.0
61.93994768695212,71.47173322026333,0.0
56.92850138118493,64.54440488916144,0.0
54.384768626324416,72.38248870581509,0.0
57.28623496757409,69.88384522156477,0.0
56.22023225408321,65.40903337923655,0.0
62.57567046579643,65.98957510922487,0.0
61.006596594575306,71.39320884952943,0.0
65.9658597780056,69.35647530190145,0.0
50.14145751318716,63.206832319786145,0.0
63.258999144784106,66.26533919242671,0.0
55.38281635017191,64.23588486680711,0.0
59.78481928407128,69.93251324934872,0.0
53.17287213574087,71.50497470319118,0.0
63.15827232393288,75.57579112876032,0.0
68.09441997492452,72.39005269975928,0.0
68.77448745327649,72.06100514793741,0.0
56.16527698759221,71.6038284502228,0.0
68.77944582677902,69.02203245222631,0.0
63.074021669313495,68.26944507326667,0.0
61.0451287346776,61.24701880462658,0.0
67.51675619810614,72.1917043558317,0.0
60.415224008733865,67.4420371686874,0.0
91.54361419400905,31.158536062073715,1.0
60.828122397842726,83.57109194952865,0.0
59.269716882867094,69.29946053011246,0.0
52.86452981115224,71.58131087972842,0.0
61.022278873729014,59.8941984817171,0.0
65.945830361618,62.166038689947605,0.0
56.44285423308029,68.60174208452328,0.0
54.14127319499217,67.72628964660878,0.0
64.64021807231882,75.18119795215719,0.0
55.802759474382455,72.56713201590563,0.0
61.39583317798607,73.23127489392712,0.0
69.45517952210567,65.30111219306926,0.0
51.94877735083037,74.3525892284513,0.0
57.554071243132846,71.87996810351235,0.0
59.02994536489298,71.8606303923757,0.0
67.2716572195136,66.22676431397856,0.0
67.1533423608366,85.19053713761599,0.0
60.961198672712065,65.42483639298428,0.0
65.56586477390329,66.12403312155874,0.0
54.648339031988904,71.68488274082469,0.0
63.79182956934651,65.73241846385767,0.0
91.79422576607189,31.978467705290516,1.0
62.60777801680932,74.4553167514646,0.0
68.60518328804895,66.0272761116903,0.0
74.64097735377077,70.04486904666678,0.0
61.04326230614368,70.98475463856947,0.0
65.90168578881652,67.85136986031348,0.0
65.874102698865,68.26435676348716,0.0
66.13338452164929,60.18527596223507,0.0
47.022679161064936,65.8829438121916,0.0
61.70602253411722,80.37475648995718,0.0
57.344246459252204,66.63111195830331,0.0
57.209084402651285,73.12228745628761,0.0
63.993605865866954,76.31998354411803,0.0
63.452774961601285,68.31220356011829,0.0
59.33487992512718,68.27828765599034,0.0
57.80490435477195,63.401556617345065,0.0
60.08625048154319,73.44648339467282,0.0
60.76529310348502,69.24607936075748,0.0
59.88551297729302,64.3149758311767,0.0
51.24682425193718,61.712323833856445,0.0
59.1168528414356,65.22768989022407,0.0
59.06128114699703,74.29746694342886,0.0
61.235225546251435,61.38972728815111,0.0
65.73245461637796,71.05460063405421,0.0
62.54832648501171,65.80131911795783,0.0
63.478173183990606,70.81617805647801,0.0
65.51252892542956,76.79939155754043,0.0
57.562260830405776,71.20346992973711,0.0
56.347873495834435,66.52283745695007,0.0
59.11495889180678,66.94808840578452,0.0
61.55367202847923,69.5023471444584,0.0
92.70288326200155,20.11616240826545,1.0
54.21666330148493,67.28052553038145,0.0
64.91730351307413,71.8340342834214,0.0
63.193792659624165,73.32348277237213,0.0
62.032525017580234,71.982249700383,0.0
62.727074055702964,73.86654365659842,0.0
56.06771368500777,76.32336755370982,0.0
58.66073982218701,68.64247838559163,0.0
64.22555746037688,70.56593009602466,0.0
64.71206275839201,72.46124848076201,0.0
64.67850359150206,72.25531218686174,0.0
65.31416456940134,61.59158285307625,0.0
64.86159058475045,73.47281731595176,0.0
54.83129061852634,71.46387944422584,0.0
61.14054990341605,68.38344915380706,0.0
57.35169671735352,74.08050611191345,0.0
64.26287324997503,70.49072971837082,0.0
67.19983040139368,69.55773968631341,0.0
58.792908826678264,68.39648870100926,0.0
69.83734089255093,66.47285216227112,0.0
64.43183338873253,73.29608829278249,0.0
64.32466871070534,71.70318244930205,0.0
55.622098828309255,71.69398264042319,0.0
62.89395769025254,69.32514492622707,0.0
46.01837971972007,70.70290987429655,0.0
61.5385965773746,70.71008795833815,0.0
58.563012876536305,74.3329342419546,0.0
64.98939322964566,74.461614409861,0.0
64.36148963660413,73.77786064927894,0.0
61.86902163962536,77.42970131476179,0.0
60.51729965961622,70.86639877440889,0.0
106.95750646225855,44.60081894010145,1.0
62.379241616155525,68.92775254457203,0.0
71.04136232146361,72.15210597684252,0.0
57.949725033375856,64.24232477170163,0.0
58.90995013002713,69.7398544911426,0.0
58.00661729413436,76.1626282219298,0.0
54.319412605659856,72.20119338061326,0.0
59.50115870438416,64.46103196206165,0.0
54.32280283362282,72.97544788630934,0.0
59.73747659990761,68.82780962029695,0.0
56.367533303755074,79.65382954017136,0.0
67.53609210470067,74.27668462996405,0.0
56.044129859980174,63.95183188313403,0.0
63.723015652031606,69.05327275194905,0.0
70.64249289593232,72.3305462033493,0.0
56.00772967208383,69.2785301602776,0.0
63.10320543048657,61.097885017923,0.0
60.00977309282971,67.79639364527445,0.0
55.7756539790693,67.45543192109656,0.0
55.152687961386256,66.52771932868022,0.0
63.632382849190954,73.22750855526172,0.0
60.49092761550854,69.92874044761214,0.0
103.68428904399738,37.08019728115861,1.0
54.734030847767116,71.92977134276369,0.0
67.03506413886355,68.89650975157348,0.0
56.86458957009514,65.48126864277995,0.0
51.1294821825408,69.26874574781186,0.0
65.93935224127726,65.50623982474542,0.0
61.13948451935126,69.94500429970681,0.0
58.074914225347655,68.618183855986,0.0
63.48637457375107,73.80096904938809,0.0
56.34466944578253,65.72773366922199,0.0
61.37826159076626,79.04294652357655,0.0
59.336278004814886,67.23485508890838,0.0
59.83585032382474,65.59671097003327,0.0
56.9965646901182,76.08602707064246,0.0
67.976666590014,70.64556833704067,0.0
54.85051316365115,69.17933947236068,0.0
62.803318737545226,70.12373431897434,0.0
57.50539775413891,69.63350233147695,0.0
65.53402558515019,76.3447147826896,0.0
62.232950884135214,69.51483112075483,0.0
58.494236428419164,71.41343319478457,0.0
55.24901960785685,65.24293677362849,0.0
62.25717053192426,69.9095649761931,0.0
63.967087503753426,70.16921450637139,0.0
58.5325281527624,72.75747048472259,0.0
70.63636425378382,71.51899631119642,0.0
65.1860102478267,68.4466945641514,0.0
58.18228859628058,73.25683630830322,0.0
68.25295925856295,69.89187665367602,0.0
62.40810888840004,67.33063855022347,0.0
60.99421309581454,60.454983802181864,0.0
63.13443311935471,67.55173196259088,0.0
60.40295566500038,69.6108156799317,0.0
59.3039477604717,64.23616738293777,0.0
55.09069013664446,75.82746440423128,0.0
58.97843099327826,68.65988904128777,0.0
68.06543602078511,65.95587311884579,0.0
58.01608594126228,72.20067855233333,0.0
54.74609489859249,71.26355750991856,0.0
56.79991718320434,71.69326097395479,0.0
60.67594444412852,72.6725921365178,0.0
50.3143121179892,73.72940444747054,0.0
57.726267842219,65.91530889288792,0.0
102.87540125899348,44.59276443780273,1.0
59.863144936256255,65.62080459856502,0.0
48.66422315455275,64.08594920522012,0.0
58.798771034213836,63.78702183769528,0.0
61.346469362607706,69.45463797188982,0.0
64.13072372592127,72.87867527272581,0.0
53.495631594937855,73.85456313667109,0.0
48.060140364173364,77.9778616630262,0.0
64.24101879455675,68.42358081459537,0.0
58.52548083148518,79.27647900206655,0.0
62.21560875759137,66.32808922498316,0.0
62.953931766484494,71.11614722246712,0.0
57.2032089739455,64.702082393225,0.0
46.99470608198085,70.68180123602173,0.0
60.431254429939976,70.55338122168445,0.0
62.75069969896255,78.2519215248548,0.0
63.46435778350981,72.56670380030499,0.0
57.50887400136871,66.75233061436282,0.0
65.4843149309038,68.34990228553042,0.0
55.927546270478985,64.67767224446965,0.0
55.72118689620201,72.0389429924847,0.0
63.72898349788404,70.81712833711758,0.0
53.38091650593415,72.59969767209793,0.0
62.28297981188351,65.35537832754181,0.0
54.906996945494,68.9393809895359,0.0
60.42717034599982,82.74934707293059,0.0
58.802727912256906,78.96715963485045,0.0
62.13822602996953,67.67274002599065,0.0
57.930483229093724,69.24206313067592,0.0
58.064074059905366,66.94490090020612,0.0
58.25274377106563,70.96089301438161,0.0
66.31324130578508,74.37576751355141,0.0
53.02323476549744,70.42420882448764,0.0
64.94583295606833,77.13221766362538,0.0
59.71216428206363,70.05757144722729,0.0
55.35594231102904,61.14947275794306,0.0
59.85627259985023,71.02551308826285,0.0
60.900450612085116,79.03895622527916,0.0
65.21659258151469,68.51184904137295,0.0
56.95427408609996,67.68978713036834,0.0
58.33806580774883,71.49793307835348,0.0
56.58194085632241,72.67379633892428,0.0
99.82239358691095,41.472911610510536,1.0
64.00323951336291,58.72190462986655,0.0
57.3359167602206,66.62797864587733,0.0
53.58315115874849,73.55764596685275,0.0
65.02630496295434,74.15006414199284,0.0
51.962445910714585,76.63130182259557,0.0
67.61042832512848,82.53322196125548,0.0
60.098374290917256,71.75645269383813,0.0
56.891966566683045,65.75914248643313,0.0
58.367888839273036,70.87962350216232,0.0
54.138669999895654,63.84920047894026,0.0
113.0576298027162,28.250429269375466,1.0
61.958706931514286,74.96969756624591,0.0
64.08341312649357,73.403544089556,0.0
62.65383661585873,70.06184786179446,0.0
64.32622755946586,66.28605716021423,0.0
61.916576087581674,74.64483220716846,0.0
58.55054754644844,70.31491520252109,0.0
57.5255763480077,68.57517981170624,0.0
63.549961208816015,74.31640686408893,0.0
62.75382459428778,72.20493106712809,0.0
60.37376978789355,67.73795911993474,0.0
67.68635599429948,55.55425412863846,0.0
66.24874807007144,64.28589943681872,0.0
99.44873568147665,43.61031342858102,1.0
57.74542061177101,71.73239418351517,0.0
56.03715886292046,69.65212890183636,0.0
61.98737756606083,73.24542041070569,0.0
56.93710567055549,61.38479759562945,0.0
61.06395418247212,74.33717253596006,0.0
54.48685330546507,67.96345002918356,0.0
52.04093082640465,64.65203694199268,0.0
62.55810619915987,74.85112049049442,0.0
67.89115835679951,66.01978474221565,0.0
59.92032566990582,59.61812413472812,0.0
56.68136489159747,70.12391497372421,0.0
49.50982288173284,64.06815690449109,0.0
51.7807707627663,69.43372926451804,0.0
59.99983199116744,75.4158148032165,0.0
50.17846977699446,70.26140788178661,0.0
56.12945060391738,66.55199918582595,0.0
61.05266418689079,74.43918720713589,0.0
57.41651458052992,73.59918463122585,0.0
65.41969295003322,62.16328429005115,0.0
61.74168812826356,69.81032252921993,0.0
65.81152036133291,69.66880196940711,0.0
62.154674274663016,73.22389256318718,0.0
57.88122476651412,64.35332771543347,0.0
59.908369240411915,74.14668942873982,0.0
67.86501409899182,65.58540509190931,0.0
58.66616664108367,68.11015149050668,0.0
106.80109022695518,42.498582538142784,1.0
60.92606145570433,70.65646164655566,0.0
69.19041978804616,65.98485434883978,0.0
64.13487255135271,65.5168413434805,0.0
63.488031618243085,67.5477451994071,0.0
55.991871347029445,64.77764453904919,0.0
66.13771971467023,66.18453782310912,0.0
54.42259945454905,74.3989983642187,0.0
59.85610746672511,76.38950107319972,0.0
59.810865505112496,71.94885036429467,0.0
54.90352162112008,62.22652497586467,0.0
50.98401962263762,67.58828650601576,0.0
61.968003648428876,66.36810786949219,0.0
61.936332256787345,68.47431084025789,0.0
57.14465838075504,83.06595460181015,0.0
60.86138914159196,66.0628574957769,0.0
55.37419240941511,71.69872354122232,0.0
58.16246689760007,70.43667339597816,0.0
53.42168124360134,75.08987011131185,0.0
66.7967749981953,67.76909952509666,0.0
57.39328786356728,66.89905750295893,0.0
51.140599953005335,58.45883109733341,0.0
57.164580658016284,69.9612874235003,0.0
57.718462912152056,74.45927524111762,0.0
54.383751113584864,64.66961775499414,0.0
60.33325829148356,60.93750676125032,0.0
56.222419329193535,57.45236278842736,0.0
69.98324099920558,68.6275340201279,0.0
63.00320182960517,64.93526878166804,0.0
57.61303314132688,66.00383548630845,0.0
55.2052656471726,64.35035866697163,0.0
61.31545671532977,69.30987408191582,0.0
62.92779310821991,62.412484237970965,0.0
55.88661612574286,62.319853876546574,0.0
63.73578019808043,72.26818003796704,0.0
59.05114854498723,65.11949098171372,0.0
58.33246082968547,73.14624605710897,0.0
63.51077619508559,78.22124812558457,0.0
66.25838768356947,62.49503455433147,0.0
62.240906507582174,73.4198685671698,0.0
97.07804502283554,41.36821625215444,1.0
57.75228690068726,66.18301504021098,0.0
62.04838810369108,62.15187724530141,0.0
59.39569138263776,66.02978135397277,0.0
59.70128462838372,71.30773073555771,0.0
59.18454706055704,68.21879721675087,0.0
57.55364476908231,61.80885302113205,0.0
57.34240019279053,71.28563239478723,0.0
63.12154272774458,73.62004563379804,0.0
56.43933698406455,67.8142356800556,0.0
62.5132325040203,74.51545842675984,0.0
52.29664850496664,63.27857867946579,0.0
62.83032446519007,76.33305049916214,0.0
58.829717599144914,67.48589100366665,0.0
62.797028071568974,70.0502263971252,0.0
58.31571758507315,69.28653284129072,0.0
63.98730599638113,67.53044756358365,0.0
58.16576820680644,68.11490228006829,0.0
64.67529695736629,71.67423693019423,0.0
48.80168579939565,63.689655382404034,0.0
56.370203488065826,65.47475739578597,0.0
58.014495534899496,73.68656085830686,0.0
58.08894999595416,71.77289721855652,0.0
58.3641704854697,61.12337228533801,0.0
60.88298941278786,65.64770092074899,0.0
65.78900807107621,66.200355007408,0.0
58.742280487760496,69.71128216997515,0.0
63.549636552283694,67.33696952850437,0.0
63.00556233035472,57.849249258993815,0.0
60.718704617981565,80.23637521716165,0.0
58.316934494907464,74.03243797246576,0.0
55.16211304322376,74.38200938314245,0.0
67.918539541354,72.51606476622271,0.0
66.30493532042965,65.36854109349841,0.0
64.71480031345604,65.75719549424618,0.0
53.06644855333979,73.40531570762832,0.0
62.21585209911739,62.624410442515845,0.0
62.88672690116748,67.43407788357959,0.0
57.78138856457183,67.29938216188422,0.0
63.97766934075924,66.99894307567537,0.0
61.14088475143643,71.47181707163384,0.0
54.43281643402656,57.95930895055645,0.0
52.37569743496687,68.11766480669542,0.0
113.28474189663237,24.521837440433334,1.0
62.766263055982066,73.4766799071064,0.0
64.11890705575055,67.54918752392113,0.0
60.26060582616064,62.60327987294151,0.0
65.02984468967918,66.47571045659889,0.0
100.13053618103524,28.971466520220517,1.0
63.31034185926051,77.13264317342372,0.0
63.97244869614764,79.79107747679974,0.0
66.62326325307853,68.39706639666268,0.0
61.2025115755395,77.9404694119825,0.0
65.8964854898281,67.44079789069855,0.0
55.43020864766892,78.50425229377709,0.0
63.4305128557546,68.60548077638464,0.0
57.26592942621706,67.87176129729016,0.0
59.67645857547546,61.1770814380489,0.0
59.112027371625075,83.83500132389568,0.0
53.97179752655074,75.65190440061944,0.0
59.7173399142228,63.813961765009175,0.0
57.18932891253614,67.42935096009472,0.0
61.56387719985498,72.49177978870428,0.0
65.34179133796397,77.83805475787707,0.0
57.20624230268834,64.56117912072843,0.0
64.51335363881668,70.27469746939802,0.0
61.3153214321126,71.36781487309868,0.0
55.97676222687089,65.37172831655273,0.0
69.09072074618093,72.06330534359891,0.0
70.5589910590531,67.5483129810511,0.0
58.77488776118702,74.24622671206885,0.0
63.01032946811776,72.65428618136164,0.0
68.83810138050823,73.52914518885174,0.0
64.96125727698276,69.26564577171372,0.0
61.120499686466026,64.79002958791666,0.0
57.44728170063453,65.79396440594151,0.0
54.11325147071894,82.4490588269257,0.0
65.67332570958247,65.59660839904845,0.0
70.2731227153464,69.24899034770544,0.0
56.906709147247284,68.98160845744341,0.0
59.7581691517469,69.96199049586308,0.0
57.06843556175811,76.82850516012095,0.0
66.14390150908527,68.70983797934625,0.0
57.846234694228016,67.9978893208157,0.0
63.58601923275872,68.35377495679474,0.0
60.62885268936042,71.86548361641587,0.0
51.30066978852933,61.763796559418005,0.0
56.000113067675954,71.51484125746262,0.0
61.980460731200196,65.1879358170188,0.0
61.15304658266455,77.18907661995104,0.0
56.3248712693353,68.20400378626798,0.0
51.9956346159524,67.00833912805186,0.0
62.85875196663488,71.9638303081312,0.0
58.29645157848204,71.67353417765453,0.0
69.05464331773933,70.66620848369703,0.0
57.875168336606166,69.67463242199231,0.0
61.690520936943145,67.04000424176273,0.0
69.40485169574791,70.02839262518303,0.0
51.359776220688396,69.80047027811813,0.0
66.10788965966512,62.457272564642764,0.0
60.61751181629722,65.69711517047267,0.0
52.213457465900476,75.70326406237677,0.0
55.426627025570426,65.4865159759749,0.0
49.6180800921559,65.10799166917292,0.0
67.37534026023393,69.91518886261679,0.0
66.21724077767301,68.25314198201902,0.0
58.50808461724439,75.38979923596936,0.0
64.02550833323166,65.7312080861388,0.0
59.6111132546344,67.80827647480628,0.0
49.24097354859938,74.79119487761696,0.0
63.198356357703744,67.67543349272759,0.0
60.592358179256735,70.8498018855742,0.0
53.38074266083851,73.12865734503474,0.0
97.98294721757955,29.103771594328794,1.0
51.545842126056556,68.24805628557603,0.0
64.1390910101326,61.53945878907654,0.0
94.219977221831,29.19064327603952,1.0
70.22192650877695,70.0820683556683,0.0
52.65322567415974,67.70564393416275,0.0
55.354918800935856,77.70898883160574,0.0
63.92036544853491,66.61788545834015,0.0
63.15563834515646,60.08012987562775,0.0
60.70456126846955,70.08945304089715,0.0
61.23827556911517,73.55143800094125,0.0
59.57318689702691,67.92197655230632,0.0
64.77660534515577,67.31207440384986,0.0
69.16706217544738,67.76886789421874,0.0
56.40385167982987,62.947044207631315,0.0
54.40621777819098,80.26680593821212,0.0
65.08121291295086,62.84838527877979,0.0
51.73914526646115,64.0505527402143,0.0
58.20720928776465,64.15849942920033,0.0
57.11835647756305,66.69219322587197,0.0
56.36411969034117,68.30836354637934,0.0
55.53148878529437,61.02723619461669,0.0
57.28615019443523,67.91761527988253,0.0
52.95784896735783,78.08014024253919,0.0
63.164452723469246,72.01526063273829,0.0
63.788898944529265,72.85856197351207,0.0
50.907568580731926,69.76837466799803,0.0
56.86014024819967,74.34297752719651,0.0
51.603397677102116,58.33343873452164,0.0
55.19843811966578,67.66734872629911,0.0
60.30264509874505,66.12877166112469,0.0
63.54395557874424,71.86760445462066,0.0
44.940584164822184,64.98380422261354,0.0
58.01260683490045,65.63541445988447,0.0
52.91582518833361,72.92409309504329,0.0
63.636965158289755,64.9354393878917,0.0
54.85620407202815,68.81334259987432,0.0
59.17462087043289,66.6012540300516,0.0
58.51146588189011,68.95615331491354,0.0
57.504310412214984,72.29386582633025,0.0
54.129060435932814,78.03745234813847,0.0
63.537108681696566,76.82153195943731,0.0
59.6679603125172,62.71111233539923,0.0
68.16018749712768,61.693219802912324,0.0
61.75218218344668,71.99866903958949,0.0
62.58311803797808,62.16926511604847,0.0
55.673436798756455,68.71585171702496,0.0
66.79555994221833,62.833302536022195,0.0
61.39689734331342,71.74535793447747,0.0
68.60385581762561,65.95987774685588,0.0
64.70510147502712,74.04332090796498,0.0
57.6569541526726,66.6466185759938,0.0
61.17814666801497,71.52333896988011,0.0
60.27780166229942,68.83577948305322,0.0
69.70710669729121,74.59677827025168,0.0
60.68808577486621,67.68003741299096,0.0
51.12531708361107,67.50975724735532,0.0
58.87215311906371,66.68341553008368,0.0
66.23903606766835,74.86640157265805,0.0
57.61865600895365,67.98801094998443,0.0
53.898084161599364,64.17351754019279,0.0
53.80834174392717,75.96669586641131,0.0
64.98170273838815,66.16023463558908,0.0
56.689889609741726,71.5002726232162,0.0
48.32489070273765,66.02834647736002,0.0
67.75962946677707,74.58151493139071,0.0
106.07795421331878,22.257402240075585,1.0
60.693099063258636,78.89737290998421,0.0
68.90039902692845,73.60544770004137,0.0
57.90418982804367,66.21395894871107,0.0
57.528776075633516,73.13240341234427,0.0
56.21712998578499,76.61007910335728,0.0
62.60586577465815,78.40619034004672,0.0
57.998050577050265,68.4377967799462,0.0
66.24799264528336,57.61784587264339,0.0
61.44268204615708,68.57074030911863,0.0
69.25852498448653,69.27759780698217,0.0
69.56547640103517,72.89114269058183,0.0
53.42373191786772,75.37126918460511,0.0
52.58740794393255,71.18758031465514,0.0
71.11890662589941,77.01172896444277,0.0
57.493081582068335,80.69322944890042,0.0
56.39953166815512,66.72900549023409,0.0
69.8084353481139,67.01855342096333,0.0
63.265055941905054,61.173830982056415,0.0
63.89717256283588,75.786620030848,0.0
63.51796604176171,74.34079175617411,0.0
66.75315056310937,81.55929240227269,0.0
72.49366039520162,66.74490484475776,0.0
64.16344027434089,63.59330080236947,0.0
56.60906392459011,62.696911772817806,0.0
59.01961370409572,78.1508779370993,0.0
61.74400035167067,70.52264763845871,0.0
64.98550601100655,69.50605982895456,0.0
66.31112149270342,72.0471611793452,0.0
59.69932351156683,62.45320159765199,0.0
58.744942460662934,62.301935607107914,0.0
67.65845297659412,79.17010812692689,0.0
51.31764962010175,64.47177364238581,0.0
63.820270708688334,79.39149859672435,0.0
62.41828455181857,64.97289788849868,0.0
56.95983732651731,58.03724270638755,0.0
67.74025738594506,71.3167972235461,0.0
67.35230501275286,69.56687844898299,0.0
64.29118146377633,69.96590076062425,0.0
65.24782469458172,65.40416468124381,0.0
65.38164193784297,71.46231628528348,0.0
56.25345418113778,74.66273355288935,0.0
54.79982314327692,70.88010504179825,0.0
62.62308136155914,72.827177149676,0.0
54.83969411285095,68.07230360120977,0.0
55.69667165825442,67.7270401795291,0.0
59.840134471338544,69.40624050649072,0.0
49.417093217530535,60.065946957397124,0.0
60.388523553453105,70.12304875871335,0.0
66.28463581457508,65.37187671064939,0.0
58.92557612569578,70.15021046752294,0.0
64.58020721262103,71.66632918525664,0.0
60.392575183066434,63.88039924526609,0.0
51.280461855487545,72.43957256398996,0.0
63.703714959836105,70.03595044730253,0.0
60.96755647728057,68.66462015960089,0.0
59.13616476635416,68.930131682571,0.0
57.86419126019114,74.15090069531642,0.0
72.01038043745187,62.51268185364724,0.0
69.25827814514594,69.67765434389008,0.0
63.790531162089096,62.74064513398023,0.0
60.53064191279444,66.646086477606,0.0
63.262482229075964,67.04583644930821,0.0
62.49459230224419,70.81958898431364,0.0
59.75481253318105,67.1356699225162,0.0
69.43268139001464,66.12815098720894,0.0
47.891540600116585,77.07898971297766,0.0
63.88760481009571,63.62762011502891,0.0
66.57971793049362,63.2239929653566,0.0
57.256388534208334,76.32707173833683,0.0
56.4277632182926,70.30792969513664,0.0
58.576107361396964,69.13620072545096,0.0
62.972399536358104,63.92732050422315,0.0
63.9165948040329,78.03478475064588,0.0
59.30247200095741,71.47406598169397,0.0
57.869229287899024,69.4094118117622,0.0
55.405377418375565,63.87676277438171,0.0
57.96884018137491,74.64507356561583,0.0
60.223965114797636,66.72514002290673,0.0
65.55572329342048,74.52384360614715,0.0
53.15250317036643,67.10848085823183,0.0
59.32796801435212,65.77249399376498,0.0
53.411276190616576,73.13593440900246,0.0
65.34562688372574,64.50303155950054,0.0
67.85924444512071,68.18069243371531,0.0
58.52236243294103,71.42623874238119,0.0
62.062593662687476,73.02745391286192,0.0
62.306009001519676,67.79986330863797,0.0
53.32382869549134,74.52950471466536,0.0
64.14614014857067,71.36662564462799,0.0
58.26424402125959,64.57767278642314,0.0
53.03183862631744,59.58176105903689,0.0
56.01056104705411,77.7080062579985,0.0
56.18302715690741,70.82833577019514,0.0
91.79887805100368,28.45221551618353,1.0
106.15822438490287,27.801171419813393,1.0
58.85771977241549,71.047730750819,0.0
66.75519149502756,80.13803396540823,0.0
56.119872231042336,67.91363526897138,0.0
53.291058222132676,61.850540453505346,0.0
60.060413371367346,73.35486526796554,0.0
53.95385762336985,67.8064613341814,0.0
57.96548346131156,77.37087158560915,0.0
47.06566104482254,76.13584103118944,0.0
69.36822478040044,69.75725035637981,0.0
63.95054395359767,65.96255414148942,0.0
64.35798005106987,70.23648953459029,0.0
67.84957617460398,70.43227666921437,0.0
59.510946685318615,65.60748318493316,0.0
115.33701066052126,21.86848041888997,1.0
58.374446885441785,62.07164769236292,0.0
61.485355707498904,71.66401794231243,0.0
59.20843682481497,75.83344804266366,0.0
62.147983379426655,71.68226255563286,0.0
54.614468566991654,81.18370042000429,0.0
48.55906175220704,71.31126021280559,0.0
112.01445175925076,37.83212979924001,1.0
61.95898731028679,73.55346675491721,0.0
63.144747030187254,75.96475215781325,0.0
62.56374041464613,63.50808581195349,0.0
63.88067946799809,71.35245313656011,0.0
61.807031185493955,75.11242757193659,0.0
55.65644387180861,73.11534252964873,0.0
56.8647320712753,79.20266631891091,0.0
54.597468018595826,60.510850393010955,0.0
60.129281272165045,66.52510206507249,0.0
59.90630569272731,77.14042470495264,0.0
58.85193237523103,61.131317438321275,0.0
61.95049159164073,75.38310008169535,0.0
60.317771693922566,80.4663633964399,0.0
52.418053093617374,71.18282853398712,0.0
60.51011479996478,68.8529993854812,0.0
63.42298419181242,70.14518390962763,0.0
60.67240777718191,67.40511533168025,0.0
62.03625540996463,71.4694008053854,0.0
64.38316599205794,66.5063123214731,0.0
55.2348141554784,68.97852794967928,0.0
57.76869322267817,75.55220664157272,0.0
57.035499870146516,61.27110905838266,0.0
56.53751455937862,69.52937950210084,0.0
58.423541917418454,66.33102279279221,0.0
63.00545890643051,80.9171914991285,0.0
60.88804394316192,62.904201483600815,0.0
56.390941725488005,72.00850009681747,0.0
93.93525281141696,31.58352655345673,1.0
70.79716730327505,76.05014374019989,0.0
54.1794925485482,76.66084258259637,0.0
60.572634109277246,70.33625313179111,0.0
61.53015087170329,70.53169935080875,0.0
58.73134216486766,72.2895150617748,0.0
57.04047269241612,76.33677283651664,0.0
57.63206062817593,77.04538920088666,0.0
61.068366064562916,74.26804779128543,0.0
60.584605719008216,70.53290448225313,0.0
63.50052140434453,74.53741110590218,0.0
55.60089897294861,72.30799382419156,0.0
55.640768833924604,67.44784070177082,0.0
56.16226026642228,73.59314959714418,0.0
58.887892730831666,77.1773907956387,0.0
73.2070664545118,71.58519306399548,0.0
58.21672093890683,64.2664271584224,0.0
56.8710157899963,63.462356022999785,0.0
59.88767340157738,80.15481003219556,0.0
54.46506129474419,74.36973895891094,0.0
51.339451182821016,75.9245259780174,0.0
57.28474653827979,67.08949331071746,0.0
55.89509309819229,73.95549446168957,0.0
72.15740694898767,63.3585286640451,0.0
53.79048594709168,68.78152084474732,0.0
67.77132461432299,64.56159039414108,0.0
56.86301671176913,67.79316640152342,0.0
60.782486589715155,74.06486463243417,0.0
65.590466458877,68.63645472588608,0.0
53.73426544272566,63.48702818875881,0.0
62.80721862855292,75.08713827822909,0.0
63.15693141730446,65.23226023567454,0.0
59.39277866551936,72.00427487361162,0.0
100.41716591227416,34.42951232253764,1.0
74.44289094498305,65.84346802676066,0.0
61.06321956703061,68.68526792062586,0.0
56.838311290094666,73.54130296501901,0.0
55.45275993455252,58.69750369301465,0.0
62.61283811591936,79.1438976787928,0.0
61.46228460904974,70.6039257930376,0.0
54.92491740267331,71.40371473476702,0.0
58.6629259016795,67.96292012420744,0.0
63.18355361282349,79.78293571748776,0.0
68.66862125143945,64.96888128416455,0.0
57.02478867307507,67.62841061684594,0.0
53.44638590065742,65.55823748295333,0.0
65.7083131377103,77.25043937792975,0.0
70.09483143064358,67.71243808571494,0.0
60.401578796750506,59.43817832257224,0.0
55.42167255773545,62.03823036036367,0.0
61.46746140928673,74.58933321975042,0.0
55.46905352713202,71.14607708563634,0.0
57.25661304218459,73.55319754450056,0.0
61.13203468283226,65.46009748356279,0.0
54.92215308541621,68.05400330493912,0.0
56.710265893500434,69.77029610506808,0.0
53.020905668259765,71.84445665827455,0.0
61.09811387975448,70.10174268459338,0.0
62.55497288721175,63.001891353488375,0.0
56.956124380369694,70.00543505957948,0.0
60.665556231916874,70.19681628487487,0.0
62.509035128422425,60.43497589807855,0.0
66.96882766955478,70.91316160971317,0.0
51.75759017094963,71.6972561426646,0.0
62.017840423381934,67.32889760953736,0.0
60.861068631804656,73.50978848936447,0.0
50.215249373907426,77.83707853525476,0.0
63.58996668167261,77.55894428459048,0.0
57.725982961318806,78.34340574205137,0.0
55.48497399323905,70.10835926486833,0.0
54.00445512273584,66.97917451450981,0.0
61.84433253248046,71.13050743357888,0.0
54.9531487620768,59.8729035416603,0.0
69.82075193391861,67.45350376143762,0.0
66.22603158035494,70.52776476975383,0.0
68.07122136888876,70.67656770270986,0.0
63.43942440206888,68.67881858874705,0.0
51.61564615517445,65.34584993268828,0.0
62.95967543485962,69.19515727920917,0.0
64.64765454205242,69.08466043778085,0.0
108.040188009484,30.934387585737625,1.0
64.0525147440898,63.10185659878415,0.0
67.31100296357343,73.36786944471386,0.0
62.31947458805266,79.56588670781515,0.0
57.97929694700361,79.15562381871237,0.0
67.76053664439496,75.77915322483432,0.0
64.01530661954718,64.49265563212248,0.0
112.01290965948887,36.76769449488084,1.0
65.50816446950591,78.48284613958623,0.0
56.399647707208494,62.157121904331994,0.0
62.821661710876484,74.40676421819822,0.0
63.171787999312485,69.94397277234813,0.0
91.50208882458602,26.406110561674186,1.0
55.34371942902783,71.6443550801209,0.0
71.889632766778,75.02831528303408,0.0
63.02669081994574,74.71101013934685,0.0
54.4836080630319,72.42652630527827,0.0
60.23937738006893,74.72125724918955,0.0
68.48344595699315,77.0933741305418,0.0
59.39008096590928,70.9083347503693,0.0
56.71428448261025,65.3309481764666,0.0
58.69183286757542,73.97067270201154,0.0
56.60804039318995,68.1938276772606,0.0
59.220670518422956,65.2658294690321,0.0
60.4952752679885,68.46405887604533,0.0
52.82955109284228,67.43382909941151,0.0
57.04416178924691,76.17839520454531,0.0
60.83096998311693,56.9532893974985,0.0
61.49345515132234,66.9936280013107,0.0
112.54169341540629,34.133806816232216,1.0
56.861852301100484,68.91712146285165,0.0
57.62090802292117,71.69476216222607,0.0
61.20462716716866,71.98317766572094,0.0
47.82689593452656,75.56999444304256,0.0
65.48382765277415,67.79072736643187,0.0
62.95307696732674,70.90188066907393,0.0
61.39733230000397,69.69015338279955,0.0
52.40955286922737,69.09310110363747,0.0
53.982635630527476,62.60950132113541,0.0
60.16906759226292,66.47631465468999,0.0
59.0564580452018,70.89860634629179,0.0
59.270186955116024,67.9629270753883,0.0
55.48122346612529,64.7101171832474,0.0
58.620873157093,74.29104166933645,0.0
61.54929387807756,75.77092994375786,0.0
50.026933917563966,75.04907213740942,0.0
66.52589465674009,72.631554857306,0.0
57.74132675493533,68.93503912539722,0.0
58.216924571626755,70.56497867367042,0.0
60.57640321117926,67.06401997093599,0.0
56.717930124030055,87.4027942652298,0.0
53.11403072647262,65.6386885299519,0.0
64.70076889278688,77.43088308768779,0.0
58.25449423680514,69.10614248389801,0.0
50.27016982968698,70.29380450406133,0.0
50.170938693144414,74.60983108236798,0.0
66.22276548072148,65.20258570184059,0.0
53.23485036390274,73.55653988884362,0.0
60.55492893418467,61.41915852942739,0.0
62.946991495202035,69.69829270330149,0.0
55.84281211059043,69.28557735844622,0.0
63.16654853787625,72.3545467421423,0.0
60.53495017562163,68.02134444724275,0.0
60.516900427950354,71.68200102073021,0.0
61.6852831594539,69.12592517793165,0.0
66.16656013079876,65.3283806041985,0.0
65.76924347103342,68.61372564171465,0.0
63.865215310659906,66.72854406027596,0.0
105.872319543206,44.46057312319521,1.0
58.06031043640072,61.97869364223001,0.0
60.6129829686417,65.43152520942664,0.0
55.36635285068039,62.87413052422943,0.0
55.56926994704015,65.09083235303954,0.0
62.39152472665804,64.76500970170517,0.0
61.79558762551161,66.57277451696001,0.0
60.88228075463371,64.92221530232895,0.0
63.37962808389506,72.86313823243096,0.0
60.16093879928854,67.58891236246815,0.0
65.97694461583778,63.527469615699005,0.0
53.35448567248528,77.5592191282351,0.0
61.031420398430065,63.397523387862734,0.0
57.67453577232253,63.38156205058665,0.0
58.69016056047027,56.43766732558168,0.0
58.515965138570095,76.86293079898591,0.0
56.5793961066388,72.78817552751796,0.0
52.97251337016305,75.64466671468554,0.0
65.71645956911765,61.1942648900217,0.0
62.40026392209342,59.114459204395985,0.0
59.00811851519535,66.82403298058308,0.0
57.19506865809942,76.783822512122,0.0
56.99950894212138,65.3411498268024,0.0
64.80285063137441,67.95871456106525,0.0
108.93998655804896,40.04930755655131,1.0
101.39831575106498,39.8318310386278,1.0
63.21199430884613,61.811068252101364,0.0
67.42676622486948,82.3879436696572,0.0
67.30773919004177,73.45423697586654,0.0
52.41704335235016,68.48458911775973,0.0
65.91129049188679,68.31161658172078,0.0
64.2133907570568,75.94681295086903,0.0
65.64252158815718,66.63952516751625,0.0
63.16624466799582,64.58890830269164,0.0
56.399781604992974,66.22708137499644,0.0
92.2672601995746,23.514561278268165,1.0
60.427810720739096,73.64628674327156,0.0
62.04042439629463,68.39106359692678,0.0
65.01254901680043,73.64763873794347,0.0
65.70335982441404,62.38256158061107,0.0
55.682789005829605,68.66163531760553,0.0
56.30922316830988,69.80997666905472,0.0
54.64845998148161,67.37675960661535,0.0
69.37816281152269,71.08827914512567,0.0
62.04428225640433,70.19173543282398,0.0
60.46811392636097,71.47809747596783,0.0
62.36161690573652,66.6260982323987,0.0
52.489191632597176,67.97715205252402,0.0
60.5021945099409,71.39405559642228,0.0
63.110821122385495,71.42980652893854,0.0
53.54248156749763,75.63237888520976,0.0
56.65866382691483,74.24369949064625,0.0
60.156459219159295,75.81133889352334,0.0
100.74452447620007,41.55382523935666,1.0
56.63563607236307,64.3268805038986,0.0
54.13615999661281,74.24201617079737,0.0
60.483102322122306,74.15864519173692,0.0
55.510582270220574,72.11293475285645,0.0
68.03239226072515,64.42735962651516,0.0
60.766441503968856,68.67283589530857,0.0
62.32862022458621,71.03394313246278,0.0
59.66225573214656,69.3229086936448,0.0
60.897487842096936,77.04851385932517,0.0
60.83977311125624,62.244544367750464,0.0
63.085993765841245,69.02802104517532,0.0
61.547924816106686,77.48442574798163,0.0
59.50015836433233,72.68230637110769,0.0
65.05331741462223,64.52245397047116,0.0
57.44682621096783,69.65290214484357,0.0
95.45653203631898,20.577737876425132,1.0
58.81481203312692,55.550956650922544,0.0
64.17745279987784,70.26374642381843,0.0
54.88489045719354,77.4790037277668,0.0
62.682203220570145,74.80545488381111,0.0
63.91389854514547,68.58634913449468,0.0
59.277940743684,73.32881157592016,0.0
66.14762210312846,71.14027096171142,0.0
65.7369753156826,70.47005450134151,0.0
61.21660887424561,62.283352639703466,0.0
65.2641397851399,65.84988757588994,0.0
55.005730195774845,64.52934267896381,0.0
61.09649954877669,71.4419355371014,0.0
51.86741615528877,61.653472897251326,0.0
63.641687280090665,62.08027831981266,0.0
62.99940224788211,73.6269398478086,0.0
64.5593834661684,75.90055369032768,0.0
63.87255722822935,69.17546726426202,0.0
64.4148642114391,67.25918563125788,0.0
69.78820307514503,70.90282649908838,0.0
53.57476312371117,72.07661406604139,0.0
63.069138112069986,69.8287010367054,0.0
64.91810681396768,63.23829698367544,0.0
69.31255559650525,68.11958879589001,0.0
58.897590727929774,74.4845260859236,0.0
61.67556094982956,74.52708641144854,0.0
56.55503335300684,61.65430392365188,0.0
62.32661340733095,70.87495084975795,0.0
60.817291497690796,74.08749902280901,0.0
55.644628162435964,73.92093555190904,0.0
59.44076712224132,78.63328996302833,0.0
60.10685605210697,64.28061998031407,0.0
62.97613501760931,73.44717575942587,0.0
56.316051127223496,57.76513937415331,0.0
60.39370433270553,71.91200044479648,0.0
60.76257864587575,77.9539213267945,0.0
57.80546843012628,75.47001222612761,0.0
59.73387526064912,55.922202333993475,0.0
67.35586944077313,72.64817525158418,0.0
58.67489066503809,70.06937410469119,0.0
65.9444758048436,71.02647237167646,0.0
59.66074011072057,60.95674432254775,0.0
66.04488244765574,67.30569655317116,0.0
57.72380032487898,65.05822357646781,0.0
53.76818628830833,70.81941505182041,0.0
53.3412940075466,64.57706779332155,0.0
59.83069542220227,65.32393430265013,0.0
59.75371763227314,70.29037222828497,0.0
59.967848793320435,67.77187144107342,0.0
74.83555690212438,70.9500275874659,0.0
48.86050592460903,75.29097290948548,0.0
61.380055985046674,67.60040792195733,0.0
66.99966249122316,79.89406250737096,0.0
115.92112431158154,27.561391964735787,1.0
71.1461150311557,72.76483050914779,0.0
58.62993712430617,71.12305718698327,0.0
67.13198767276123,67.76735681445291,0.0
61.304862894566924,64.94475156575649,0.0
55.00427737680818,64.92329372277206,0.0
60.798276686200175,74.1501844677943,0.0
59.86421021369073,66.24471496173969,0.0
57.76684355044009,72.84713051619057,0.0
54.39980749452202,78.70055054908903,0.0
59.272247332924564,70.23665771144731,0.0
65.72912921180598,72.30178068363647,0.0
63.802260433698955,71.42115829109326,0.0
57.551877485784686,68.98391427570574,0.0
64.94011419092713,63.01977142248012,0.0
62.874038244898486,65.97446042857283,0.0
66.66772196685298,77.06635015070454,0.0
55.973756774943915,70.4649247279163,0.0
66.2184103576556,73.74994815916936,0.0
51.65680210411028,72.00609123217593,0.0
48.80733512101107,69.53688633317765,0.0
56.563280465604436,62.00039165842987,0.0
59.985457542192854,66.94661648093152,0.0
63.27106675842777,70.14869531124229,0.0
57.83262266365503,63.078419744960236,0.0
47.559756022310694,75.2880330650412,0.0
57.77255416651818,76.09728289752434,0.0
48.74848200340025,74.03206197868705,0.0
62.15083822148974,74.44039504621803,0.0
62.96133539861765,65.5607895547046,0.0
58.71558654863026,66.57721138364639,0.0
57.84165033778903,71.87406825097901,0.0
63.05625248012877,72.35452739114218,0.0
67.48739653461114,66.66467513937624,0.0
71.75776860641177,72.30375875336796,0.0
56.85564330291641,73.33255893905064,0.0
64.68459723517725,64.87757107407495,0.0
99.24233769980539,35.0559615780366,1.0
63.38904087323301,68.1887309974358,0.0
65.08738764979259,62.371811963272,0.0
59.441412112064334,71.42472080892887,0.0
60.37359436771407,71.58626627892757,0.0
58.93800729388403,73.30063381798908,0.0
70.52574534929894,71.9760191426511,0.0
66.48874276704439,69.53854712776825,0.0
57.39114104833662,55.96108487053943,0.0
61.91871900592846,72.13619469802924,0.0
58.51676892994731,69.33112574521981,0.0
64.88154233093074,68.95314719830637,0.0
57.96839453579792,76.24240739392198,0.0
54.272143075342626,69.65358819694082,0.0
62.89199440690307,69.1417926860767,0.0
60.707517885383325,70.19361299612613,0.0
64.33267791097326,71.9960168453251,0.0
61.845988048514656,78.53150783060721,0.0
58.28648850364635,75.25460691669171,0.0
55.37594972947459,79.10503563499503,0.0
64.0487332985076,68.73319683017215,0.0
63.94540597381804,67.62552116246937,0.0
60.363913229216095,66.32856347574892,0.0
61.44944344040025,75.51528655604183,0.0
65.5673535346138,70.10010620719505,0.0
58.98136987230565,64.98392934775761,0.0
56.00961007948462,73.35167849514198,0.0
68.84736128849994,65.77240245068788,0.0
56.30643930711433,67.60383142908387,0.0
57.20645331868376,68.2572268804333,0.0
58.54947651653911,61.536938906791676,0.0
58.24777454007558,71.74131669165044,0.0
47.94359806636454,73.59039690427036,0.0
60.42627252782435,72.63165264424613,0.0
57.431787113818565,69.86650198206593,0.0
56.21953553684864,76.5843429604902,0.0
67.48814511694671,71.88597949657915,0.0
68.24696608078185,75.08739039280934,0.0
61.00856581155546,70.2564309601094,0.0
56.3753919895298,74.80670575794768,0.0
59.048946500089414,66.2788650245416,0.0
57.55306810040416,76.82620082016749,0.0
63.933895194352125,71.92636800812296,0.0
57.82973328530858,67.7472838723687,0.0
57.91581750310478,66.80119353874439,0.0
63.70344423479551,61.72218376139683,0.0
58.74560080594912,66.56846484433608,0.0
56.18999073579854,70.05141880302196,0.0
57.83676209394184,73.0202094718741,0.0
61.848798722287626,68.1247401490663,0.0
61.06153772910234,75.96196034487346,0.0
57.29677647262719,62.01006598543793,0.0
58.83823468924803,71.0242468515747,0.0
68.78943392627511,69.37637541150535,0.0
51.18813663208783,65.38931563252532,0.0
61.14316000121634,66.1839035203638,0.0
57.41486087193479,66.59560994494157,0.0
49.70994082981953,70.70541424763663,0.0
66.06305333555292,73.6207329654316,0.0
60.07490170922716,69.17719535616305,0.0
61.09631909021545,60.923439259366226,0.0
58.357195311941155,61.54988526350918,0.0
62.88175728784792,69.20623426796746,0.0
64.67767418792653,65.8204065014541,0.0
53.35871674533282,65.05505894419971,0.0
59.235317757599844,71.56592462874121,0.0
58.20065262530666,68.86083240183686,0.0
64.36100739559491,71.28121799767308,0.0
56.89003898692012,68.48653705721406,0.0
60.53262405225726,73.1360105213283,0.0
47.56884441569751,68.56851215035775,0.0
66.18523234623669,71.60481613802608,0.0
62.304354452512854,70.5083585512635,0.0
63.842701444492334,73.66198712042733,0.0
54.826821880797446,83.27050612598708,0.0
56.86897946870413,70.01442054004556,0.0
57.49722229912974,70.83504351662404,0.0
57.638824241863816,73.19474492361016,0.0
56.384195698248284,73.99879415848444,0.0
61.61910579662445,75.44680981052664,0.0
63.76526037323167,64.2078315193588,0.0
59.26790454037951,62.51526480704464,0.0
61.18585385550529,65.53580849719309,0.0
110.58981216580986,41.17355481030914,1.0
57.053317494211264,75.76054105010152,0.0
66.962216100145,72.34782137669366,0.0
55.14692479374189,80.47521702649509,0.0
60.28487416633198,75.38871607768613,0.0
59.48841703998363,72.83735708467184,0.0
67.1018343412235,78.25778918254369,0.0
69.43785136604194,66.4231095757346,0.0
61.5050155219496,75.26376860826639,0.0
57.205732146875654,67.30059112652832,0.0
54.777019152451324,69.37218255920135,0.0
63.33240824683405,75.65284993195742,0.0
57.9565601891658,61.05510310643925,0.0
63.32679328563997,73.7315517499641,0.0
48.68902525347015,59.038878396210585,0.0
72.04473049450709,74.76574309400544,0.0
62.20379028286684,69.26948566868921,0.0
58.41932281060303,63.72661106749266,0.0
62.833950787693134,64.57969740172656,0.0
57.01134801918316,71.06225543793532,0.0
59.48920560211953,73.25864383529527,0.0
59.829968069802646,65.7722061717369,0.0
58.312878249370954,68.07069438697779,0.0
52.16548122011316,68.7940298703594,0.0
55.53427287450455,70.92061652332865,0.0
61.74757088821306,73.94796719152708,0.0
60.310434762801414,67.18850835349903,0.0
55.66947091272912,73.51681944907543,0.0
63.653268410336146,70.1391293377578,0.0
57.82459423617586,70.98701699200281,0.0
67.20025589847552,72.64219357315567,0.0
56.15426867497915,69.93000308792976,0.0
55.73017563663058,71.48820926584719,0.0
61.18352717271989,69.96562641832625,0.0
67.91364290451594,71.16668929906743,0.0
63.26221042208866,74.58579932302642,0.0
59.994553681200536,63.55790221590523,0.0
59.215790004893776,69.98801718000003,0.0
60.939128768607524,65.68888785496377,0.0
59.63388283707132,69.66511920038603,0.0
57.712146061912776,69.38230065068768,0.0
63.929492732284466,72.0678071246436,0.0
62.57782753704323,75.43881710187465,0.0
68.02129633665905,67.26436770586594,0.0
66.15234484748993,72.650580604748,0.0
61.515123449337075,68.57358949431418,0.0
54.622235811017156,74.466191231157,0.0
57.754836405619656,71.66381992684516,0.0
62.75737236569539,67.58630722116408,0.0
54.28413452460317,63.639359487868795,0.0
63.83824803681128,56.230449019599824,0.0
70.01737523580884,68.36165658898561,0.0
66.5345612672438,69.80503731838893,0.0
59.00301448393042,63.942725307594955,0.0
60.52608979774475,68.1862849974066,0.0
55.041294848518206,75.98725458903198,0.0
60.257386865954096,72.16326955457829,0.0
57.145565604012084,63.99286378339934,0.0
49.209449160830296,67.45998306965225,0.0
65.9793084427368,72.78095848400662,0.0
51.41410224374326,63.38702370570796,0.0
56.85083760982641,73.9033485645107,0.0
62.11573999675431,67.01402104489037,0.0
57.525037379656666,80.073619861051,0.0
55.891778800606446,70.5791678531402,0.0
54.87032219160475,71.82472495898368,0.0
62.168462733493534,67.33282124569988,0.0
59.96221073552193,76.03760885533937,0.0
60.39181085287979,75.71418146470346,0.0
55.82423016390011,73.76040057586344,0.0
47.81816305496769,70.8164047105784,0.0
60.72138103212871,70.3546672385204,0.0
58.59600924268132,75.52286944513648,0.0
60.96564786979329,72.66132599903875,0.0
61.25984720604266,61.34789241708983,0.0
55.018518290421255,71.62630367086682,0.0
61.47255846867333,68.7204111412873,0.0
69.0612434654719,66.40480462654443,0.0
54.90768152231047,73.10426245482012,0.0
51.65095187660784,67.38349880212463,0.0
56.1586421128949,68.54116590887313,0.0
59.757058426672366,65.26841432793054,0.0
62.80248966059136,63.54421471825078,0.0
98.2180238935757,28.23666206743085,1.0
61.661328179126244,69.6910706238354,0.0
64.87087808520647,68.14746811310641,0.0
51.010814964961305,71.23561325125021,0.0
56.49913147879603,76.33422956954877,0.0
53.79739986087382,69.29565589249908,0.0
59.9348600546037,71.21319853803048,0.0
54.05253182841217,76.07467107450526,0.0
66.39525923699168,75.79182625335292,0.0
63.87380116751929,67.02380199488039,0.0
61.61865670306308,71.84998952660658,0.0
69.5075459221211,72.36839674101252,0.0
61.62710729034092,72.94662008505837,0.0
66.93335175183249,72.70621359434301,0.0
54.92778691450349,73.81584874075608,0.0
65.81912209176743,75.20535259761645,0.0
63.11748685111237,64.29736875013462,0.0
62.68810851950853,71.95574821553168,0.0
62.58720025237704,71.65422819766574,0.0
57.47251037292671,73.7339112524591,0.0
66.51466685069737,74.87716014008356,0.0
61.0956062121263,69.26142329960993,0.0
64.46878291055847,56.05324515081201,0.0
65.34979473569588,65.08972142408713,0.0
99.74954763764562,22.471063072449645,1.0
54.283647973359884,69.28918742494253,0.0
65.34624020172114,63.30790209905561,0.0
60.4606782857592,64.6791265237308,0.0
60.85385693129221,66.97297594790729,0.0
58.94755104968232,66.84832047802333,0.0
53.20030071830348,63.599838810894724,0.0
61.511630611205945,68.09831234912659,0.0
64.51382932807465,70.61330264457109,0.0
65.14644121895056,68.52891887680356,0.0
54.80699801383463,77.94043673085409,0.0
67.97985187796998,68.84706978880726,0.0
65.6355435852858,65.64074251292672,0.0
63.987271039026055,75.06694837474642,0.0
69.21994217510549,61.56125354387047,0.0
60.65330097772231,75.09232771504108,0.0
59.92483034023432,75.1151718565247,0.0
60.82732542906264,74.21959439374119,0.0
55.12934548199655,65.1195565332697,0.0
57.84350891972726,74.12646049414542,0.0
56.918315408213836,71.20359690835917,0.0
61.5596900287428,61.40349379076763,0.0
58.678043490618116,69.73366982566219,0.0
64.46536056066233,69.61647986686563,0.0
52.94240150446755,73.00002573660453,0.0
52.604610417815096,71.65837343579497,0.0
56.03015215480202,74.1981931206886,0.0
106.4404722714858,37.04046446139634,1.0
56.608594549512176,79.3452074749495,0.0
60.07627372500099,71.77912993397155,0.0
69.18367498189824,78.67456320959916,0.0
71.59968502248233,68.87730144858898,0.0
70.03166335965699,70.57783724383279,0.0
54.774276374516745,68.93854064610088,0.0
64.9816760232199,73.56699500853165,0.0
55.094072519963966,75.41674711599596,0.0
103.72962243472472,34.88391829695076,1.0
68.27861770968272,69.24933009395494,0.0
64.13537379792209,61.54678757001935,0.0
57.311116688998545,67.6941148343403,0.0
63.79992230614357,71.82358049154763,0.0
65.44363821736066,68.10561574515033,0.0
54.11772838026302,59.99813240501716,0.0
63.779989581098846,69.16148924671137,0.0
74.39956530374545,76.22231811204679,0.0
57.374604813358324,73.81928895007047,0.0
61.08658853815736,80.00450234961492,0.0
65.10160070236422,74.80295922778494,0.0
57.88808462879637,72.30122104489932,0.0
56.34432421634685,71.37604249438972,0.0
54.802076885105556,71.77554124513475,0.0
60.750456326214206,63.25162128560516,0.0
63.55274351831764,72.51893702245556,0.0
53.7922348367424,74.66010252478196,0.0
63.18055416551162,70.51310975290613,0.0
57.82726930304852,68.76019092633261,0.0
56.10197542370686,72.10339509897142,0.0
60.17724550252223,72.12557734395828,0.0
56.31196456304388,71.46861529440666,0.0
66.87194475285229,61.88021349320945,0.0
62.314287717740086,76.59973401650313,0.0
60.00358503502992,71.20386063976405,0.0
63.7700409187357,74.98631894922143,0.0
54.47470905789475,79.61029417112286,0.0
64.97999210630752,53.23523583963661,0.0
58.55409486629147,67.10985509270621,0.0
58.392946527003915,68.87397989600021,0.0
63.02553275334676,70.39508795338243,0.0
58.55564182025794,66.35538790885487,0.0
64.35803155867725,66.45667361125992,0.0
59.00890285501531,60.927278754066556,0.0
102.50666405929505,39.92137773688671,1.0
56.33848358116563,70.8621091581677,0.0
66.78228607268512,74.54486191656113,0.0
57.30264350198625,70.7417476369972,0.0
61.15027692845116,64.13312318293656,0.0
51.68902673332684,72.6312015656904,0.0
62.431853199580445,68.06640815226206,0.0
64.8087070662985,68.71041690750063,0.0
58.491774151192296,71.47232251620282,0.0
70.23399367003228,69.80170392228086,0.0
63.38403261363573,70.7923331041346,0.0
61.94853309355012,76.8382785648476,0.0
61.19021250078324,68.18144739521222,0.0
56.178389324254276,78.88582986936031,0.0
63.509235350638235,71.83273605642835,0.0
54.0184528465503,73.72899108445478,0.0
63.975964688852,63.49614931848292,0.0
57.45502475637303,75.2586884388886,0.0
49.66744011826875,66.37882474961559,0.0
61.45943136154393,77.04701966311653,0.0
65.64652629642701,66.3543630615111,0.0
63.39632278015686,60.7944832724827,0.0
55.93552170630715,70.67291079931971,0.0
55.66593875712563,68.26746625300791,0.0
99.29334936431133,41.847305734412124,1.0
66.30841223580337,74.63759735748914,0.0
52.360415955347264,61.913590722696235,0.0
56.63271612158182,68.01983179885994,0.0
64.03858642014647,79.52419822914246,0.0
56.83540397973142,79.85359287526134,0.0
51.67126127322815,72.79765420719207,0.0
54.593921261054696,65.49383171443662,0.0
55.435935828604165,79.58752691005046,0.0
58.038006979377045,72.3487682810487,0.0
63.087612226650585,71.86986180288521,0.0
63.67360875102479,69.59691793514762,0.0
61.327436874224915,67.63631516643503,0.0
61.511336432665885,64.6750615889913,0.0
58.064520725404,62.147810851299525,0.0
52.66900604584996,75.04027030102671,0.0
60.03111575766148,74.25165905419401,0.0
68.41466841961996,72.4510940043962,0.0
60.469533630988735,74.04841984460954,0.0
58.03608603263228,70.82007708270069,0.0
58.92515835147547,71.05627094913952,0.0
63.8863978882128,72.60471764152305,0.0
49.88073510575008,71.55450787636234,0.0
60.27923045682487,71.73616189526557,0.0
55.631846991090846,72.81166612343023,0.0
62.418059980107586,64.74831370376384,0.0
58.29708581880031,71.84094802093952,0.0
57.53283716177448,67.5205491932062,0.0
56.989805438208634,66.48914744947452,0.0
67.989469735392,70.64430353103597,0.0
64.04893673517527,74.88920627811552,0.0
57.935513415053514,69.13166560121759,0.0
63.592748530634154,67.81303187599845,0.0
64.45185277864057,61.53402198472654,0.0
61.12682775795678,73.30193919045286,0.0
66.43886430894321,69.7825672320429,0.0
56.81892452493782,62.33296346408059,0.0
49.18636913415283,68.1607819879151,0.0
58.573980182067956,71.60573615878157,0.0
56.199733721565735,72.90871912143265,0.0
59.74707193618525,74.22475725374564,0.0
65.93485388075071,68.00660731722854,0.0
65.13420199585542,65.52712606369587,0.0
58.70814127181877,71.66599622391169,0.0
109.31727422717094,32.559627117210816,1.0
60.422883146912056,77.58155811984459,0.0
50.95276113939603,73.15301355098134,0.0
69.99885090934642,61.2621867787023,0.0
58.065291753141274,64.32085523913437,0.0
59.74017605980146,72.26063789175838,0.0
67.37372964542712,67.88308670583844,0.0
62.86479204823845,69.88381557587536,0.0
54.303883809930404,69.0027445664315,0.0
54.560191482044935,78.59378653597341,0.0
64.52081342228372,74.96065159189074,0.0
64.81744648951158,65.00101325987677,0.0
108.03359962486024,28.952678435648338,1.0
61.003900925259785,69.3094273677455,0.0
60.98273171689659,70.60186140523149,0.0
65.2260208498902,72.25052153163364,0.0
55.030623901637455,73.71964396750397,0.0
62.91640284300126,68.55320165650699,0.0
57.32605472270884,75.24603320708071,0.0
53.95905707596874,70.84199354620556,0.0
57.683248559536345,77.15225987975393,0.0
56.3526682677931,56.40079027344029,0.0
107.9099035164086,41.20019317749007,1.0
63.63728982993004,66.20215325924784,0.0
63.25781699918481,68.881819256232,0.0
62.78159048039696,75.10614819590819,0.0
62.67907014212548,62.951550572762905,0.0
58.42352990378259,74.79130477015023,0.0
62.09620853792092,62.487226060016226,0.0
60.8996778125746,72.57712603076584,0.0
64.79334227292107,66.49945824028659,0.0
62.06126262153783,76.0045169195097,0.0
58.96123481792639,65.38559855761841,0.0
66.99659248712226,64.47055733832269,0.0
54.26321920484086,72.67509000179152,0.0
55.48749355829607,59.675530226287194,0.0
62.09431209248468,66.4954452619476,0.0
54.93756338291858,69.8179752861874,0.0
47.08314667409345,71.02504969915768,0.0
51.582193118160134,64.53356427260346,0.0
59.751694111252135,64.0079056950937,0.0
61.74300011547328,63.38339237496538,0.0
61.369381792283185,61.9680323496909,0.0
62.962331367227165,70.9530196183663,0.0
55.57664484786389,67.47020500471211,0.0
59.74109692984299,73.10135726291969,0.0
51.87413340621931,70.34478151093202,0.0
59.82427730302733,75.88650306113743,0.0
61.476918437879064,65.84053423049318,0.0
49.87554625688004,68.59593408741864,0.0
107.94532597362462,25.9138657987763,1.0
61.06569916210465,68.756580703266,0.0
55.43805907583264,77.57253388038231,0.0
61.263137800335535,80.56888816106289,0.0
62.05871469283759,65.8719982515186,0.0
58.71236607530385,72.16980914779003,0.0
61.639823485903484,73.0213452090929,0.0
60.19863715198503,68.71219307969159,0.0
106.47837170925362,24.652986669595528,1.0
68.49062567269729,70.85273331889681,0.0
109.07468366139739,34.500145817475975,1.0
62.5294327134231,74.71543956822903,0.0
55.930698799645356,74.24769929772108,0.0
64.86804395393669,73.95401993427627,0.0
61.45508879863064,68.97751986087931,0.0
62.52246650383238,61.2789127957159,0.0
56.58500923960167,78.2855717853056,0.0
65.7622277632606,64.6783484994664,0.0
66.42444504574071,76.94146096394886,0.0
55.74365891303326,67.33475840198135,0.0
61.00764136376292,76.04031274118063,0.0
62.38702854710735,68.29083969251222,0.0
65.46374893920478,67.5728797888845,0.0
109.88339790598172,34.43308493099774,1.0
64.34453432034091,78.00480675326122,0.0
61.48342777917143,79.7140155439191,0.0
55.679331261695715,73.42809943065733,0.0
60.5045139610726,69.97049816520229,0.0
61.23769142519505,71.73365844388941,0.0
63.40207684039444,69.53754162488346,0.0
61.213705490727634,61.29803801916636,0.0
59.774179614459406,75.97679501124642,0.0
59.9133901918018,67.94221768951029,0.0
68.58202355525464,65.17319924529725,0.0
57.96182628468679,75.11014494606295,0.0
69.04649344547211,62.01866630976704,0.0
64.56675645334411,66.37501441126997,0.0
64.19129770606527,72.19199095409907,0.0
62.39232414201092,60.1385643167267,0.0
63.65631679368296,69.58570017437509,0.0
61.86300581940003,71.0901001251279,0.0
64.69092824103855,73.81332858017107,0.0
56.48765200863615,62.73383575980316,0.0
64.78080455953537,69.24583620579381,0.0
58.45692368375008,68.97466089178742,0.0
57.06405012342507,69.13306343640635,0.0
56.10286392085601,74.47595885959254,0.0
53.328873866372234,67.86573399823,0.0
65.75765298531746,71.38876276798052,0.0
65.9434768559213,69.82439087184855,0.0
63.59793803334502,68.65836143580333,0.0
63.32835949076827,65.65486014320031,0.0
63.91891813932042,69.9976489516009,0.0
91.94328774805734,40.21574750230431,1.0
59.244392787978256,69.56075968545179,0.0
66.9137028946892,64.38918630476958,0.0
105.26071570135036,43.043109249146454,1.0
52.47227334075237,70.41281699122648,0.0
53.97414255121798,68.79921378410438,0.0
81.403833937342,72.90060906733929,0.0
59.0679539202571,67.7531921131617,0.0
61.48004202000187,61.115431550231904,0.0
63.075441850742116,67.34937988163445,0.0
60.94768421432813,76.33322690928111,0.0
59.59931984712178,66.84943153620888,0.0
65.04390773679138,68.7049646645333,0.0
57.500496739325996,75.0384086904428,0.0
64.13989649742324,61.85300996001608,0.0
67.10590268368033,63.947855449808245,0.0
47.71393750404175,74.50757049902715,0.0
66.39935604536797,73.85814307351338,0.0
51.61286323451684,69.18012308272677,0.0
57.36237672584205,72.89484942668389,0.0
56.09398455344999,75.6862489747971,0.0
62.86415906728695,67.28303039749736,0.0
61.96108296424285,67.96515181272193,0.0
60.5541887183494,76.64547374935091,0.0
59.42733566736085,75.45327170883324,0.0
54.4161495611052,67.10487030253029,0.0
59.93416188951709,69.92208724330818,0.0
61.00800713189749,68.91438920372363,0.0
62.65291931019854,72.33128750669351,0.0
61.7032702356993,72.62886867141857,0.0
70.87930203724859,70.36676763736307,0.0
59.52937291834962,71.49497111286593,0.0
60.39277307851573,68.4796149806505,0.0
66.14779327539165,78.61032723566566,0.0
57.691591409631094,67.82361765860401,0.0
59.14644689534941,71.87912234206082,0.0
72.98889912628852,83.03414060670339,0.0
62.55115135773667,68.22677762779134,0.0
61.35475361560932,64.82559221534774,0.0
57.71059371567859,66.11078123727225,0.0
62.55159348341179,67.854971497955,0.0
56.39635431521593,62.18235229451393,0.0
62.43787701919215,72.2170040290814,0.0
61.38456127910562,78.0637549465847,0.0
55.783485877671815,71.3609781849066,0.0
46.07941706664099,69.62895648035915,0.0
59.991159356268994,62.81712810635955,0.0
46.59989606077432,75.67446556350254,0.0
58.86853981698146,61.42121130793409,0.0
62.09060865132575,72.48114370045036,0.0
58.121216510298346,76.00928219847394,0.0
59.811074030372126,71.92694967739881,0.0
58.35374070374035,70.74407126090261,0.0
66.55029777865415,67.88705008912501,0.0
61.39475858624224,75.25260898707451,0.0
64.21908494310247,70.90238997634174,0.0
60.05999146611108,65.63655099125863,0.0
59.09177895212962,67.3328037978048,0.0
58.275550148139914,74.80445562606916,0.0
56.37223972695241,62.10931240160892,0.0
56.22711919018108,67.87201174635007,0.0
65.42520884260526,73.65393300484088,0.0
64.35485114592471,77.09784481872572,0.0
53.10812368180975,69.2528030270279,0.0
56.931087778899084,62.48041110347942,0.0
56.66194178982462,67.65547251048064,0.0
53.951207049700265,71.40958156490183,0.0
62.67858329332553,71.37856624735821,0.0
91.90434596113431,20.51412002776393,1.0
69.77676439216869,63.927435132520074,0.0
56.834265270168224,67.2449068036872,0.0
62.2246070191743,73.30133155271265,0.0
58.58586969364126,72.62404525165371,0.0
60.33131388917385,66.76629902008374,0.0
104.69614722891224,42.47766058103842,1.0
70.21574103794411,69.75482337828954,0.0
62.30815221405632,71.59422481669613,0.0
92.21492084130253,33.42965863976892,1.0
59.819819490613,69.95190948765682,0.0
59.43626895020473,74.32845028699639,0.0
57.978251640593236,67.81873102851519,0.0
63.844494784595746,73.36256658389296,0.0
60.855966299717906,70.45240474372818,0.0
50.8949952549419,63.09478782541355,0.0
53.43202851520739,71.12030845707393,0.0
55.99148342980893,58.599668147447204,0.0
57.868185995889576,70.27802183986327,0.0
59.690432783560794,74.50472549229349,0.0
95.49606343104313,32.22006217663666,1.0
61.31035412677693,69.63744461108476,0.0
63.517507698089446,76.26404999130642,0.0
65.98550261870741,64.50724208091167,0.0
54.61163762033303,65.38957431929572,0.0
62.99073540899942,68.98248515106691,0.0
56.99881111718518,61.19421584259806,0.0
56.983081172145646,69.10789180948315,0.0
109.93269163355498,25.10262043195268,1.0
57.321574957461245,60.65087511091687,0.0
64.15658782025703,68.83052969800505,0.0
56.889579341338774,69.48021911864193,0.0
63.17588698917825,68.75934330601417,0.0
56.209330733140995,73.24860541700703,0.0
112.8025285708092,39.43073960032608,1.0
67.23039063287098,72.41165826184343,0.0
51.72656663674288,75.31897705161663,0.0
59.615031824170174,66.98928868402052,0.0
67.91666000538642,71.60997823564975,0.0
61.97186375290283,76.06294433089577,0.0
57.53678590217191,57.57047822266335,0.0
63.90477845983993,74.22538210861678,0.0
66.62047470867428,66.93427727835062,0.0
56.08300880522393,71.10208954524558,0.0
56.44271223107707,74.56405943476075,0.0
54.3474188439512,77.3426872999483,0.0
64.09305639005889,67.64698174716452,0.0
54.08070789853752,75.58630703705161,0.0
56.812820541272366,77.54637246815841,0.0
64.57165626867051,63.63847074837401,0.0
62.02198696152235,75.91853039208881,0.0
65.2377220223986,64.33399522277048,0.0
112.00311352119682,25.300268561393743,1.0
57.677858425106564,58.20156062829907,0.0
60.778275277846085,72.58294634441856,0.0
65.26449104797922,69.77695907436949,0.0
67.62833931349519,68.36118364602227,0.0
63.895918972021875,71.87612791471231,0.0
60.562726410003066,65.91029686404492,0.0
52.14640899533836,60.16829910396575,0.0
61.968056368770085,73.64251897601157,0.0
56.027543689197564,65.03535878290141,0.0
47.87189958623176,67.31090790995923,0.0
61.924727175900415,64.88490456691451,0.0
50.04422436656604,73.75149794140624,0.0
57.00162802344076,71.49838384363755,0.0
57.34409002221455,71.51028067052613,0.0
58.713712672485926,68.6650258560947,0.0
59.95689760971596,68.31941981336635,0.0
58.37603123007736,73.6253267703013,0.0
61.099765385861915,72.91968741338869,0.0
60.29799896312711,68.55469157356067,0.0
63.457394756939664,73.20445830986024,0.0
61.15486003570891,61.338661765661556,0.0
63.18120123918068,73.08989464802269,0.0
110.92876660448563,28.525449409281002,1.0
65.44666549328721,72.66999652100137,0.0
51.688948154150175,81.02191175503623,0.0
56.42593414809301,72.94001110501651,0.0
57.01582226574817,73.30854849113075,0.0
57.338283799661816,67.24962537008255,0.0
59.2766399639659,63.33422007616429,0.0
62.844635638767876,63.36499036606259,0.0
56.32814590747962,67.23980120225691,0.0
67.6771455675643,68.33644539047819,0.0
102.72739713532103,22.506654669856886,1.0
55.07457781777,70.1176014895772,0.0
60.76097121993127,61.47185275548604,0.0
57.77267693512351,60.62836786946228,0.0
54.807150489324016,79.43203334696034,0.0
57.59237993802677,70.47564862808666,0.0
65.28637845802872,65.19023303585396,0.0
60.68925505650781,73.19470067933266,0.0
60.10041627942758,76.29050864192982,0.0
64.4406250922076,74.81037573158657,0.0
66.23074708586466,75.32797178255367,0.0
65.79586563709476,64.75781206108788,0.0
61.79924797403407,71.32808076104598,0.0
51.03647437267672,62.88919082481941,0.0
51.998485534624365,60.057154063028996,0.0
52.0169263947263,75.77946961976828,0.0
55.794893182426875,62.63303586762507,0.0
55.45824217164537,60.49356411566314,0.0
61.94557861163152,67.16934567392163,0.0
64.83565668859741,62.602484547058374,0.0
68.1627403801091,58.32856298352995,0.0
61.89830462279038,71.38974458186979,0.0
61.33374370950856,70.41991595711673,0.0
55.867020872619996,65.72099587454251,0.0
59.796332203751014,64.21009406361213,0.0
58.36997065984252,67.02001988280432,0.0
58.17231832073099,68.16402625911435,0.0
56.7084156509054,72.6727426453301,0.0
51.673112544901144,68.16582490731393,0.0
57.044422609662575,70.44608768847539,0.0
53.58764691377331,64.99363120884274,0.0
60.02736021015736,66.10536898355133,0.0
63.823669362820596,70.50247374478867,0.0
64.03518945743025,64.07805295570297,0.0
60.99451137144568,65.3883600059863,0.0
119.73321545124578,42.16098467417693,1.0
46.625944899053984,65.58243398066294,0.0
57.56712051286262,76.50340553310578,0.0
61.751113502459305,66.5639601840337,0.0
57.94438563778896,75.3481649669995,0.0
52.787275358418476,68.87250636676653,0.0
54.21716582263592,64.62192781529689,0.0
54.524032517740295,65.12861972365248,0.0
67.27352721086886,67.95910891098967,0.0
55.67790997636871,74.14226152646982,0.0
56.20458937534407,63.25787893475207,0.0
70.48869846617306,62.85167053744456,0.0
59.41171251359216,72.49192960277361,0.0
60.09478442723979,67.78984407841308,0.0
52.13785708850759,68.79811226231999,0.0
54.81946498527737,77.79970005060152,0.0
58.34824026006156,71.87864881974008,0.0
65.74701384147816,72.10893575148235,0.0
65.50026293503234,74.62451792012574,0.0
76.73715438977713,66.81700382218993,0.0
52.00559828902248,73.00395206873857,0.0
59.89607571477269,65.22372736211116,0.0
58.02988108575024,66.563662536127,0.0
107.65906468675041,32.12747880206143,1.0
60.7766199801551,68.61925718529531,0.0
70.52312944865638,67.41722455580073,0.0
61.63365844617227,79.15522687546424,0.0
53.30101325255589,70.7394649333121,0.0
65.59569180505608,70.77726661263677,0.0
59.305772802424244,63.17562356999081,0.0
63.79023598478873,63.42228887098672,0.0
59.475380702432126,66.27986111696327,0.0
49.78403775577183,66.84817064803542,0.0
61.71164337713195,69.94744038408277,0.0
70.13696471914987,73.44575764966827,0.0
62.39517649569835,82.03175081017345,0.0
61.49486942402888,70.47025527469474,0.0
56.39809635379183,69.53878272649033,0.0
67.04244497567521,68.24525182876498,0.0
69.21316634456922,62.67606457314841,0.0
52.340227298448326,70.76412539777398,0.0
56.279909083370086,63.70035416132022,0.0
64.87519854206163,71.8548691683287,0.0
70.47406620131909,82.3857671412071,0.0
105.30356360866153,22.099239087279724,1.0
57.53279192323318,69.2759911605937,0.0
60.464596956066764,72.1485382399338,0.0
66.0708936509839,73.89252628906738,0.0
70.22487202863647,70.5427975802946,0.0
56.192965404508676,66.35757534730601,0.0
60.08072663487702,68.364904160251,0.0
98.44166282115509,26.443253403563027,1.0
52.176581774761345,64.9709435467923,0.0
59.307130779390874,66.88340900504546,0.0
64.01714613711249,69.02589405084204,0.0
53.415593404697056,72.72768442292808,0.0
59.31807418766992,66.42970195906383,0.0
93.21872626947294,24.154566402151403,1.0
54.95690003321329,70.40421359645812,0.0
57.201071035952324,77.37577759170638,0.0
67.17613943816083,75.52981825493427,0.0
54.83442230789641,68.25033984464554,0.0
56.6179027809342,68.94452397953624,0.0
66.8957904219678,80.73657841711997,0.0
60.60275071267887,69.64741016955718,0.0
57.15790353898885,69.16240050023177,0.0
66.82636037434867,74.52578686636207,0.0
54.16831759346043,73.30442418189074,0.0
53.32718728001331,70.70649145495692,0.0
60.6882817149959,74.49967775447918,0.0
59.388485995585306,69.12062930598861,0.0
60.852165201973534,73.07787414978343,0.0
65.21175832611506,71.22602023905466,0.0
57.76194268634083,75.70682603248382,0.0
56.90141444718629,67.97237896428278,0.0
66.36893390107501,71.37923844693674,0.0
54.51697225041504,68.71206210913641,0.0
60.853278838395994,74.22666961086188,0.0
67.44812702919648,73.36450808824351,0.0
59.37714265656574,80.18661668095302,0.0
54.64326114368121,70.11277514903739,0.0
63.4084572107155,67.1214842807243,0.0
57.45489129547861,68.30000021166673,0.0
64.63377694926143,72.06685181495116,0.0
73.98374677804972,65.19083572163538,0.0
66.16444046042855,63.450625728183866,0.0
60.87724140171745,75.88795042175161,0.0
55.51295999257789,76.40354764568136,0.0
52.42642434946764,73.47540069062686,0.0
54.49334130802883,67.19591394532557,0.0
69.14760643964088,67.9511209551127,0.0
65.32168804943021,78.66288589106844,0.0
58.803219089330874,59.9675800643801,0.0
50.071664490751665,70.37652881042672,0.0
61.874570239837354,77.81283357041907,0.0
62.78548692191406,73.82139216180727,0.0
54.47534747079309,76.38376587647576,0.0
54.12096365269113,67.13588042506329,0.0
60.59800386845166,71.23650055809107,0.0
62.81497090728655,76.30149304218502,0.0
58.9983259076751,75.84454739765815,0.0
56.81142412806677,72.81970612487396,0.0
51.20577641315468,71.713513563939,0.0
56.242293564426454,70.1730570198397,0.0
62.66215825474746,72.66305233463868,0.0
62.974012284474334,75.15707851249043,0.0
57.4554768604322,75.09401562765859,0.0
49.29814859699621,72.41737506445295,0.0
62.76564761692777,64.35222243762743,0.0
61.419602965907686,75.55443399647866,0.0
115.22601177257651,31.684887963424103,1.0
54.049792700240474,59.248641926916186,0.0
60.36191429413618,61.187961024258016,0.0
63.54840944313443,66.50697238701964,0.0
57.12994303809239,65.0133363314484,0.0
64.45451538592549,70.8921618955056,0.0
63.95112324241436,67.34303232725165,0.0
68.64288679004768,69.78712044398384,0.0
64.34919784339442,58.897312287632076,0.0
92.74831102132558,35.93260896852139,1.0
52.54728600113994,62.80563163658824,0.0
65.98028290486471,70.75629571143371,0.0
55.358591778191666,66.21824023448181,0.0
64.37454512154017,76.37176039221785,0.0
52.332724012117254,70.19512535379897,0.0
49.02754282704984,70.4305048206867,0.0
61.063120886191165,75.99221652738034,0.0
62.05899782078807,65.68879647320153,0.0
57.72368887130665,69.89867916162855,0.0
58.80349548176669,81.41508029158913,0.0
60.29983889845744,72.18348504575869,0.0
66.9270310863327,70.21795707483999,0.0
59.74100833825179,68.12717442578345,0.0
63.66555924176858,63.39680242915242,0.0
63.37918659625941,66.71018688877389,0.0
57.62382313835156,71.14726078318675,0.0
104.35556897590264,31.7743982920216,1.0
62.83280298325534,75.38594167528966,0.0
56.424467730282025,68.40893200048625,0.0
56.33860855441696,63.741983873526586,0.0
67.20897793122133,73.47531439585876,0.0
50.133507090188964,68.1309782581574,0.0
62.1325635212799,71.20445601539409,0.0
60.46388149856689,69.752494798218,0.0
53.787482986288246,66.04421627157284,0.0
109.48431822445876,27.765642910861327,1.0
48.75818190958273,69.91719129080016,0.0
56.64194240600366,71.4163619458061,0.0
92.19837328166065,23.048068807821018,1.0
55.516018735082994,73.71963388804852,0.0
54.240898124838886,68.53072463617745,0.0
56.19219298787106,70.84216116461688,0.0
62.66167655504362,64.99010194880243,0.0
65.41010480933856,65.97746601310253,0.0
65.49985285638105,66.03482229023523,0.0
94.80186218886946,33.62766071187527,1.0
68.27297588255885,75.6515299317569,0.0
56.49711527413438,60.262051226930005,0.0
59.63317440259118,73.44216249124773,0.0
58.881439072033864,78.66623375527813,0.0
64.6139453003919,71.34199978141568,0.0
62.59631927200411,69.53783294798767,0.0
58.76500314216495,64.59893900164695,0.0
62.506302174359305,64.96323431375676,0.0
52.01677574033911,70.03646218909388,0.0
61.22828543014979,54.36373676126546,0.0
68.76707260384214,69.01382731694379,0.0
61.4529095096028,70.78141355478706,0.0
58.56384007542512,62.78174695944304,0.0
66.9282395436162,67.4859131326389,0.0
108.46199695530966,29.738256031109714,1.0
64.95815711901004,64.85360098331132,0.0
58.41865700229977,68.16030429531138,0.0
63.700176428621475,69.20818867591777,0.0
59.07259152910847,72.83028862723539,0.0
63.25942707838622,79.00048449478051,0.0
93.96107502289372,29.65450396162811,1.0
60.340772180500245,68.71646572602079,0.0
59.779368811804204,71.39981208448535,0.0
118.61027604556924,38.755892045332644,1.0
47.0230611311036,68.9558944468202,0.0
63.11915367395065,71.34908698018351,0.0
58.459845526783496,79.36604142863958,0.0
62.92172275865599,72.87316368068723,0.0
59.966748610890505,72.55052940769367,0.0
67.44708583486002,76.01637875474894,0.0
65.95437720716694,72.01915736815612,0.0
111.8609997444498,27.819924339113584,1.0
60.909440474325834,81.03419027416605,0.0
54.69187766197136,72.26105857958835,0.0
102.65475908419998,30.222630309848707,1.0
53.67613500206759,78.76089782362105,0.0
54.42977344804858,72.76595518827442,0.0
57.85918311788966,75.08347510400843,0.0
55.06613309086703,74.16274614342055,0.0
65.24074118772391,66.1478846185021,0.0
57.32729578035536,72.12602124353938,0.0
56.04371561385292,68.15559499396183,0.0
59.60535568564387,65.63375971915316,0.0
64.10204033027242,66.73097480251751,0.0
64.37843073793108,65.64742112027265,0.0
58.03645601019217,63.05799950168402,0.0
66.69650894787307,65.67183860514639,0.0
57.614397651032014,79.71768780891614,0.0
55.604274256318114,64.88287100201181,0.0
66.8315149643312,67.70906184585651,0.0
101.34723005341958,37.40967946125069,1.0
56.72781380724283,58.142462422112004,0.0
60.80373892436147,63.89163540372251,0.0
63.02442466824856,64.2494775014681,0.0
52.37769693053772,65.5694502862027,0.0
65.12343859595435,66.38033238312525,0.0
65.17985096372577,73.34954778544613,0.0
47.90629304449126,69.83848163193859,0.0
53.9015685306894,81.85650776994724,0.0
51.121438298958125,65.5458579987754,0.0
57.746299266276296,73.08542330085884,0.0
63.03799803563979,64.68692311997361,0.0
56.99378635844121,57.16163161074,0.0
62.977961370844156,67.05177358711025,0.0
56.99447340413439,62.74561589403895,0.0
63.676068644249355,69.57959589322516,0.0
58.0489801799737,67.03871029131126,0.0
67.26193898784439,70.8814385271024,0.0
72.7485891092395,69.04394935886415,0.0
59.70402033025166,70.77145996752886,0.0
61.660102279353225,80.39371836459702,0.0
56.68200936593471,71.44749294961035,0.0
69.4063078991709,68.6014892627679,0.0
63.478230501020924,63.30826459387849,0.0
54.45706926361271,67.92280043254566,0.0
54.00877512716541,69.06680740912415,0.0
64.36179954059136,60.412247170286356,0.0
61.522390902798676,72.45278499852397,0.0
55.584234945068474,66.74571997918436,0.0
61.678597829534674,64.99531357905178,0.0
62.45244692959419,79.38993280345986,0.0
69.29999194357121,66.30042573398671,0.0
58.52356347166088,73.01016386027221,0.0
48.70185386618221,72.82707006452921,0.0
63.86856475635229,72.55523823713366,0.0
54.55320606019296,72.00513852735735,0.0
62.99842040397808,73.46528180730034,0.0
56.07560642864212,71.61117692123344,0.0
91.6153821884817,33.74912077064653,1.0
60.31508292209643,73.85813545848785,0.0
67.79154047387439,72.6426031032336,0.0
59.04068258694664,63.95140250583219,0.0
66.71822136824996,78.07890614238536,0.0
48.99733843636697,70.53856804425226,0.0
62.830926484105774,70.43814607443841,0.0
56.32200548306957,75.5618374266889,0.0
55.81338823327668,62.18861040369773,0.0
64.1555172012888,66.89923694390197,0.0
54.8401497990638,78.70070739760072,0.0
65.53448029839453,76.96933570913413,0.0
58.470659784066,81.79981177854042,0.0
68.3643811521558,66.88308266771364,0.0
67.73991572790509,70.47454444318245,0.0
68.57743379738865,64.6744367215055,0.0
61.55272964413535,79.27042763150425,0.0
62.35573227749063,70.95096232845013,0.0
58.952301665902134,76.3192616556007,0.0
55.08241541735674,71.78565121595366,0.0
53.21891001944782,69.31581105486457,0.0
62.0969200289422,72.68791213852109,0.0
69.04280307293992,73.85954679689655,0.0
57.48795897338144,69.60652687579652,0.0
72.70241454001125,69.13854850711625,0.0
55.297085148744465,70.77165912708139,0.0
55.89715775243201,76.36240478305815,0.0
58.35101601819074,76.0116616075685,0.0
64.56791324592406,63.91948666525427,0.0
60.21387958764986,73.6908846915248,0.0
61.861671993395184,75.27095541252855,0.0
61.39000276597236,70.31119919561509,0.0
62.79074807917405,73.2607164861692,0.0
52.509766453214056,67.62074543738667,0.0
64.8743813427669,65.04433200501622,0.0
56.6541238396842,62.80092438126606,0.0
54.680628627416006,68.4433175660857,0.0
53.41201670042115,73.23100530195767,0.0
60.70588438850254,68.86417816503383,0.0
62.34594188860448,68.71956338068132,0.0
59.801641482334034,71.5958447620641,0.0
71.71220178229794,68.87120620854154,0.0
60.937735479450254,75.60087910114098,0.0
99.83161509786696,44.59232336817712,1.0
62.015737256103705,66.19521956278183,0.0
60.030618367639626,77.07384230656731,0.0
67.01317593136862,76.5725848835557,0.0
58.03931485563323,71.7018342773243,0.0
58.863541622017536,73.53747000444075,0.0
55.99748358544181,77.31781553040852,0.0
63.706002688585535,76.84373006240297,0.0
57.65533130295969,67.92769512776346,0.0
52.50727177534699,66.19505315507709,0.0
74.68137428530022,66.05967305156653,0.0
55.90119170561562,75.25705448541397,0.0
61.853964004542235,83.98187571624518,0.0
58.98727840392517,67.85561583316282,0.0
59.80073847097748,66.45337858097454,0.0
53.18976194973175,62.295619027085564,0.0
64.55789077860035,75.43980165955409,0.0
67.19612398910414,69.66270004453088,0.0
55.55802474205946,73.51454245082087,0.0
64.13758750896024,73.751406015896,0.0
56.953178400788,71.64811706141477,0.0
63.95791441688341,67.8699837634347,0.0
58.22864245243807,71.81865502141825,0.0
67.4929662790781,72.71668329181068,0.0
53.164614072832194,80.53632219356986,0.0
50.381539884607776,62.07765993795833,0.0
69.96061065052615,67.33267268511021,0.0
63.89246018357482,76.1756976827541,0.0
57.27749977950853,73.5277097998382,0.0
56.666568439018285,81.72789294828166,0.0
49.975665631251985,62.83772293925706,0.0
98.94099870510172,22.22366842248276,1.0
68.47840684943796,68.0637795781448,0.0
59.73060737690998,70.18484344924472,0.0
55.09406530303587,74.48758410900881,0.0
48.61842935965779,68.37777596571532,0.0
58.66295467263424,59.43146551197577,0.0
55.595484878838874,72.01211993051382,0.0
62.626891733877585,73.83020541453718,0.0
74.75046703376238,77.95672148404505,0.0
65.17975293747872,69.28426699163735,0.0
56.664514808450235,66.89032120500518,0.0
58.21182538811451,72.35601926065301,0.0
56.98706656478992,70.18347955681082,0.0
56.835470511960814,60.257990497072036,0.0
59.23961391297161,72.05013903815698,0.0
63.11572991372153,74.90534323797735,0.0
66.02880292549607,68.42700950524289,0.0
62.98467375453139,74.52371502130849,0.0
64.57562388755322,62.475980767382836,0.0
60.66153762981547,67.28992768651717,0.0
55.40269334134431,64.32262364039056,0.0
65.80876970500239,67.38712262674552,0.0
59.52992933648616,69.52521841034111,0.0
60.27936674479988,71.11171763855914,0.0
64.43468384031485,69.11571313437747,0.0
56.00038315724072,66.72517277779092,0.0
59.6090897928535,74.51783563835586,0.0
100.21272474595753,26.790052165609357,1.0
68.21910317772844,65.28875347787901,0.0
67.71043804612877,69.68729631688595,0.0
61.631126945898664,68.68520350406362,0.0
53.59205727597189,71.31259413953757,0.0
62.62128229083214,74.7896737774382,0.0
61.67984271220902,68.98573436852641,0.0
58.33310093605091,71.9552966711715,0.0
57.215838906775865,61.12624916791418,0.0
59.88117681608877,69.10847865427776,0.0
58.61403363259253,71.73574428036648,0.0
71.07186850348302,76.90736032991046,0.0
60.762764276582345,64.66047965683792,0.0
97.40726392591303,21.493232237018937,1.0
61.96685820370417,74.02978882466668,0.0
62.19547270001539,75.12952540054863,0.0
53.146764440283896,85.46436633303944,0.0
66.07273435428613,76.69461157748043,0.0
62.78666642044187,76.97998730604637,0.0
63.91848587773958,68.0343896141987,0.0
63.577495444388646,63.25083430438019,0.0
55.137408400246244,67.70138779568383,0.0
58.63336098685501,70.76562712804586,0.0
56.78044194865294,69.8276161885794,0.0
62.108356661908424,75.75470258931209,0.0
59.67734964043285,67.68307018507609,0.0
60.49713624317997,82.04465690692295,0.0
66.0913320248729,67.36997747278485,0.0
57.107112970626844,62.221596411502674,0.0
66.51931221593962,70.81178033766571,0.0
61.48841912629186,73.69071513468761,0.0
65.63757531098011,71.17961969683275,0.0
66.05647163336793,64.92356196692789,0.0
61.917085526778294,76.60127712995255,0.0
59.15016858337471,67.70554990517996,0.0
66.58915011206639,69.9487886025672,0.0
59.89449646877437,82.12163987787127,0.0
61.43459228291399,74.43367787623217,0.0
56.81076624292605,71.07759346269843,0.0
62.068072250584876,68.37128624961866,0.0
52.337080257495494,65.10439936354764,0.0
58.4508766343573,75.88223575347976,0.0
59.37695123021501,67.7860720800252,0.0
56.44656310206927,78.00254173260727,0.0
56.60367075458617,72.90560490388853,0.0
68.99248323823744,69.25202884652325,0.0
61.24315555343343,74.11035607120937,0.0
58.474432765985824,69.4702656215593,0.0
64.433573654017,63.83349784339741,0.0
59.17186443176715,64.02284122615836,0.0
57.31580842179398,82.84631158991058,0.0
66.27848179435136,71.14089603569002,0.0
62.26222814619976,64.49409176741575,0.0
61.03846707399208,70.17909877266004,0.0
58.62232625144893,63.81532620281244,0.0
53.69168707342087,67.48618459182028,0.0
70.67741385521899,65.77750425483038,0.0
54.231792763586284,73.94089498962549,0.0
54.43361928782396,71.53484957629452,0.0
63.53119841856166,73.41849894139582,0.0
55.09714097319922,73.5048630553507,0.0
64.16003806128951,78.81668751127437,0.0
68.84128571608899,68.553600122621,0.0
65.66321675183491,73.03687740865026,0.0
59.246734364633014,76.98851512086227,0.0
116.51974472571484,28.94972931502719,1.0
62.16708934511639,71.6656809167566,0.0
56.517781971692195,68.8929154239156,0.0
52.144766867565245,75.64028706142886,0.0
56.962853298646195,73.59586827653736,0.0
61.75147810159036,64.63050881300845,0.0
59.65164132642439,73.406384259294,0.0
70.65200776973046,65.3035216317852,0.0
57.893797016582155,73.02274134037762,0.0
61.21539509811962,68.37373478785165,0.0
61.35062916709671,72.40009307684905,0.0
65.90257308357849,72.96859470919652,0.0
58.07722483479639,76.23633505806102,0.0
62.7378757093104,70.34225218262746,0.0
62.80432974026394,68.70770186987122,0.0
64.54068369981348,66.55351482460163,0.0
55.60876033857049,72.15837521707515,0.0
51.55824358395402,66.22806815070813,0.0
63.421202250338496,62.632040262850005,0.0
47.71341729591497,78.46154343345208,0.0
52.134033570172946,66.95556665603515,0.0
63.222803574399684,73.09763802869622,0.0
62.81528013823173,66.57763308351207,0.0
55.003036162694855,67.1225439072116,0.0
54.451967769317385,69.46232185531679,0.0
57.068030898782965,60.92409324848174,0.0
56.48670421351473,76.28921768704534,0.0
64.3735087372845,58.300960157115014,0.0
62.440445491831554,73.88885091082967,0.0
58.672323134754016,63.99589116640886,0.0
55.274529887664634,75.56372243616966,0.0
62.41954471023697,68.85407219677893,0.0
48.63349205361993,75.37294463461367,0.0
55.17349011686271,71.44215038103232,0.0
60.746707892846125,73.24519867176885,0.0
66.31435279620007,69.72516610501637,0.0
64.83333772899009,70.07436934984536,0.0
65.52337772806553,67.7177734742848,0.0
54.40566612325873,66.31138838199314,0.0
66.4588954933199,71.09097239727076,0.0
61.55597476453475,74.6036945234523,0.0
58.313791284770566,60.653977270650586,0.0
61.68500901106102,75.80962206620893,0.0
60.09865632306868,59.784619057253245,0.0
69.06589857519096,77.36137954566551,0.0
60.302934575085686,72.71758477705221,0.0
65.17413423173356,74.45110310279456,0.0
50.6371686928642,60.04840719422366,0.0
57.29182716158928,73.39316936851067,0.0
63.804767095716144,68.37598980909209,0.0
52.7348011893648,66.90341208533326,0.0
69.96498857618838,77.67103201502914,0.0
63.18992609665609,64.25685606451977,0.0
56.34661949920681,65.16973049253298,0.0
56.550261786242345,70.29484250754533,0.0
64.30956216430351,69.74719268156862,0.0
61.76523978639384,69.09903517794645,0.0
68.77568423776889,71.25343481372714,0.0
65.24631860252447,74.2989421943262,0.0
57.47240604159273,67.99486111301549,0.0
59.51582641886301,71.0714700891691,0.0
64.76603685756818,69.48552228232347,0.0
68.22612154857181,59.96909761158661,0.0
69.77639462968807,70.0404467820338,0.0
67.48508109188042,73.84685481301133,0.0
67.01007117210014,70.10234674849768,0.0
56.6455998888947,74.829283146897,0.0
58.41659490756542,73.65420137726737,0.0
54.674773919512475,71.09527423955477,0.0
55.70169062790747,73.95449198014241,0.0
56.17483861625298,72.5915702100388,0.0
60.85781313354286,62.17300398795476,0.0
59.27723946157907,75.98780983909542,0.0
62.574911938579845,77.7785762758243,0.0
61.70212776822207,66.13527170151572,0.0
62.3363990419127,65.8187938534445,0.0
60.45596698222487,71.97842028517654,0.0
70.3660467314509,73.48071659161234,0.0
65.84400891706754,67.75627457567765,0.0
60.08081036538213,73.86160750238321,0.0
61.48218358974125,68.07969086222825,0.0
55.17278359115665,68.97596886389314,0.0
66.69843420967258,58.95057338705658,0.0
61.45365066018845,72.15435607414314,0.0
53.91891687255135,69.46520149630307,0.0
63.43186730696815,69.25015537206669,0.0
60.395766164290954,66.47966778226402,0.0
51.44406037208826,77.8199168010485,0.0
70.9149713389784,66.98372672866898,0.0
60.35507045652353,69.47542310843473,0.0
60.925095271106926,63.72387715973769,0.0
57.316993524532045,66.92239364627157,0.0
65.02897596039274,71.93043647410424,0.0
58.99979404766321,66.41008706514013,0.0
58.61725586695256,64.67732624456556,0.0
61.58393575634965,63.682326447056255,0.0
56.698496585242644,74.14317190773943,0.0
61.98715358447495,67.91670116367959,0.0
55.94897550943225,69.64391791111102,0.0
59.01272171405147,64.70333099902747,0.0
64.37696241861053,80.68164528151085,0.0
57.63147717281381,67.77140832109228,0.0
52.15806868906823,69.24099318917817,0.0
51.961729018983604,77.99216104335501,0.0
48.170188866469346,62.36606566664986,0.0
55.87660781711141,69.35697232977559,0.0
71.79403406672039,73.42546253621697,0.0
53.15945080239988,60.62568071164885,0.0
90.8559075244136,42.07419269420761,1.0
57.50733412593965,73.46032238230065,0.0
62.97764275856592,65.91937576163934,0.0
59.91651243283305,74.7384376749446,0.0
55.831244897156246,77.25921726521942,0.0
60.73861063031686,73.51499217093554,0.0
64.09284126669857,72.31230003539437,0.0
56.826417607051,73.94935976120522,0.0
62.805636514285005,64.46538037993693,0.0
56.56783666732435,67.16549255007394,0.0
58.17541615392896,68.16093529283066,0.0
52.82224322913885,67.39713506793375,0.0
63.92591828699482,72.39604749985973,0.0
60.01422968857695,69.29482342755843,0.0
50.63802891028323,73.87909427837072,0.0
105.71904350491769,40.17776338900606,1.0
54.575224376706956,69.61848625999636,0.0
67.94699162883636,63.4296475744382,0.0
47.708292448546864,70.43468163118361,0.0
66.14507703481891,65.49523113842115,0.0
60.031154647303495,71.1840261467606,0.0
58.88632124480798,64.17107143279603,0.0
61.20412810381308,64.59288986064455,0.0
59.84594448034869,70.8632602078695,0.0
51.663321865362406,67.37921771821266,0.0
61.16563841175834,64.83063249023715,0.0
62.56274666777889,66.33880718690705,0.0
62.907037625205085,70.9184689715214,0.0
70.51019665845088,76.41996815121415,0.0
65.00939135134189,72.35765564185073,0.0
60.80286368872157,54.27975638688119,0.0
56.84415603566717,68.6493379639288,0.0
58.677262780902,73.03293233664021,0.0
61.89154296715695,68.18583843019506,0.0
52.601739313381216,66.85147149706275,0.0
60.58989972592688,72.6941507555999,0.0
56.14413251216162,66.91453299147759,0.0
61.18811115884299,70.55858839500972,0.0
64.25859524336173,70.83419795974598,0.0
56.396508728955865,61.15186355555026,0.0
63.16873680300412,66.84577262769254,0.0
51.43077142394039,76.10043547490575,0.0
59.34326619558112,62.349690216160106,0.0
53.27288397088371,66.34323786021436,0.0
55.488547828963846,77.12790259032283,0.0
64.79629824847437,64.84757345313997,0.0
64.26269253079838,74.5526960701129,0.0
114.62169396391768,37.69448849064053,1.0
58.71682019736534,60.089043853671676,0.0
51.79296251401964,66.84408822243874,0.0
66.58654159278792,80.59405653780601,0.0
58.034957593932795,71.89403773236128,0.0
60.44227432382766,69.85444597140484,0.0
53.882180721021285,80.84134456226644,0.0
56.16628781903499,62.754864099234915,0.0
60.88070006474487,74.9617584157855,0.0
66.49133135174081,69.64785860043399,0.0
62.99081935795846,71.06915395243028,0.0
64.81210577963482,67.50036587713831,0.0
55.04683796469426,66.63659988038674,0.0
66.58417836514147,62.90565869578471,0.0
66.26705882420569,62.768198419862074,0.0
63.550922063288084,66.47051955543567,0.0
63.399472738885045,75.25354964588406,0.0
58.435207752175195,68.33311325722258,0.0
53.972456111315296,65.39082383753558,0.0
54.466043206120204,71.43580660851936,0.0
56.39102071616666,66.23536554190801,0.0
60.80773093038791,61.4916248092127,0.0
60.81497944676419,65.89899575103254,0.0
62.63728930846295,71.6431161871707,0.0
57.15371998819004,68.66260836849534,0.0
56.99911200277218,69.97947035857098,0.0
54.562288669522474,76.32742402725981,0.0
59.065315447682714,72.6549278820127,0.0
63.13983310434545,62.29405919512971,0.0
64.9072743090042,76.86496386754168,0.0
54.4452839535544,58.90187453573109,0.0
99.27503365694675,23.557458993936947,1.0
66.63479839100599,68.32210666124176,0.0
58.74496351234596,74.21112298983532,0.0
57.721745887011274,61.270606877410444,0.0
60.6706369581362,74.4087828814194,0.0
53.83785928656709,61.60058849961528,0.0
57.94230823039066,63.957244984091616,0.0
48.97441951787336,77.54185721931529,0.0
63.82248198920589,65.32972834145285,0.0
57.83063965086271,58.064714751893064,0.0
60.43144862388542,73.01536274776531,0.0
68.06738890632862,76.24969454183773,0.0
56.8344414283231,57.42343270554261,0.0
63.08042509938885,72.84058972573841,0.0
62.96374162651334,72.12524376961218,0.0
65.75906857810328,66.45165638941992,0.0
117.69625371931494,31.03843859810111,1.0
59.04289989481783,65.54521598733591,0.0
61.2926182432669,71.3133112085189,0.0
65.65507448779813,79.07326594456633,0.0
54.42617997368893,69.13482590888985,0.0
63.70932280171985,69.80821461648895,0.0
51.07793649500141,68.9428842725069,0.0
57.12114279488237,69.62625756532289,0.0
64.57715338688196,73.87269831640113,0.0
65.52267592402981,76.95239750618097,0.0
57.22824906938958,66.77790691982604,0.0
60.051267683852636,64.3153832902168,0.0
54.56349244912165,70.46072605572148,0.0
59.32259405889223,68.77499875991943,0.0
59.59384704487195,66.32457165582314,0.0
70.30364889063185,70.0334467201115,0.0
51.75020001204289,81.2379250779465,0.0
70.12947949916187,71.63382892199357,0.0
58.447686769220546,68.18763315133775,0.0
96.01023351390037,37.36360369473043,1.0
61.89805940761195,68.73290834969316,0.0
62.91567531171093,75.04104981982718,0.0
66.73128498387342,75.28398040343775,0.0
62.37717190923189,71.64273960752381,0.0
68.28971915542942,73.50905281069309,0.0
60.5104861887893,70.39574934573638,0.0
57.61756098960766,69.6920370184398,0.0
54.63621101050527,76.79806201806318,0.0
58.72285320957203,72.2130833371049,0.0
61.16417345443586,74.23061623550548,0.0
64.78538179459677,58.23584810393719,0.0
54.24982634919758,74.46882655982867,0.0
61.13560255000993,66.77452650518532,0.0
60.201098886370715,70.66212587237713,0.0
65.66712633300642,61.3830750466452,0.0
53.8731407325085,65.423808794914,0.0
57.77950595043025,65.30892335216153,0.0
57.184307487097946,68.58462374941739,0.0
61.29003703583658,69.29558172024522,0.0
54.91672913692001,71.99537642721488,0.0
59.81310733101307,76.32564587195763,0.0
61.76138136069799,72.76071026859532,0.0
56.83671081312531,64.6623292571376,0.0
54.972818625785315,76.29419118756817,0.0
49.21978206538686,72.8388921979271,0.0
65.41501786049905,63.72443194349416,0.0
59.55911404370198,74.59709122107328,0.0
55.15297869814261,70.52747563167763,0.0
60.31023347132941,66.3202607229819,0.0
67.09615379784809,65.61580067823218,0.0
64.87801290268902,62.65037866368789,0.0
58.40510449151066,75.42283117890659,0.0
60.982164659554456,73.6421208646493,0.0
61.394680222140046,72.41256172350813,0.0
59.83975110307392,71.85809901252122,0.0
50.69437303268869,72.72817502972214,0.0
56.734646590964,73.12151237496164,0.0
57.32721850846107,62.16712400083775,0.0
67.65994878435227,75.16563165052098,0.0
62.276105914560425,74.81268370898037,0.0
63.41733087784435,75.25561757117191,0.0
65.75706274211858,53.78988476616583,0.0
56.90297030259226,69.18850333352266,0.0
55.50380065529131,68.96913341510302,0.0
67.35527575821109,74.14299920200843,0.0
64.01450950433393,71.12982564853426,0.0
63.162371051252386,73.96791842874705,0.0
60.81399324326712,65.98950632449416,0.0
60.73159916317715,65.60654625882114,0.0
58.857728027576925,64.02598900421152,0.0
62.026906971691155,66.37896944850189,0.0
55.216011972551655,69.135133153576,0.0
59.606648035883026,72.34607069638679,0.0
62.73866146571003,70.98510168133846,0.0
69.91451301729029,67.02595359844604,0.0
63.42451887962337,62.89297221712258,0.0
50.889384416441956,69.72572905801468,0.0
66.24087712770137,77.12391054253845,0.0
57.15701311906659,62.050238929611105,0.0
57.921795761523995,69.77253830191604,0.0
59.48730592226154,62.34358020473005,0.0
77.61547191870268,62.4665023929441,0.0
63.122713373726974,64.11031919671044,0.0
55.93583582511352,74.47710463776328,0.0
56.07739921303016,58.5986588920793,0.0
69.93773051715318,61.68522098464714,0.0
61.09062166257491,73.05922634667459,0.0
69.04121209219073,71.78345877009383,0.0
64.27434438043376,58.09420875444472,0.0
65.06446871227564,71.32723016917757,0.0
65.21010339791466,72.21919802335995,0.0
52.165013790170306,69.81438315829024,0.0
63.05595110873003,69.63406962200011,0.0
63.897276604188306,75.10942982564072,0.0
71.15086203641813,71.63716166256694,0.0
62.909415086717246,63.212678563975444,0.0
62.025714327389814,71.7753360359516,0.0
56.72816623904297,67.34293630105792,0.0
64.3810777349913,69.70822174744343,0.0
58.84901523604068,75.1128462162086,0.0
61.94557786165933,68.6582282421439,0.0
64.73155745302905,66.8966270581301,0.0
66.3966338365121,75.74266139299002,0.0
57.94448824169646,64.90183315035594,0.0
64.49109662346429,72.61046654547998,0.0
53.026127235853636,65.43112618187361,0.0
64.79520662217723,62.85830317184033,0.0
61.89177037868702,77.82788895397314,0.0
60.78149506859362,67.91163857508994,0.0
57.78075839570424,74.78901636620667,0.0
112.77269768838985,20.847020180386902,1.0
59.973861390587736,81.09791367838623,0.0
63.1643899945947,73.55264816369643,0.0
59.35934421651799,74.25685392475954,0.0
63.11379329556892,74.80014630038531,0.0
68.67507387984301,68.83287022483974,0.0
58.62613831722695,71.16112779619299,0.0
62.63021896293178,69.24793690481933,0.0
119.35323308092832,35.19520072980965,1.0
59.52946597934826,70.19814119024188,0.0
94.43098870304652,32.35451844679849,1.0
71.59611826818852,67.44910279442901,0.0
61.44054772792876,67.08865360922775,0.0
61.396355606606726,68.34878793086978,0.0
60.4549989592782,68.106173066023,0.0
67.5157535062739,73.33808078362335,0.0
61.302389484014796,74.55176967801214,0.0
68.95683097954513,76.55834867780038,0.0
61.45167519460686,80.66943880752947,0.0
59.0967458895024,76.2519059919661,0.0
64.68891285416062,58.737723137265974,0.0
53.73828995079984,60.8602787972098,0.0
60.282118351112295,74.19450703983429,0.0
63.606058523510896,75.9862111121033,0.0
56.82096757771255,71.68979842696399,0.0
65.58870618335587,77.26041410768327,0.0
57.925122403530274,68.11219137931978,0.0
64.61640474432419,77.77599797641155,0.0
58.97756254514493,66.14659807838709,0.0
59.460698632883314,70.20379924231591,0.0
58.27954213385294,79.2667150792318,0.0
61.79357777821369,72.6333642565669,0.0
59.80701294774439,66.99036911327961,0.0
62.28241075674054,68.46365743542482,0.0
60.78201736774438,68.04006250559091,0.0
69.40136980467366,69.21906212631795,0.0
90.93466999062659,31.49332436747622,1.0
64.06463782481413,65.87142403162768,0.0
65.91771360951554,62.18030855539267,0.0
59.60700243452268,70.80378651401237,0.0
64.80436910428689,72.89773443964731,0.0
63.49556095599917,65.34764365651306,0.0
55.884333532775834,68.54272936573285,0.0
57.718101558138606,78.01279722772293,0.0
62.49752977249391,75.96037868406046,0.0
109.58252777137359,29.262540630171145,1.0
63.45513932702064,65.65803341506985,0.0
52.22805618362661,71.03395661775527,0.0
63.911341202402404,78.35399314638526,0.0
59.07370816746353,73.63937395430749,0.0
59.549850225664,73.66590286253106,0.0
57.6465482221335,66.6360522599981,0.0
64.82894242952888,69.50413338525877,0.0
56.96575454645551,63.0784313812056,0.0
64.43715231443313,67.14001281694497,0.0
56.12141903701129,79.759516438753,0.0
59.634091574053485,71.83033463347643,0.0
63.30382636991444,69.31585730696759,0.0
63.72346453568421,60.224768737730116,0.0
57.86228112864431,69.04912653844079,0.0
54.998272342351626,65.9467579623382,0.0
63.95963553547695,75.78166922174579,0.0
61.23112634379219,68.72668380530959,0.0
61.242087787926955,54.908166825599245,0.0
50.09494429634058,69.81151205123928,0.0
48.41524633892227,73.62603910813392,0.0
51.77483553755617,59.79493211501672,0.0
59.42272588524451,70.50997122629175,0.0
60.64896360388555,77.3038855464168,0.0
63.665729859276965,61.617814209574505,0.0
61.82540732610517,61.98504873571225,0.0
59.53444658264351,71.92310277230915,0.0
54.07529283635227,64.52978606790651,0.0
61.523033304648244,65.89683880826112,0.0
52.04402284891475,76.88119361103001,0.0
105.90918906281051,39.99386958109939,1.0
58.780512311226424,65.17927063945828,0.0
61.28404634612603,65.39431688771154,0.0
65.48532869155734,63.78268610164589,0.0
59.689615164019436,64.69109237517358,0.0
65.69893768528472,80.83596060577369,0.0
92.89316679697382,25.564377399185116,1.0
65.27639462494228,68.54338602112763,0.0
63.33484174313409,63.53526256513408,0.0
47.49914697487469,78.58883648862147,0.0
63.4546453518518,73.58344098208599,0.0
67.52138981298101,67.1444450092394,0.0
55.134239547893785,63.317907044775716,0.0
62.72997050095857,70.70925059362021,0.0
63.453287121339656,74.67118039120304,0.0
70.91001439001849,65.98653532693467,0.0
54.94501979824961,70.21674055648245,0.0
61.357170320889395,77.21684461511167,0.0
59.360966813891714,77.79191569192051,0.0
66.48436499735905,69.28670685816249,0.0
58.43305164496943,71.09547237852502,0.0
60.01126318147653,64.86500928556687,0.0
55.34042639492632,74.19942506905912,0.0
61.77492067726265,66.79504758111199,0.0
112.34707039186885,26.25858284788691,1.0
69.12715580896736,78.22825203092825,0.0
55.840245468903404,70.22857986300576,0.0
60.37752891796751,69.95699381680686,0.0
64.17511833800255,64.37816682324325,0.0
55.87145791439819,75.23349782233672,0.0
54.56040582963862,71.25452865343415,0.0
60.25558763373457,66.95785708044448,0.0
53.31047626737697,72.30503005021403,0.0
53.67872468442811,75.82834379107697,0.0
58.32982028996329,73.45223470592707,0.0
62.14527764872541,74.34337103990546,0.0
58.52166500603604,61.10264478177615,0.0
49.087809670590296,73.37474174441033,0.0
67.52542901059441,76.42067197620378,0.0
65.03697985342376,71.11535318991686,0.0
55.08601187944619,63.49329991849778,0.0
58.73240538089808,75.4190117383365,0.0
60.020721614634994,62.83052768179637,0.0
62.27355594553487,67.69645785010299,0.0
54.97950554297538,69.55452053242566,0.0
56.87824087805061,68.1716139584608,0.0
56.666898827191716,63.7219581692553,0.0
55.64476775804879,71.47644935403152,0.0
57.51995499530739,73.6820930027832,0.0
66.35987146873447,70.3184726889704,0.0
53.21932444690243,68.60152201303065,0.0
55.35749442083651,77.26146640687875,0.0
57.7054205334321,66.76894070767173,0.0
53.870993936850546,63.856232076909606,0.0
59.54154384648717,69.09683222291793,0.0
57.05801469710513,77.32310945901482,0.0
62.45321944803512,65.93145932095271,0.0
59.376106320046816,73.80146711009279,0.0
57.46139795730649,61.434801468772285,0.0
60.45778006347971,71.83437663135989,0.0
56.30962721591833,71.14206237197652,0.0
60.616965528771125,62.71388449611233,0.0
63.34710410573828,61.66279609341814,0.0
58.631885353743854,68.20573890170157,0.0
56.53699441558994,69.06424905632353,0.0
59.015908369858195,60.80011424120514,0.0
59.89144344941478,72.81931462115278,0.0
63.96624358935792,65.62132673754046,0.0
57.89382734837895,67.70809735854483,0.0
61.059456806589246,66.4957976249733,0.0
63.90673158028427,69.89512489208745,0.0
50.6876574735855,62.910120853075334,0.0
64.78192913613226,70.32675303130719,0.0
55.63020601453248,67.14135293260496,0.0
117.46872636743112,23.590815866492182,1.0
65.4040990325537,69.90445383812387,0.0
61.17927575003298,70.34291408669068,0.0
57.513204568626,70.21489958109788,0.0
65.51120932956317,61.95822063783604,0.0
54.63945859492075,68.36069515485192,0.0
52.87137692447588,76.48387600008999,0.0
51.39428677188948,69.64359601287678,0.0
70.48429584437945,73.7332146495972,0.0
56.15734456172618,54.97753468152179,0.0
55.22706763664071,65.51019388137375,0.0
60.51813332000425,73.60304236771627,0.0
61.63100666504352,79.71808983660655,0.0
49.492378911394106,77.02098770043062,0.0
61.986071351538065,62.63562336678162,0.0
60.03374505232171,79.561014067607,0.0
57.94848581144659,74.62737599794166,0.0
60.36734507716954,78.55034588306206,0.0
54.60652106221721,78.2067461854461,0.0
61.67145713143042,76.13068888200138,0.0
67.37874156532536,71.89939283197394,0.0
51.178026614148365,75.64280917666373,0.0
70.4202652791227,74.10520313495816,0.0
115.12381792418151,27.515493537007977,1.0
66.60484637355573,73.29742176730122,0.0
58.50391595684477,65.92722860340068,0.0
60.061699595089515,68.58253918763867,0.0
60.525793820871726,69.27985063990772,0.0
63.73757665944794,63.028384774856804,0.0
66.8975808829956,65.59517437358639,0.0
51.465848595309446,65.72535047751293,0.0
67.85851217637494,66.18479151700171,0.0
59.91162904869888,69.19404906697478,0.0
56.869007209758394,62.69465573117609,0.0
57.32113271489898,70.59375159276574,0.0
61.583666041993105,70.36424092629245,0.0
55.77026474481145,71.36436351159456,0.0
66.89293723593265,71.9377210917371,0.0
51.61174739771637,64.53177284354379,0.0
63.81647821966235,78.01343519131672,0.0
69.6860173150177,67.2724684587493,0.0
53.1230819637765,70.44663803191071,0.0
63.97493002379948,77.56537293708155,0.0
64.90484800722281,66.7591540254515,0.0
65.06818325599242,67.49158734091776,0.0
62.467569604003764,72.19070363724467,0.0
56.471653605635225,69.0968597972929,0.0
67.89174181192361,74.65518287707958,0.0
55.241612412404976,73.55977298114803,0.0
58.13495049181206,75.7034151398261,0.0
59.01955009059568,59.32824413366997,0.0
67.58607018322495,64.29646464331759,0.0
60.096902738294176,71.814955148701,0.0
62.82190952372174,73.19447931311335,0.0
63.55331796157029,75.51418484569591,0.0
56.423882008732804,69.67363375853368,0.0
54.535811881072725,68.17528478512563,0.0
58.13338631759722,78.17653818264814,0.0
59.15177640758834,66.77373606595125,0.0
58.721206981540114,60.89612009646831,0.0
62.3609303976404,69.7365598967257,0.0
56.290233114032375,69.81578266579133,0.0
93.54504707403628,35.31450673255293,1.0
56.63136694423445,64.46016894465502,0.0
62.812050069429404,64.45844052627864,0.0
59.02354843501179,64.65563680576437,0.0
59.04975820006152,74.55377401283664,0.0
59.401558091041345,67.5102550106203,0.0
56.57993090702229,68.33435289616143,0.0
59.116559021819825,68.83603897580849,0.0
59.02959963661995,70.4105702867251,0.0
63.66970178238832,64.7175069950495,0.0
63.31386815438725,72.29559092199736,0.0
66.66823681067409,72.17458600179665,0.0
60.14944451569134,64.34419287693379,0.0
62.0036787222336,79.3971734643463,0.0
61.00677931641628,78.33953489238189,0.0
57.74441840745503,75.8292601436663,0.0
61.04859422909661,67.05298434833222,0.0
63.891175317853175,65.95602659515792,0.0
115.66457874231558,31.03468787921878,1.0
60.0537157269667,60.44740447344649,0.0
58.18263124214715,68.85225636115918,0.0
54.831464049442424,67.79880685056334,0.0
53.26389303105263,67.39427102363523,0.0
55.71474388132133,65.84932937323629,0.0
68.10988459894875,69.08464286260926,0.0
109.3577258105806,44.784125627698515,1.0
58.53618469244162,73.06172106038001,0.0
60.73241640336663,69.54996925187439,0.0
67.09357582551775,70.10096475484204,0.0
63.903087905146535,60.00164031245741,0.0
56.82912886691473,80.56345639177128,0.0
64.80742947717029,81.83857812869435,0.0
61.09478364894218,73.64753454673098,0.0
56.87738980252996,70.54172497903937,0.0
45.019823336100686,70.01590462500701,0.0
62.88133303481536,74.81970901190067,0.0
53.078796173444516,70.73050207131624,0.0
50.868860704766945,77.11673420430854,0.0
54.943754424599284,70.77060733205327,0.0
61.36726038831196,66.49026395733809,0.0
57.39805920347683,69.06099159934186,0.0
60.25913040895814,75.83850919001922,0.0
58.6229718854845,72.16891959233473,0.0
63.50443944802611,66.77245776643747,0.0
64.01678873151455,65.37533882575258,0.0
65.27502589835095,68.0810153227219,0.0
64.1410887357689,63.6875778117139,0.0
58.80454991399871,66.76150925306193,0.0
65.1545283152218,72.72733916300784,0.0
63.049745244446314,64.6333362151776,0.0
56.46047664911649,73.35894880783013,0.0
53.98938043042608,73.26598253956462,0.0
58.83991600247093,73.34693533397704,0.0
57.9341596254035,77.8013930689714,0.0
59.721598286391085,73.896008126195,0.0
55.98699908301173,65.94949931114193,0.0
60.48441540396818,73.85100957328618,0.0
58.25481789171847,68.346688623025,0.0
59.425595636034146,68.73595249402219,0.0
90.10575456355761,22.530822133708163,1.0
53.670242600539645,75.80122836702046,0.0
65.51273266043503,72.43719528245464,0.0
65.49054179164081,64.24821337657329,0.0
51.254344700946106,72.38596741889145,0.0
61.37009081766363,78.97065577690984,0.0
53.70077279415227,66.7168905000562,0.0
61.45858150321993,70.07595879578022,0.0
55.880029674892995,70.78006988199458,0.0
50.26641542268545,65.62791600621168,0.0
58.44091297202415,68.89210836186172,0.0
54.93821032756649,72.52510793070617,0.0
54.828903528869496,62.41985623925565,0.0
50.908896733956176,73.590782252141,0.0
63.168306707783636,71.1766011198329,0.0
59.023814262513895,61.02562892422138,0.0
63.44853160127509,84.28555822764015,0.0
62.327139962667836,71.96210354253304,0.0
65.60765898096986,69.35875519366513,0.0
60.611211898745104,69.70358254952602,0.0
63.29366759581204,74.13244342303378,0.0
62.716717377130045,75.47576260104546,0.0
61.9691117189727,66.92992659466964,0.0
54.51566293388782,72.29304452794376,0.0
66.86825559903252,72.73198292608117,0.0
55.523078481319786,72.76305763822293,0.0
97.89341926212435,30.043423558875993,1.0
55.856859418955544,74.23919465727928,0.0
54.118483858909734,70.83837363076606,0.0
64.99134698899992,69.85581988656115,0.0
56.16880539605465,71.74600562823751,0.0
62.922458148241574,66.85082135189558,0.0
66.48962815931374,64.29997343906041,0.0
50.91887867395612,64.71897493311859,0.0
53.71591904827111,70.00947427207024,0.0
61.30559501847012,70.73073058415201,0.0
61.13523946293609,65.163786852078,0.0
64.98894389464155,67.83496486610441,0.0
59.57509842915756,70.41398927284905,0.0
64.50423363021876,65.27825925178047,0.0
66.81263629739561,65.94630669416135,0.0
63.25577596010668,63.728433478076845,0.0
59.17178350846504,67.38218765917239,0.0
55.119377102618344,70.45550375087096,0.0
57.67773232927731,72.65138639269627,0.0
59.16808390973789,68.56690533835338,0.0
68.18562287727714,72.59229152445947,0.0
69.71829838999155,78.92026861879592,0.0
57.06378837907025,70.88660114560794,0.0
64.65222477266806,71.52216849117674,0.0
50.868832567615236,62.59285763293392,0.0
58.89322845222488,69.53818510203905,0.0
59.54993283870157,67.67200432413944,0.0
61.079275672267684,71.0079511855203,0.0
57.95671756373433,67.44008788284505,0.0
63.773237900649974,80.88552710507813,0.0
100.3466607689078,29.889524920813457,1.0
55.376040592814206,65.10853504757517,0.0
55.966923724846964,58.678195565230986,0.0
66.3146735755867,77.51352086528935,0.0
62.01943420463765,63.129544230751144,0.0
65.03915013615894,67.82549248209969,0.0
62.2525103530272,72.11630604093634,0.0
59.416709775754526,69.09530329658993,0.0
55.25296015661579,77.38361004860278,0.0
54.061897988378995,72.58991127949467,0.0
62.27757416844035,79.20472516446584,0.0
55.76409302739246,70.95473233675442,0.0
60.187662933331794,68.82673291640197,0.0
58.36656041301664,66.9057864553518,0.0
62.94725060432977,69.82241600820782,0.0
56.59124680684269,67.79484055203865,0.0
57.229982071501865,69.94079116236625,0.0
54.664369296117826,70.23105861835352,0.0
61.50458401889475,66.2333708755214,0.0
93.50407796869973,20.572144596225577,1.0
66.30725375938395,71.45269113417842,0.0
54.66935896289308,63.65681122124467,0.0
56.8874314318091,68.2622416806733,0.0
65.63331938679596,62.76632290829762,0.0
56.59208938843287,64.07226397922489,0.0
53.48020202208747,73.01870642071043,0.0
59.262254098171205,65.01134286496426,0.0
58.80881582984135,70.99204016783172,0.0
63.00727798642159,70.91524413387164,0.0
63.480999196476894,65.55058153181292,0.0
59.89591834114508,71.8803731839306,0.0
64.95868238514238,72.92309168123535,0.0
65.65551590396326,53.13407959867813,0.0
58.3217910603994,73.67751587326741,0.0
58.4140912968946,72.15742791634263,0.0
56.10950750089716,72.1626205704201,0.0
51.33090957236301,64.97063056310061,0.0
63.608568049114005,80.39076952475484,0.0
62.854513784525736,74.87761611364672,0.0
61.26157081065776,67.47894066894307,0.0
101.39263626997703,25.301520411013676,1.0
54.58710845698219,70.60760934909554,0.0
63.35301193985545,69.42605803477274,0.0
60.29938887286815,69.09795704675356,0.0
67.00706167756314,65.65422829573191,0.0
53.12552154068473,72.33724436796953,0.0
58.60771714638121,65.96622057351655,0.0
52.96814512652355,70.63697549186142,0.0
56.71098198646196,75.91214071337922,0.0
57.380573810407725,67.24863944261668,0.0
63.38820474253242,70.31697105180821,0.0
69.81728515818152,67.88526511257766,0.0
63.26386026309274,59.233559479545626,0.0
59.16407517101997,72.18474150964049,0.0
55.82716382491755,76.62044560504033,0.0
61.620878410484664,69.33271951119906,0.0
61.22633798363399,59.1240255785325,0.0
55.938244161079304,71.6073446160507,0.0
50.72941065907754,71.11298840395195,0.0
65.37886058390907,75.00836324152033,0.0
53.958669773388536,79.56802389143294,0.0
61.2693149833881,81.16272578960454,0.0
57.366533633503764,71.57060568907175,0.0
62.56244891964027,73.83774776602105,0.0
63.19213705893743,74.84951027861563,0.0
57.020928958097606,64.38087576136375,0.0
57.18525510254817,61.65697641292738,0.0
60.1521867673912,59.79156988634532,0.0
54.975380247965774,71.82511284579542,0.0
55.31158921902288,68.5252761859199,0.0
64.29220549179975,71.9220974853165,0.0
62.19785419198321,72.82718181731585,0.0
57.97063355948672,69.33297032246993,0.0
64.98627379664457,70.70150039668667,0.0
56.33836567364247,74.81718902627006,0.0
56.936083709668885,61.033609788238955,0.0
63.83653621019689,68.81326044158783,0.0
62.05371874929398,64.08779178754739,0.0
54.13153857903793,71.58512181888858,0.0
64.84965907251049,74.04518447570683,0.0
60.75418387577678,73.32810440441628,0.0
64.90732184737983,71.8215745431859,0.0
57.175644769308576,76.97621053448046,0.0
60.04052158645743,65.82690948184108,0.0
62.941704156203016,69.02429324137739,0.0
58.16547220030287,69.66230079845378,0.0
57.01544827259244,80.58048445675229,0.0
45.18947066988634,72.50573631071725,0.0
58.34510867306026,70.08997204604194,0.0
57.820594402613594,79.38605865051736,0.0
60.96982049150967,77.72038549544807,0.0
72.44199076544942,69.61435277654365,0.0
107.04492001501114,43.21354364308668,1.0
51.67229368680662,69.24115677190964,0.0
108.89173264388799,22.727349383163133,1.0
53.96031804962516,66.21077195272908,0.0
65.17696978100734,76.38579686716189,0.0
57.79270814966655,74.51742677656448,0.0
69.36923061665388,69.46642434336482,0.0
58.55621545469181,64.74878847405601,0.0
69.70288797683261,73.81900900937298,0.0
55.93617625040425,79.27818473436272,0.0
53.86836620688767,74.89510259938997,0.0
69.58843478987893,78.71670382779044,0.0
62.00843807983673,62.50373011924363,0.0
69.34559068340562,72.18476979563572,0.0
58.12892384876424,68.12790844014883,0.0
63.64439227684638,73.10830036160087,0.0
66.75192972885075,72.47637495032417,0.0
63.72913876342072,75.42731490445912,0.0
59.8076762143336,63.68379907226438,0.0
61.96182769871621,71.73153833770618,0.0
53.83523455616606,71.9628487022704,0.0
61.803155607598214,69.33128373531007,0.0
59.90602450016235,73.47446322877923,0.0
61.193696573159485,70.91355226059288,0.0
64.50257161654484,65.46684435695212,0.0
67.20340146150302,68.40029755234113,0.0
61.71422326051502,65.66157592413516,0.0
59.857155893355475,70.93747242914081,0.0
55.56880581965041,67.30085896184566,0.0
55.37904586597085,70.89946832340871,0.0
63.13337959771915,70.37211511949141,0.0
63.86653775287913,67.32912499061923,0.0
57.292302166510986,62.201026457161696,0.0
54.21639906400054,67.6819721426082,0.0
55.27526553333017,77.41232957630527,0.0
58.111532569813185,67.2953231980391,0.0
51.33002696203161,71.35046302924133,0.0
71.47436083027353,73.50600040127279,0.0
56.18770093728357,69.67593299594405,0.0
54.80721036495053,70.55921693705362,0.0
62.98328693570875,67.96339124033982,0.0
50.39841192582835,71.54028329446665,0.0
64.76629153865792,70.40081069902119,0.0
62.01240564650288,75.98004172338571,0.0
59.79703200493224,72.36506563166307,0.0
66.59048121066336,76.69947044602884,0.0
61.700958636744076,73.04117344888277,0.0
60.473892116393905,68.70782987661987,0.0
107.05796912678353,26.383710220330233,1.0
62.9667970536388,73.71137846597925,0.0
55.30898503694701,77.82778636332591,0.0
55.60335856548737,67.24614388803109,0.0
65.69385820681282,69.56047701240124,0.0
52.56941743096196,68.66386496739005,0.0
58.902597440142095,72.04954898918405,0.0
59.61700680124231,70.16529797737985,0.0
56.10433900883579,64.08772015219154,0.0
64.25506555754178,72.56100668593572,0.0
57.95596102943708,72.23122326207306,0.0
62.82381003287007,71.20223377085243,0.0
63.02293139320671,67.44629868502643,0.0
58.74423992329463,74.30611943834448,0.0
61.028319756723974,59.44917932808942,0.0
67.37626144298234,67.3771074704463,0.0
54.82754715223981,78.07228988652025,0.0
64.21342829606749,72.91701123041778,0.0
54.19312947642703,76.79611012467902,0.0
49.3663720686961,69.46298094444029,0.0
58.80824659255725,67.70121893651476,0.0
55.26863169435787,64.16889514411399,0.0
52.686661271641654,69.7434447771095,0.0
69.55651527767911,69.26687026395433,0.0
61.70815780995882,72.56409257672514,0.0
61.86421363418062,64.53812628745176,0.0
63.137020410206055,66.30091332063375,0.0
65.17620161412032,61.74872278803425,0.0
63.847937572790585,69.69782785332548,0.0
59.962103205339545,69.84796460563405,0.0
65.63425034427355,63.61650540304803,0.0
60.07709601282979,78.72127430429995,0.0
63.531454119415415,72.2784347494783,0.0
58.170186527499055,72.29840398802166,0.0
61.36408442568836,67.54736638844516,0.0
57.915716531476555,67.24964037900409,0.0
68.61939395219527,61.699633484251876,0.0
69.63694775667742,69.84425035647659,0.0
54.63683571749388,64.13426725719111,0.0
61.880490488459046,59.17259968143048,0.0
58.516534195289516,73.7215193097953,0.0
57.849886137963026,57.40938315093118,0.0
55.609576278548744,65.5064288682455,0.0
69.90441510479965,68.75687913869503,0.0
59.986983474428115,70.85282643279874,0.0
109.11478698410902,32.598858301314465,1.0
57.7052448650956,66.52917910615025,0.0
62.39151332367064,70.7199620072314,0.0
64.8687257751854,82.03108767847483,0.0
67.35634800517776,64.20936233539106,0.0
57.35194562531517,62.51916335810626,0.0
58.09120011413289,74.52822664646366,0.0
65.06183921574208,76.68113650504668,0.0
53.201081557810575,75.77328994473125,0.0
57.74962831597363,66.30158371169684,0.0
68.09617297247561,72.63764483940028,0.0
53.95973281121134,74.76527424087284,0.0
58.47951524610144,63.77494597055504,0.0
56.49105493441168,61.24967775575556,0.0
59.900733811156066,65.11172114219293,0.0
62.92333511258859,70.1730682013168,0.0
56.50678668726618,74.23152359848653,0.0
58.239562333529264,75.95568125206246,0.0
69.86709884835061,70.82721620817956,0.0
68.3366133769867,66.0736508669579,0.0
59.58549905132335,67.98627330327241,0.0
50.31802447437034,72.22462832396215,0.0
50.98826718564657,75.56458948407578,0.0
57.080380153584954,73.35008135658984,0.0
60.60685057898458,69.3725511654996,0.0
61.104492721941334,64.79486046588923,0.0
55.545761680327686,54.87753942283377,0.0
56.25046449487909,64.07654311076041,0.0
54.99812843564207,63.5456761157077,0.0
61.17199122488093,68.76524562284847,0.0
58.75698229401221,73.91760522291646,0.0
51.169975627748414,70.74492585339331,0.0
59.08229976542201,71.63304567373638,0.0
56.30384748363208,64.11194876405993,0.0
66.16114076155986,76.31310649469096,0.0
64.35229668386218,73.94248773953737,0.0
50.47665512899685,77.83893889002478,0.0
67.74920560179643,76.56707983370883,0.0
60.69000449252386,72.33288695410513,0.0
55.85858942296312,64.61858212189028,0.0
70.28550608671466,66.12441800595361,0.0
55.539072088428526,73.7249615453578,0.0
62.7267433987644,66.39914172409873,0.0
55.179309477020105,76.59856426037138,0.0
55.23040352211549,65.20031969476355,0.0
47.684943637674266,72.04825865036887,0.0
62.270113430443025,65.09144021695249,0.0
60.857725004212945,76.77751299561933,0.0
58.779704673472956,72.18986121267515,0.0
56.049558189151796,75.17039356769686,0.0
52.91375398479484,66.44481494569258,0.0
57.48043418992719,65.91279215545063,0.0
57.63309520366148,69.01359816774088,0.0
51.074409035013,62.274734126775556,0.0
63.5217550510353,73.88975251544566,0.0
65.99342233232287,65.58160879261669,0.0
67.06819056335472,71.08244187130613,0.0
61.237625835514365,68.52046710975732,0.0
58.71508155748774,69.50255791728517,0.0
111.30331940253203,35.36849437011881,1.0
112.43803157290732,24.937406049967734,1.0
58.80311593463953,67.56083327608127,0.0
54.7841033478028,72.92642963270836,0.0
64.30178089646269,62.618078796906815,0.0
62.61439784251169,69.45356124424556,0.0
57.374729466617524,78.8957494113739,0.0
63.646301949754765,79.06477221486854,0.0
55.0621443981381,73.42104789856371,0.0
60.88516207627598,62.99126213077725,0.0
63.78924406804875,68.81664144861999,0.0
63.6767552802294,65.71385822281951,0.0
60.396633444214565,68.29662487292786,0.0
61.795999820296544,64.5476363368692,0.0
48.197792737746845,74.03600473417418,0.0
64.65984427940225,65.24313726068254,0.0
60.46168214967152,74.61661046609075,0.0
62.978680902015626,69.92315010175064,0.0
58.24055395904567,75.13449626362534,0.0
59.54339836048507,67.56329642761555,0.0
56.93196262911853,73.73016885978056,0.0
63.01956367338777,67.26631221985427,0.0
65.40856885783779,72.35631592161782,0.0
57.315704278643715,61.44405080604862,0.0
60.995556006422696,74.77079185953984,0.0
61.930384932834485,78.10168876078068,0.0
55.83914114712839,76.99326785335747,0.0
56.28913640963302,72.74878191748479,0.0
49.191062838363536,78.98916111775779,0.0
69.31902064760864,73.65092772156024,0.0
61.91714376149541,60.58027285789633,0.0
65.59826790379722,63.974839843081796,0.0
51.26175620363338,63.7125649151404,0.0
64.60615297214352,74.49426154534736,0.0
63.659375624270766,69.98081458707011,0.0
51.99892632164229,63.90399349137635,0.0
47.19181006778173,70.24876726051737,0.0
54.397387643106235,67.48702507114962,0.0
60.319142015475556,63.63352845651238,0.0
59.567202818998545,74.56754313815573,0.0
68.43159254294524,70.7250220631059,0.0
64.2163229775183,74.04544783972011,0.0
63.76553794288087,61.985298752897116,0.0
61.70336329021199,66.27953629111286,0.0
67.80978548890582,63.810586622948506,0.0
65.59165553370124,68.22696138545687,0.0
51.94222810848544,67.5786444005942,0.0
56.491281309603,74.31156782144471,0.0
64.12762488073344,67.60794552073656,0.0
70.31732453236815,74.80694812713695,0.0
52.846097859995666,70.19586233055927,0.0
61.82912430185149,66.42316399583503,0.0
95.37314638115593,36.98830076689364,1.0
76.3117351225422,73.03960012420116,0.0
65.93995216009952,66.3086643300989,0.0
61.604629253914986,70.86865157202912,0.0
52.868015224121685,71.15781191842224,0.0
63.05438268478987,75.81246463523455,0.0
56.478091165932554,69.0462931179236,0.0
51.230573479117595,71.1403958222432,0.0
59.84348112937916,73.12842015000219,0.0
57.63473246776563,75.89024875693075,0.0
57.70934916782768,71.7786501777018,0.0
65.48227916045272,64.9848954007399,0.0
57.35975036577104,71.80559838666645,0.0
55.1242455585408,72.04965628809782,0.0
64.40622466353594,69.96739011950962,0.0
55.66058778383814,73.59675307426981,0.0
63.59890270746415,64.58166576525969,0.0
52.78350655554445,65.30842221044682,0.0
67.03030708294072,61.78332199347576,0.0
59.77785187747831,73.56762533999213,0.0
66.02979169051925,75.49794797206988,0.0
58.76909420467934,82.12124379094655,0.0
63.97888938660646,66.06616712159139,0.0
61.47011265513829,73.97746239922895,0.0
57.10613239003734,66.91267986985761,0.0
56.57619383181534,71.83386488549164,0.0
60.02503869551059,58.56340949530809,0.0
118.27988016587432,35.03975394374727,1.0
58.90465127144076,67.83766317089399,0.0
63.738853902713394,66.35380106056374,0.0
53.00429568446692,73.58383748531776,0.0
59.71051791706187,74.67303372042335,0.0
62.518255807624186,69.72403562329237,0.0
53.89797649947939,72.45454844343985,0.0
64.16805798157593,71.54344155199873,0.0
59.06722743103167,68.29920908922846,0.0
61.32289186875418,78.1697551650337,0.0
52.518741799752945,76.34643676363977,0.0
55.29984244878346,68.03986420881245,0.0
61.05352731222465,73.81449805320888,0.0
61.070652408434604,68.30596632572131,0.0
54.240144281067515,73.19138166275832,0.0
51.050509801728325,70.60441363031403,0.0
61.97881290580348,62.62235085606201,0.0
57.29610818220983,72.28507780877507,0.0
58.41169899342156,77.8057998553,0.0
61.251759743673375,70.35912868210201,0.0
107.73142025113319,30.036583358702167,1.0
64.34634516425143,65.55606607404953,0.0
56.13885834873736,71.80527332739098,0.0
50.665914027596685,67.9171455848958,0.0
64.15598636528001,64.69524393859253,0.0
64.55332777138824,72.96384803818835,0.0
64.43261292907606,70.80421111808772,0.0
53.086218686791234,67.77896477328993,0.0
63.81759179710079,70.45416109718641,0.0
56.84087447896772,71.25450227712922,0.0
67.77645703914574,74.95383500457294,0.0
56.51983957301619,78.07103005489317,0.0
70.32382966480051,64.31584998145388,0.0
63.30472570420701,77.10616084065721,0.0
65.94649962519246,70.380730784608,0.0
97.30965266575836,38.67654262840368,1.0
60.069152814510716,67.18386777616682,0.0
63.56434644556968,67.57073592900085,0.0
63.40094801382512,70.77408989870025,0.0
57.833398241147734,77.31128873577738,0.0
56.950063911109574,79.7269284258991,0.0
61.553978171027104,63.22689626167586,0.0
98.55789905754911,29.780447490186027,1.0
53.329188907933506,61.797013489587926,0.0
62.86222974646737,77.27631163976324,0.0
60.67150286210575,70.66827288214026,0.0
61.25182609751114,59.01400820944231,0.0
102.71233624792185,29.439902703352175,1.0
58.95316589188044,67.94034419986045,0.0
58.48996608968933,71.32325766153615,0.0
55.957147699334946,65.23773606980467,0.0
61.19575705590363,68.11811789574413,0.0
56.6557959526486,63.69116370792353,0.0
60.4840027091773,73.34933960241786,0.0
62.87847559513155,76.67822451763686,0.0
64.14539297439907,70.64549642643635,0.0
55.50556155914915,70.04161469328436,0.0
50.40754070160326,77.90591851658223,0.0
61.518557934735064,65.92041537707901,0.0
64.22224325601655,71.01637786143351,0.0
58.284856832900076,71.04073592211651,0.0
55.670996568631224,69.98308035109851,0.0
54.79446393988468,71.24916516045516,0.0
59.39668609081365,70.00470321303455,0.0
57.78310569263725,75.01815826222357,0.0
64.32136632506754,75.2684370079429,0.0
66.13554248826826,74.28371693615445,0.0
62.25083535638647,66.14378049515912,0.0
60.39361979730962,82.1560228791501,0.0
67.97809704118468,80.69707353311539,0.0
65.57793484306985,67.89309435210544,0.0
56.5492460438788,70.54123488694782,0.0
57.797050337185055,68.60709181533893,0.0
55.9870420974614,72.06495848337721,0.0
54.9081765860572,74.25238856498946,0.0
63.567003509084955,68.37650718538676,0.0
68.90887375310761,67.56197210645415,0.0
67.30648863029174,76.45949576700441,0.0
68.4885761225514,72.33671696540563,0.0
56.67323086054979,72.36006771327281,0.0
57.72018075086036,75.5826491712373,0.0
62.33146666516846,56.598142715475035,0.0
61.97379111869037,68.71649483073509,0.0
71.51440478903119,69.87414696270267,0.0
62.162519500572984,66.8107166464229,0.0
59.883225633489694,68.41876585505973,0.0
62.188693336498886,68.02941059996719,0.0
60.574170751366346,59.57843682886518,0.0
58.626393223764836,81.09564282293475,0.0
65.29732850483768,77.28998882490235,0.0
60.9132470931557,75.34820226823783,0.0
61.05616698578379,81.45803544549081,0.0
48.09746132489733,68.75704997304284,0.0
52.26446868246047,70.35957880815764,0.0
61.80725981394203,65.16176400028775,0.0
59.138025695820595,76.9968378649684,0.0
68.5372298568819,72.44919554800822,0.0
63.54872928710367,68.73576473909047,0.0
60.71266801022822,61.922449680024,0.0
59.2803435244562,75.74240217817352,0.0
49.18064953352388,70.8687021255863,0.0
60.054242394047435,66.48521543373039,0.0
58.14584411373987,79.44602034821169,0.0
53.76485961519824,66.62424270467045,0.0
60.469813845345016,67.47401194926873,0.0
117.4370395799221,28.078105549815838,1.0
49.071004208614475,72.29641456629795,0.0
52.83813531025669,64.40781174293515,0.0
56.78423028434243,67.17651707545937,0.0
62.032380660775495,67.09915125894847,0.0
57.41313208981679,63.42689133256964,0.0
63.24591931795152,72.46973852661583,0.0
63.86038889221326,77.18528127742353,0.0
66.95525803354644,60.46788777481336,0.0
67.74785469649856,77.00109857552121,0.0
64.66553039645015,72.41666551700898,0.0
58.83441769376138,61.543885367053306,0.0
62.56141628224161,71.90020723180507,0.0
52.868844774497504,73.14488840594645,0.0
58.92931093508572,58.64724946622286,0.0
64.98238618510732,68.41224958678926,0.0
62.47244477824848,70.63600544848674,0.0
66.11750206038846,60.80296206681508,0.0
95.30338768496523,23.617073592653973,1.0
57.3372224791803,58.08355789772363,0.0
54.35502457404903,71.29107539125866,0.0
64.02337407645545,69.08622322183258,0.0
67.22629765548132,70.87740950247589,0.0
54.94367548065648,66.95062408117583,0.0
71.07576055612344,72.02379450014297,0.0
65.77583088987004,70.47806465277664,0.0
59.50122366421968,62.035438235590696,0.0
59.06196034707968,73.78581539709923,0.0
56.290563315026816,71.09093397547893,0.0
59.62808122618038,59.656198255914966,0.0
65.63717093675126,66.53859377953354,0.0
61.96976998119003,67.8228009500132,0.0
68.1773480996741,72.39578723521595,0.0
56.458399438889494,71.9613969289506,0.0
59.66444171704185,72.68902101434392,0.0
61.721395966558674,70.92080621995547,0.0
55.809825499352144,69.37821264142107,0.0
93.55856778722402,28.0583206526979,1.0
61.19243505595851,73.34502685476858,0.0
63.11036917126604,75.69102990628184,0.0
63.39463140137574,73.10903856298141,0.0
54.97876448099954,71.28861858943102,0.0
65.12043281258504,73.4661590063701,0.0
63.757799269968864,62.68441064867256,0.0
59.30956190649742,75.62100253075873,0.0
69.5982505351163,63.17515777053048,0.0
92.31230157269462,30.0727105538498,1.0
62.21993506693035,66.9675094259361,0.0
64.2467442983698,72.25891649927236,0.0
63.4805341075876,68.79189446518903,0.0
64.3196613099638,64.05429321031122,0.0
63.999688702316725,68.91052795045701,0.0
51.28334799617944,72.87539353572934,0.0
59.35815873727101,66.079610529144,0.0
74.39878976788691,76.9731731882986,0.0
54.823427275618705,72.55538657773671,0.0
51.491205975542265,81.37284888780042,0.0
62.46891723514541,75.16147493027734,0.0
59.490692377351074,69.62835879714146,0.0
55.050064633045196,76.37196841822367,0.0
56.32653441492358,69.97854655992583,0.0
60.354956911527175,72.77037770998984,0.0
58.899843208614904,73.12287789317624,0.0
64.38002408443693,78.91333918149063,0.0
58.817631406122146,65.62643134523078,0.0
56.58383620265535,71.56777725017902,0.0
61.77337390569642,68.45669974523045,0.0
61.67168976753269,62.82688593468196,0.0
66.22588863742553,76.4989998467655,0.0
68.84667185721221,73.80034247991973,0.0
54.30263735437734,65.39402503433615,0.0
57.104622238223335,84.0144232035049,0.0
57.143235566805146,73.87989459564007,0.0
61.05352554586301,64.45553573481047,0.0
62.74846252976669,69.9241100544723,0.0
66.1260691376104,68.58830116974039,0.0
61.16325580840606,77.37337302708696,0.0
52.43447057893946,68.76828184228913,0.0
65.13466235266735,75.66003845517261,0.0
57.77907712504374,65.91086072835867,0.0
61.341423419043025,61.546863216825145,0.0
65.78540135650272,81.03014767119413,0.0
59.390555733391245,65.463426829978,0.0
48.246928571969526,70.27055845180854,0.0
60.762086660428885,73.59087373314256,0.0
64.29719828615568,70.02296364967647,0.0
54.71425034332334,73.68318340818136,0.0
52.63915073662892,74.82876968323528,0.0
53.47492608755484,71.54006533086918,0.0
60.32184590280177,62.81457083647365,0.0
59.45422146397251,66.32464654779001,0.0
60.9584195332944,71.46213399552124,0.0
58.985833864986404,70.79883719943727,0.0
60.97881810672676,61.29028593146149,0.0
60.506529955377175,68.44292023400762,0.0
57.60885739009266,71.26009932918389,0.0
63.40333973857922,66.403461792192,0.0
55.09060689065208,64.03633458397505,0.0
53.26030861421063,70.3851626186651,0.0
61.84354257472883,75.63825981484784,0.0
54.27206797264972,66.64321137534682,0.0
62.74673616909785,71.86278709324975,0.0
60.882971517458586,57.03191802609959,0.0
62.422294310787386,64.95514223611337,0.0
58.98918689395706,76.0834740190881,0.0
64.20157021877027,67.34376892369116,0.0
66.3537636266001,68.25774012321173,0.0
59.597721724756475,58.20725346363966,0.0
57.338906138887204,75.19022688236325,0.0
63.32190921241899,73.06250154215188,0.0
58.57781173213629,73.76378703421713,0.0
63.735641450888025,72.30061267770849,0.0
64.67979041112162,68.33266274251709,0.0
56.10114682451379,68.96194382675799,0.0
50.56776206884396,81.53606300853687,0.0
61.05499008893854,69.60210073999465,0.0
58.660546715128675,60.44866834028728,0.0
66.1311267383258,67.04549210027741,0.0
50.550761880309935,58.23058831442782,0.0
56.54193173419038,58.12241111881205,0.0
63.91823202417435,70.24710871431826,0.0
50.15840888017841,75.56451465436952,0.0
53.644847683665404,71.1081909726569,0.0
64.76842505057193,67.86012547266385,0.0
61.70040932998913,72.88081315771805,0.0
58.03221610263425,66.99731679885113,0.0
63.670230690201365,62.93327539201344,0.0
60.881501895995,67.26282977537753,0.0
59.97020807915142,74.80795155286982,0.0
109.34877010431819,39.629768569412526,1.0
63.74018810157717,63.916531097062034,0.0
62.961966515838775,67.97701229176069,0.0
50.06055216472504,66.2319292793853,0.0
57.03149415732659,55.605634371864404,0.0
58.66335236474418,70.4383644448226,0.0
69.81120810463761,63.50838588977535,0.0
67.80482349044568,67.64024707051901,0.0
62.8295162960379,72.08903041137202,0.0
66.98713804925463,73.09761963128354,0.0
53.438031814054646,75.34822177598211,0.0
69.88500491962853,80.57710053777085,0.0
59.93284282929171,71.50299029599606,0.0
102.03005346382099,25.621433778234902,1.0
59.33453962273339,66.12452406062438,0.0
65.31125813218615,73.73085104369403,0.0
57.69392220549243,61.16995452860674,0.0
54.55595238819603,73.30088238897288,0.0
53.586483421657846,66.85373204533926,0.0
60.264612770590475,77.8122871063163,0.0
54.57155027480184,76.74282198223882,0.0
59.78453849355754,68.00337112090335,0.0
61.29526165753463,67.53664431779833,0.0
63.72914322133135,77.48975865054608,0.0
59.74933063332107,83.2939644223695,0.0
53.107510231969115,57.028476994938,0.0
54.22914951114195,71.15284729458145,0.0
56.11226369265784,71.80397432851387,0.0
51.6011496582629,71.40284668853064,0.0
54.11623786304414,75.9392954768813,0.0
64.26751538388642,64.93501630603174,0.0
57.492648840588664,76.71709152316588,0.0
56.5199412999623,72.40093220995075,0.0
53.99075994433444,74.5987721500439,0.0
57.664927060685606,69.60611732578187,0.0
58.84462892166151,73.01161801577119,0.0
64.92687519112877,75.63949781419844,0.0
56.23051664972106,72.14989687476663,0.0
53.68558865658791,70.5502295196892,0.0
56.455306272817225,83.83371652350229,0.0
62.540729084604514,65.20661651080678,0.0
58.401688344467374,72.63976323189492,0.0
58.329041802771805,71.83639806206689,0.0
57.22769603102433,59.75487704580945,0.0
63.356860923439235,71.85275150693278,0.0
63.62124058823478,67.4689341008236,0.0
57.56120245280757,69.95683945115982,0.0
65.20085650792643,86.45044218626701,0.0
60.2053282337101,74.12751929285164,0.0
95.14422548010678,30.17319678851039,1.0
61.109068459637875,65.71719487362185,0.0
51.13078717212682,74.2318520070704,0.0
55.79589244253472,70.59627231888942,0.0
55.75697341866251,65.6005125165025,0.0
54.46586514832937,68.06664769102686,0.0
61.50868802995677,67.84982652249812,0.0
59.52416176279688,64.95667204092197,0.0
58.426451605200995,76.89452984006029,0.0
58.70115323264532,61.37049546286253,0.0
56.29203228312354,58.78427935213188,0.0
50.2508402734607,77.39575014910224,0.0
63.83103548156939,70.65019523018755,0.0
63.21722780736911,80.01525115930497,0.0
60.390857508446416,73.08447127816359,0.0
54.13904451700056,74.402536813488,0.0
55.24061489568213,66.58099671707824,0.0
52.42131713095683,74.50553941869433,0.0
54.1770841307329,72.9242577655824,0.0
51.949941355300474,69.92127249599984,0.0
66.57793403543681,66.34375439902357,0.0
57.646006340822,71.85426010817646,0.0
67.4816252284751,71.88040316878035,0.0
63.55332620487768,75.39503841284042,0.0
63.1560787103815,72.19458420847464,0.0
66.84648262208837,70.28214186016888,0.0
59.189666168385116,67.76046712792044,0.0
65.5417915057204,69.77281238205519,0.0
60.418506614005885,76.08934568672206,0.0
65.36459084504644,69.09702318170055,0.0
60.047294810917414,74.75471649306817,0.0
66.99957891533661,72.5410033628727,0.0
64.79889822056197,70.48384485376434,0.0
58.625559847010194,66.73704182095838,0.0
59.24550403603034,69.2406673681625,0.0
119.33970291921625,43.21744037999656,1.0
54.6581422750314,63.493825894900056,0.0
66.69146647829398,76.51699336111231,0.0
60.5493335040672,64.79263148681169,0.0
49.28346437913297,76.84247576890112,0.0
59.5800115391399,70.66229996676884,0.0
65.24012144577564,69.19339137162996,0.0
64.12909315737826,65.81084954212409,0.0
60.82347907765667,66.7658464142859,0.0
46.62194677465516,62.809871531830574,0.0
54.9738697678053,64.74203284725886,0.0
60.50214299029596,72.47182844341653,0.0
57.388918646213405,72.50157215727536,0.0
63.483528287203214,66.04310509111224,0.0
58.45871630415501,73.79488655639562,0.0
56.681290102120045,66.35693401721552,0.0
62.3556077710912,79.23293526542562,0.0
60.415072074788334,64.99615765701078,0.0
62.69865182943134,67.08791680718487,0.0
53.852834833915566,71.6016908733899,0.0
111.65699816324266,37.16282682023322,1.0
59.93473646804695,68.43747950488837,0.0
67.95209696564885,65.30366488835865,0.0
63.94199522908638,67.37548156852915,0.0
65.54267356018966,73.36114677792885,0.0
54.59121618952456,65.72421111284044,0.0
63.07017725179136,75.88553745363484,0.0
58.31507629639329,68.59033469748479,0.0
69.36192455585741,78.32912359133314,0.0
61.33301217691838,62.45059547617735,0.0
61.463406382406575,72.85196907526439,0.0
54.39442066695881,70.7127441594141,0.0
58.76579563512755,67.82979417852884,0.0
97.93950523971984,20.79786909597941,1.0
59.91180248104575,72.78768272620896,0.0
58.12563058984326,69.65536061107784,0.0
54.421636787134986,72.76557476431796,0.0
60.800579540967234,66.04098542895179,0.0
59.7453289090578,73.34580195483306,0.0
58.51273716576844,71.0855678707766,0.0
64.74132471974602,67.53531327033022,0.0
54.441595629864835,81.38989830598013,0.0
65.95312910029428,74.21943443942367,0.0
60.71278006791826,64.28386961824724,0.0
60.64238171895455,81.360683516472,0.0
60.354879740987144,67.15617876125272,0.0
65.09872675374837,64.37282883382994,0.0
65.48922417644675,66.30913457275184,0.0
54.36676531439793,68.36260035637228,0.0
59.35372143141966,61.58741636466699,0.0
61.93460216921411,79.47552918298645,0.0
65.24665861251079,78.0987624015657,0.0
57.978028395950936,77.53821575858966,0.0
56.41504886142373,75.65128177542144,0.0
59.75191766853001,62.46019483375258,0.0
65.39261328348448,67.9388550940507,0.0
66.71314684528805,79.18276018068939,0.0
63.194853802934546,65.68036038795547,0.0
54.44620007132094,75.32513481267375,0.0
64.45599364424923,67.3556895420885,0.0
55.91498632870089,79.63682237131246,0.0
72.32275274847888,71.67620141105176,0.0
45.851398231147954,69.41650538789423,0.0
61.394083609481896,71.39632569776958,0.0
64.12276698236245,66.0745334035725,0.0
50.08446168362895,78.71783622474875,0.0
60.7277427068156,65.1753142997043,0.0
62.68051516123115,67.02029460084127,0.0
57.803701151788886,74.17334113638447,0.0
53.94750488237063,68.10029272720942,0.0
60.42131737774859,71.80207403290804,0.0
64.50202542845155,73.6703627493749,0.0
65.00306221235387,74.63771895773378,0.0
64.85847503240537,76.65092775592639,0.0
61.96018802598202,70.68711646600495,0.0
61.2555823844879,75.78178899831929,0.0
67.93671931698191,57.83631584298113,0.0
65.57284717380777,73.44601469014782,0.0
58.542687643068966,78.63158732229331,0.0
60.8084351231139,74.68215890843067,0.0
55.818195322074615,55.88547995495902,0.0
56.20360297066419,70.11593950893885,0.0
68.85474152265077,65.508763545978,0.0
57.41179256430898,72.37994579542169,0.0
62.35804307596984,64.05258411777056,0.0
57.0846817828419,66.3280635812683,0.0
94.89470894466182,27.0474004854376,1.0
118.95743629677199,23.776883508439774,1.0
59.04201189443452,72.34618174937565,0.0
60.3442291876983,66.08717928350521,0.0
60.817623366499944,59.948368842975555,0.0
63.9627184688716,70.5316663570147,0.0
67.15589141997971,68.89277977414028,0.0
63.93698776259855,65.55680220254004,0.0
61.75683799207982,70.25101963298165,0.0
114.81626503679205,29.374730545909756,1.0
62.02091039737255,70.65424716171782,0.0
67.80474691003322,71.19533692370722,0.0
58.30437006387782,72.34079604962366,0.0
60.34952092271574,71.6875475689494,0.0
60.570299655356465,66.6050015244589,0.0
55.277056429327885,77.88954607895326,0.0
61.386459563681676,71.81497790076519,0.0
60.01882110378842,73.02430717717327,0.0
57.34133131178936,72.48330101869416,0.0
64.23481318243653,60.555781011734474,0.0
58.83951552917674,72.57916406068087,0.0
59.30634378458111,65.81993522836714,0.0
61.41830158917479,72.49807142706072,0.0
66.50485410997936,68.73978737723276,0.0
67.2763075150295,71.18771143494001,0.0
62.90844595968133,70.43758359107842,0.0
56.52591852093765,74.49612173348311,0.0
64.96142158421839,70.25937308454199,0.0
61.62096833401994,71.90793991247205,0.0
51.41111983414267,71.04022228020416,0.0
66.73415196624154,72.84267854213346,0.0
64.50927930823113,68.60933336809714,0.0
58.77065180204853,66.02467038696676,0.0
57.62862107536629,76.35221468923945,0.0
53.853856255818634,67.11439502160238,0.0
57.113473544820344,74.42121922845959,0.0
67.74139083794906,74.76160717292063,0.0
61.36173278993776,68.38222443665421,0.0
58.209238400958675,67.42145052484942,0.0
108.73903749551971,41.757435993745105,1.0
50.19596026756186,62.22972359857113,0.0
61.05658262565845,71.72099976541787,0.0
61.93343886629974,66.67304075951829,0.0
65.7289131808115,73.24433382345082,0.0
107.20942098298652,28.522112557466293,1.0
57.46151140128329,71.95984017290539,0.0
52.01726798998745,62.11987261123845,0.0
52.81999628460876,67.88820787244744,0.0
55.60589317667661,72.84229449194399,0.0
64.89014715079904,74.37310778815338,0.0
61.028744954747665,80.26598505178724,0.0
58.170472839064885,64.83084623167831,0.0
56.09199361796846,69.3872892234298,0.0
53.24563762488547,80.63292947953522,0.0
63.581989134027744,83.43456212878806,0.0
60.90534188088544,66.6865425759613,0.0
54.48211376917588,67.61020260747625,0.0
60.280133615152096,71.80565648010433,0.0
63.92947510657934,62.33068002617444,0.0
50.941246910575444,81.70812073709735,0.0
62.81023908271832,69.13113915335543,0.0
65.34344722767642,68.25892317694624,0.0
58.95268298059061,67.88002012852569,0.0
62.3231111144774,73.54445661371753,0.0
62.7205214970725,70.78923459494504,0.0
53.393698471292076,71.32295186774981,0.0
61.81639102643545,74.09780554578904,0.0
60.62857702932671,76.11317511444219,0.0
57.43662509329275,69.60444108439849,0.0
53.38338985423826,73.73569307947216,0.0
59.802032923241924,61.30463665976419,0.0
61.55894431785464,74.5328630097479,0.0
58.9325659550562,68.57592425176273,0.0
65.32938934856196,79.15716827508274,0.0
63.4234287205376,63.11206359827067,0.0
66.23436096927264,71.3810856735095,0.0
57.82359731006504,70.2217422104296,0.0
66.72348900147998,77.27049330810725,0.0
59.66229271001214,69.5163155621264,0.0
63.320913456135465,64.44044602388243,0.0
61.32855139798769,63.575816666535935,0.0
55.75538686399007,74.55372910349153,0.0
62.28591375588202,59.305256213019504,0.0
55.73537434747602,66.7196576183508,0.0
63.65737175655318,68.89174236616091,0.0
96.02460494408874,42.959920373351835,1.0
113.86016836873294,35.807700218215615,1.0
91.31544616290957,39.770250742492195,1.0
54.383417855628004,73.54822889326441,0.0
60.89528701535339,60.72209979595111,0.0
62.4905369370208,71.6095242142635,0.0
67.55047772180484,70.5089885866693,0.0
60.48706809356811,69.63942864899809,0.0
52.91624870253451,61.94928866486215,0.0
65.98934424436833,67.81483602084232,0.0
62.12901488497306,71.67361500569481,0.0
50.40708960993538,67.81637086866127,0.0
55.95508302230498,69.02092172092324,0.0
59.22510178817396,70.29274047394249,0.0
56.72928213522309,70.9924051690911,0.0
52.41423605682224,72.21947670334515,0.0
57.066709970373594,70.5619876826645,0.0
52.68195322583141,69.41959390846331,0.0
70.88650398720628,72.2849310446498,0.0
62.980130752018,70.96409288286347,0.0
48.25227252613989,66.89558823933612,0.0
66.08069752385775,74.9178931040914,0.0
63.045150279350835,65.71320801973891,0.0
59.17848724208866,65.30393683635121,0.0
61.874114912364234,70.08945660567882,0.0
103.94269153381533,38.57925748596617,1.0
57.17190776014027,72.90211529686843,0.0
63.04838057227436,76.03583551724675,0.0
61.2133324076779,69.15612652912763,0.0
56.3802694177525,74.40823359451599,0.0
56.40351582370413,66.99273682859433,0.0
67.99304325387024,73.06215463211554,0.0
65.98106377065868,69.79785285694406,0.0
62.29369627922756,74.86255665203946,0.0
62.94807192145213,72.97198397393267,0.0
63.89431821632534,72.76409015838036,0.0
54.80813727149929,67.22180748054272,0.0
56.461373899797934,75.12625611340258,0.0
62.16268521791886,66.6952922448201,0.0
115.62820255632047,26.77094142569301,1.0
53.73862491261854,73.23455597563783,0.0
58.51508674062502,72.7011392586516,0.0
72.28821530569675,71.36056147506598,0.0
52.899536761353644,57.5391186464576,0.0
61.865543515067685,75.49460209136969,0.0
66.08559026557354,59.09442866687129,0.0
96.06095730950419,43.80859162975314,1.0
64.24529480970583,68.40618964345572,0.0
59.0676884301822,67.29957773271816,0.0
62.43630364457171,68.69578013286925,0.0
65.23178023131719,74.5338326180568,0.0
63.564551011323665,75.76799241121066,0.0
99.67714212720104,32.759752775119736,1.0
57.69738269569149,75.12023347648193,0.0
51.88680969485176,69.61785619640528,0.0
58.50017688180821,75.63923288966659,0.0
53.688176951886945,77.09422376329599,0.0
64.85927079761403,72.71238902516646,0.0
63.920893734365585,69.40904152472812,0.0
59.245248953214514,71.49115799370401,0.0
57.52856266489719,68.29011645879841,0.0
65.26520032611344,75.49765635733641,0.0
59.178995739096834,73.11840664044986,0.0
60.943733148451514,68.61412749879462,0.0
66.80780399411324,69.45977233335826,0.0
63.49113412891709,74.07167410179431,0.0
66.05459794652383,74.3362991994665,0.0
59.19108220113262,65.62226034207418,0.0
61.81547768718622,64.99676075341695,0.0
58.80333860934631,74.4171181366016,0.0
67.34232788112972,78.49786585678788,0.0
103.12059276780869,40.16466873268028,1.0
58.34186367535751,67.07885441593359,0.0
66.68719601769234,71.80921320481897,0.0
51.46898250183215,72.78582550540334,0.0
55.962048061002506,69.19320673819014,0.0
55.57828171630528,68.53832641851132,0.0
52.39105716926801,66.78834154136578,0.0
55.22564463509394,76.96311421272426,0.0
59.743858421856665,69.21685490798548,0.0
71.78032573800598,67.51860490315744,0.0
57.75479635512356,67.84319339164567,0.0
114.2462549120238,32.65391331805706,1.0
61.14664033397844,76.41584156746951,0.0
62.181288404141114,68.4399415298173,0.0
73.66967148884736,66.94893783447333,0.0
67.07748366663525,71.89368765531596,0.0
62.78723151228805,68.4171158478132,0.0
55.914342541166036,64.3386017775413,0.0
51.68571388913704,70.0958142876209,0.0
51.165238543657644,71.79764059758398,0.0
61.62336015050982,76.91807526868052,0.0
56.366451638076924,66.99498620551572,0.0
70.2053002448978,69.73849176492936,0.0
57.28590669168506,74.8721841232795,0.0
58.61242998828492,72.98264879705934,0.0
64.80586861048607,76.32656897933956,0.0
55.14435281899899,71.69585000782858,0.0
60.2449776030373,66.09314452618038,0.0
59.31675777938648,72.41688234719726,0.0
56.13525705447139,67.49258193210247,0.0
64.87664640974437,69.31898351181643,0.0
58.135964187778676,64.33079499240473,0.0
112.8931533052893,44.25586945716187,1.0
60.644679649485994,74.52238722716447,0.0
61.69576520026726,65.46387388677061,0.0
58.313839043744075,73.76024586834696,0.0
53.61575431707064,67.883200759056,0.0
62.91002283544458,69.55131975515785,0.0
73.00126206266255,71.46544396293139,0.0
68.65719882411219,73.51884706647401,0.0
58.39791918225371,69.32252897285683,0.0
66.82216425938645,69.13155447830547,0.0
59.03458888979235,72.09391307691618,0.0
63.34455212712435,69.39292706984487,0.0
64.00811356183424,72.69995071862283,0.0
56.11406987926298,70.00570685001783,0.0
67.93778938786811,77.25615543192833,0.0
63.054391381158176,70.66931769413954,0.0
64.32590386389683,69.7221093058785,0.0
49.30360778019234,75.20438780660986,0.0
60.87969383912203,62.75798934166838,0.0
57.395208641724196,78.31708101279568,0.0
101.02384618294172,44.460142060062466,1.0
51.17283113386037,76.15907687762534,0.0
64.45024031671333,67.6653919446275,0.0
61.81585450490071,65.79208083531205,0.0
63.224311995777406,68.13957762429543,0.0
62.868728976574005,58.391696530709524,0.0
56.97385230845249,64.82270925203913,0.0
57.93123200604237,64.426142708413,0.0
58.64604269753176,66.73107939443558,0.0
57.52134874726315,64.49896712287912,0.0
58.07813946339723,74.55045149209441,0.0
54.32076848465627,68.103419024911,0.0
59.10120115014646,72.35010679906935,0.0
55.41934639994167,74.02456251490678,0.0
61.25446352699503,68.17863039326141,0.0
59.0385366682157,69.51368358916591,0.0
63.68791764775601,60.261577993008004,0.0
70.07122403597945,66.98146008777344,0.0
64.93561082781373,63.87908156194287,0.0
58.281518213426246,68.11971683348867,0.0
59.64860538089718,66.60605519494715,0.0
57.57918508865823,63.783744125206816,0.0
53.004167915819224,65.71231209764451,0.0
60.492516038644986,78.0798956487369,0.0
52.209921918650366,65.3851936659932,0.0
57.75403214024611,72.29721811497065,0.0
65.52364707709236,70.88305588959541,0.0
68.9298617043636,65.47056953159463,0.0
55.26578785916297,61.45823858611891,0.0
63.561481662758965,73.4829082983877,0.0
61.12382976631468,77.19954004456537,0.0
55.78633178555836,65.28399929068863,0.0
60.642689562636996,69.58746568881305,0.0
50.471566150193766,72.95107924730975,0.0
64.5566287598474,67.79122121178519,0.0
66.56398561001721,68.11111363733481,0.0
59.33317632783157,72.68556195119982,0.0
62.94191959751697,70.58925743078832,0.0
57.240527423735756,76.30374136964225,0.0
67.25317579847281,72.21038839302805,0.0
55.24830557956961,67.03027595526774,0.0
107.69603214848289,27.37642886809115,1.0
57.05325437621885,66.25897742233298,0.0
65.39193413009869,72.47041728727228,0.0
60.36623805154868,63.297124071799594,0.0
63.12306263214045,69.95881419964347,0.0
60.175161713682584,73.92189229825648,0.0
55.60762970303172,67.58326260716021,0.0
65.49791167712607,67.88194619462453,0.0
61.20767644998098,62.26421509628367,0.0
65.90985929789636,69.83709553629082,0.0
52.31380952116713,64.58123935218485,0.0
49.893241921437145,77.74934295122884,0.0
57.419458376139524,71.52968086474304,0.0
61.58663662935662,62.77083429881296,0.0
56.88147277309838,62.02589913836117,0.0
63.478698786613904,68.3670021740641,0.0
60.89148661583493,77.25290741126847,0.0
63.43915063013002,69.57202570646524,0.0
55.413314064598346,69.76869470621715,0.0
59.75134891352474,66.74434788397038,0.0
61.19512152954202,62.51612388669038,0.0
56.74260889998868,82.02142865366321,0.0
100.0502759101425,44.500552551136735,1.0
66.10387025051752,73.58946349262756,0.0
51.433644787304495,73.96469625874458,0.0
68.3233572944055,73.99699401231831,0.0
61.2508164349291,73.32590435882685,0.0
61.958962419676276,66.72502256659156,0.0
61.20887204625646,63.04138515054153,0.0
64.12729859651488,71.70743053930416,0.0
66.30059668579386,69.32245348087716,0.0
60.91875686866458,72.23395455434365,0.0
59.98900744423827,75.63150036692954,0.0
53.22976291922034,67.16024996162001,0.0
58.22509782464812,67.72093700358752,0.0
59.90359994385527,70.77721246002409,0.0
68.041317075766,68.66087283882055,0.0
112.68449751547831,32.991811263246014,1.0
51.87807563312744,78.8532289956517,0.0
54.79109943369491,79.56532486053358,0.0
48.5187905521098,74.97898435381849,0.0
58.54326639780725,67.86241504288556,0.0
56.56349589201496,81.72767781401735,0.0
58.54176269373099,69.12522344551444,0.0
56.18414788872619,71.83512591282201,0.0
58.04031179940679,71.20524791793794,0.0
66.56489631609422,64.56215263233445,0.0
60.37299672463188,71.99786686515044,0.0
59.09618485684996,70.75499968166298,0.0
62.384739524549666,64.54614777634276,0.0
63.988947136046086,73.80784206775705,0.0
54.95423415881137,60.84514721471904,0.0
62.177978277454926,68.80175766041432,0.0
117.54465144184627,32.64121363941803,1.0
57.70248442794288,63.58873617695672,0.0
63.8386371880344,73.49369679818605,0.0
57.368878704560984,70.45105254722381,0.0
58.333164545589746,69.35250685704584,0.0
55.31953269564797,72.52750125670204,0.0
55.9230898056977,74.84435483456133,0.0
63.17781159409237,73.7226693929898,0.0
62.42794825863449,74.02806251674532,0.0
57.80815417879333,82.48993720045151,0.0
69.34507968000298,71.65548699539609,0.0
70.08008584569426,62.38917409713529,0.0
54.18756960392741,67.05401499345844,0.0
55.68314588821761,68.51659639630695,0.0
59.82176796686706,60.46805058882478,0.0
60.56500859176069,68.27785596557071,0.0
57.96151103789865,75.68310534525993,0.0
50.14042255500283,67.41182057961223,0.0
60.07335210536722,75.40608786608519,0.0
68.71535836551422,76.0422465014668,0.0
58.47008978367822,71.51092119667533,0.0
55.75292976405016,67.24000992123423,0.0
55.55845250876384,74.18940877477509,0.0
57.06201192156904,70.72006479544868,0.0
67.35990209774639,73.13173241807941,0.0
58.8732463446024,73.19546882026832,0.0
63.19154687313831,64.2038198343732,0.0
55.66151342499529,76.22000736476384,0.0
62.15016495757365,71.0469987202443,0.0
57.941917231801874,68.69738441404957,0.0
65.07159352377673,79.23784107041948,0.0
73.50301773129767,74.10588123197442,0.0
63.44085233795964,72.76881884277462,0.0
52.788208515782586,62.65258300024926,0.0
114.83607397975987,26.51567522269583,1.0
64.19421436746038,69.35518932327375,0.0
52.82045699111788,71.40323294418124,0.0
57.07299585116664,68.76405988582867,0.0
62.076800106073605,63.580268133731465,0.0
56.526506029454524,74.91130736767826,0.0
61.23338270536561,64.8574275102017,0.0
60.82858475226349,78.31021872382023,0.0
60.9985325715435,64.18821663928294,0.0
57.94666254949914,78.73537903902601,0.0
57.66380904980241,63.36475113724512,0.0
57.3290830198162,61.26903068271015,0.0
58.713754139625635,72.83481730115786,0.0
56.48842924959112,72.3063433790475,0.0
58.78224418365888,68.4484214472727,0.0
54.571044873056465,71.58135098624518,0.0
69.93967938486311,67.05143479443632,0.0
55.841894791304085,76.37769147821263,0.0
60.013165839091485,60.4576002079215,0.0
54.03241416394016,63.71136411070394,0.0
60.27714992430735,69.67010000942395,0.0
70.68566658142291,82.36293844716599,0.0
58.97665530141021,71.21507511955181,0.0
53.8449839819834,70.17559471977451,0.0
65.20078859090432,68.90041596536514,0.0
54.41940928967003,60.63694734565678,0.0
56.22480970345587,68.43889896450688,0.0
62.36107538241309,62.93758965546181,0.0
56.65335516442018,66.77548671134143,0.0
107.96725172372064,24.935215720137208,1.0
61.05606328111369,70.05842784299766,0.0
62.02360477607377,68.97920741114274,0.0
58.06769208476262,73.67603869207723,0.0
63.7420591356325,75.59147551797956,0.0
55.05153652448434,67.85548750845777,0.0
61.58464179708234,67.36770455829226,0.0
59.05428135372743,68.71112300588636,0.0
59.90999229435971,60.403763029979,0.0
52.59249676943236,74.55012191539281,0.0
60.74887827635814,60.34886766550896,0.0
68.90947261814047,71.93282891503826,0.0
58.42430176401834,66.5242764341158,0.0
58.880918598920225,65.28210859444329,0.0
65.16226662545473,65.22912468042146,0.0
60.490823009067014,67.5304515453084,0.0
109.06649158088338,20.11131515288661,1.0
66.34092714119431,71.37091209585651,0.0
57.792349809290336,54.93852030352964,0.0
49.97089224022679,84.13125431733815,0.0
55.66701415251712,61.3172562117181,0.0
55.5957444615798,69.37952437347315,0.0
69.30724767483981,69.26990607814211,0.0
59.8370473797674,71.78316133222295,0.0
55.67855135452971,73.59765761888917,0.0
57.45747426379384,70.6041640481326,0.0
72.40304239873545,71.56612567305878,0.0
58.422488910472026,78.56659712714895,0.0
53.86420190417225,66.08741570915149,0.0
58.18287521441701,69.99099840174736,0.0
100.98255564900336,35.5511259790596,1.0
61.30143982904581,57.785194121058574,0.0
66.36842489083917,71.37234290862423,0.0
64.71559770843768,70.73486823411262,0.0
56.2413518390461,66.46654065603983,0.0
58.97485637090819,79.70450171092001,0.0
62.00704924962065,67.61737810385584,0.0
54.41969659537266,71.04839274319481,0.0
62.3609568984963,65.42325702675382,0.0
58.377715762156534,68.48668713436192,0.0
59.02838656810266,57.23585036079538,0.0
67.63442389178681,66.40791055341563,0.0
57.33439555765081,72.36499845021092,0.0
67.64937636186497,58.56656015036856,0.0
57.39883120192511,69.25362880447065,0.0
60.85486335959989,80.64057771728937,0.0
60.32381268598972,74.4455894747762,0.0
54.026695874228324,58.88715269599835,0.0
55.30299043261072,64.8365870426053,0.0
47.87094667990965,67.84295879132088,0.0
59.02335454010737,68.4040109113748,0.0
56.258151103881055,71.03972691933927,0.0
66.20233929151402,76.11769356867882,0.0
69.41690874563767,71.74242838005898,0.0
60.745308152809514,77.88422033299345,0.0
61.095862588378985,69.28577843824897,0.0
64.43168100926144,68.92809416719679,0.0
55.56814788121778,70.39139159658349,0.0
65.47820161469222,73.31550612317295,0.0
54.63229097770778,69.92501137528654,0.0
58.37086720776581,63.53695135705611,0.0
55.6192808423588,70.28367227542866,0.0
59.2673120410532,72.75583699266285,0.0
52.403576844052026,62.141228733420164,0.0
61.880371256560814,67.22497626990062,0.0
61.39775040230096,75.15196488595765,0.0
54.602827307009264,71.21142395344866,0.0
63.4070774916917,69.39793213336283,0.0
62.991936161038765,78.38950550125493,0.0
66.17629226752483,76.50178161472786,0.0
64.1090957135753,68.6923275257198,0.0
68.22955251763828,69.72031288728836,0.0
55.554110212906245,73.15675959402047,0.0
57.649873383626414,69.9584325137076,0.0
54.32057131401709,69.12758618118544,0.0
64.43465425445396,66.45522795221815,0.0
51.41289929812775,62.00305375920463,0.0
53.23088314331772,71.21848296529932,0.0
59.24482523831462,61.176314160913705,0.0
58.60891567659185,77.55004414558292,0.0
60.1710052631081,61.21459143426607,0.0
58.64163853321951,63.56592954542866,0.0
65.77044958243756,67.35330558975032,0.0
61.28132806452358,66.82459073342811,0.0
62.69271008479881,70.43308732438639,0.0
64.92206219455932,68.13579814834999,0.0
49.72776368645454,63.2201720660681,0.0
115.77476282532086,22.90750059919698,1.0
61.27583264563043,65.26986297476431,0.0
62.47442794381999,74.78003032977222,0.0
60.05937532444045,67.22304276442279,0.0
60.48497016670801,66.65487757906871,0.0
61.612131917834375,66.54137442574721,0.0
57.7809832102932,68.62745874222624,0.0
63.93359616131026,64.54490136136705,0.0
70.76977402351837,69.07228858010372,0.0
57.978099408096426,69.8106931640996,0.0
61.123014828003676,70.36828376744192,0.0
67.23109513389123,71.18730104270935,0.0
57.503222180421474,71.61635846614224,0.0
59.48423855067037,76.21598061603065,0.0
58.960643616037615,69.89629105307071,0.0
56.47246015989389,68.97834377865016,0.0
53.490904336412115,71.74001601632087,0.0
57.542342697210024,74.87837522838831,0.0
67.63157797645287,75.18868532792361,0.0
64.13513297145553,65.61355035722542,0.0
65.86727712986034,67.93162809308913,0.0
62.44897553553105,68.78907223086317,0.0
52.534883294097746,70.25120793363728,0.0
54.06294990026549,72.94640359690759,0.0
56.95312501618494,63.98778351845602,0.0
63.44014819494473,73.09171835927917,0.0
68.37048855855306,79.00384058451625,0.0
60.69242704877915,62.94428281353402,0.0
62.61459381698764,63.62540076793148,0.0
56.68351090482688,60.167666333745174,0.0
104.44528488895529,21.666943731453266,1.0
65.26792708763558,66.1617614320941,0.0
70.25286373034693,78.353091423398,0.0
72.17616480166987,76.02889738126046,0.0
52.87578222993484,74.68476762306918,0.0
53.369117091084476,70.5238128729116,0.0
64.05832833063307,76.01082326692931,0.0
50.893335972100715,70.9147111722228,0.0
54.40177119305006,73.8870887944486,0.0
56.54779202249253,72.22921533134672,0.0
57.7258573982675,76.06611364049346,0.0
55.5876245315979,69.1777301582639,0.0
58.51472519909931,79.50630520880881,0.0
62.64456918721667,74.3771446679041,0.0
62.416702704747024,67.54512643727352,0.0
67.17511652672093,70.05796000080878,0.0
56.13391924049283,68.25814931288835,0.0
64.23608978729494,68.55093878622085,0.0
59.21308338883447,65.77694042487596,0.0
53.37948497196372,77.21891403315314,0.0
69.38022515385188,70.26226143682841,0.0
53.402039687267674,64.15245655119251,0.0
67.43532766368676,75.79739636092776,0.0
64.51021494059863,78.10054649118858,0.0
64.56945694859976,69.46623798261261,0.0
62.133371369165125,66.88663560363683,0.0
57.000676078081845,66.63067025240038,0.0
65.82369989092041,66.32342523963015,0.0
48.982483783642685,65.29236584715625,0.0
58.014018925566646,80.07237799214957,0.0
54.79604387097155,70.75270362343853,0.0
58.73412129886948,74.39744615346017,0.0
67.17706605253353,70.97058863984383,0.0
68.2314266709883,65.31397243094892,0.0
59.14935837863777,70.60667708757249,0.0
60.843224395921354,70.14511372080518,0.0
68.51829708601815,67.88423814780282,0.0
61.095772236622786,62.602301237057475,0.0
117.18281969693274,24.94223301328671,1.0
52.225614439615185,71.13029965829473,0.0
49.049317471949905,77.30490889548976,0.0
67.30260803355915,73.05015914014268,0.0
56.81300754639325,72.97625481334889,0.0
58.85662652123113,70.48773646991772,0.0
60.07671438187313,69.74139051657382,0.0
49.676936439459254,82.92324534923921,0.0
51.430976455920245,69.08405492091659,0.0
67.77270075100708,77.97441659862217,0.0
57.31351404027488,57.77591564382388,0.0
54.10188480437523,66.68260439747522,0.0
64.19934743853075,66.7457283721456,0.0
61.62323157468571,61.302002306739894,0.0
64.3617987695418,60.32211566490267,0.0
67.50082691198945,68.32585878996085,0.0
59.853042623218116,66.99189087112565,0.0
48.89081496593193,63.92229308638057,0.0
66.68512094016432,65.3397421722827,0.0
61.69880953464414,63.11208580080563,0.0
50.219356740853485,74.7911146409115,0.0
67.92443808948421,80.05074725933721,0.0
58.19040163826604,74.58541662916917,0.0
61.34135221211829,73.44801741424772,0.0
55.83028541047478,72.44486026416449,0.0
54.957622412090046,71.21483235949518,0.0
58.71850656266114,70.07431798969041,0.0
60.802512313005664,55.08925044384381,0.0
60.368138728561725,72.33180585157355,0.0
64.4846506797137,66.71629934431004,0.0
65.15962115173,80.52395397713401,0.0
61.38474788586251,65.54847642987211,0.0
58.19038595095421,65.34411826966338,0.0
57.36899331046288,74.51643956767911,0.0
61.17972731587987,68.09688612921607,0.0
57.30857296635828,72.25828793422673,0.0
60.42635069439024,65.36576679519732,0.0
55.115855948981725,70.56045176973225,0.0
55.43971655532344,78.10541206197722,0.0
52.573724456417956,58.44222973568645,0.0
54.67300658527633,74.90988409763646,0.0
63.602782659311686,74.36094878086374,0.0
61.571393973535145,70.00004914476838,0.0
57.973940881922346,66.99964660808388,0.0
95.02036393775255,23.399688872761,1.0
97.99688483356434,32.89109209637809,1.0
56.037833352764096,70.30262168023721,0.0
61.51411380482021,69.87513830472288,0.0
56.199543117140095,68.46789412744067,0.0
55.85491648958987,69.07452792674725,0.0
55.63623935922964,63.30958645886891,0.0
100.51194823123694,23.17298019651102,1.0
56.29086936670957,71.41526833233911,0.0
95.44230366962688,30.88556553890916,1.0
68.2629061625467,62.86471552799604,0.0
58.96898377232529,72.00307116734754,0.0
61.33376288946507,75.42890588140311,0.0
61.64463145434159,69.25199389859269,0.0
63.520969911363565,72.83608858409684,0.0
62.0815252092317,70.08280752584433,0.0
62.38296607646965,74.85899345628158,0.0
60.527342925357246,76.02240253274745,0.0
59.43865854076055,77.00157909759898,0.0
64.304439130291,87.88145400955693,0.0
61.02973978779342,75.11183428775661,0.0
114.56369436005878,24.052072463888685,1.0
58.45939939715681,62.7481031727271,0.0
111.78927918522189,21.203867525234,1.0
65.53733855815511,65.17965053249105,0.0
52.75598704123726,73.30917591614356,0.0
61.97275868771994,70.38451140668218,0.0
68.25642332071877,76.65899135834604,0.0
65.40873310232774,61.29113527654807,0.0
60.973253670212564,67.29104357235855,0.0
65.01956121191213,69.28659065747422,0.0
53.71914102212615,72.25062943237872,0.0
61.54961919289618,65.30878280117686,0.0
58.9575262530805,69.66411199224899,0.0
58.55593335372004,68.19418105198939,0.0
66.65033581650954,67.6534106697829,0.0
60.6092575114527,67.08291583868981,0.0
60.42539091131886,70.23125856677996,0.0
67.33804500995406,73.476333136757,0.0
65.09381771186403,62.64736356270449,0.0
58.06881781658328,67.39999596598254,0.0
56.49123430422623,70.05428781412594,0.0
62.44408483452702,60.98291905599601,0.0
65.783304937806,72.29307048313818,0.0
61.73349294718836,65.41363729624399,0.0
58.63146978573551,74.37176706422969,0.0
59.984434164739355,70.53075188429095,0.0
62.123262267798026,63.889391817724565,0.0
61.55441344725867,72.51339015871804,0.0
73.41787784241858,70.25345914601166,0.0
65.15998865227905,71.47748356907303,0.0
51.133224193970904,76.30156465418568,0.0
60.43988210675665,66.7672891855455,0.0
61.7599153788786,79.40329194496553,0.0
50.199105456213246,68.97024247771311,0.0
55.79992798385243,68.2358152847984,0.0
57.245882963812974,72.12356574505752,0.0
55.09030985474202,74.1570290925214,0.0
55.69195022649599,78.67375734946376,0.0
59.5394384543756,72.97488384552061,0.0
54.439567490277355,69.25527869577463,0.0
60.90602999269927,72.86546235271348,0.0
57.098306358979,76.85968344075185,0.0
63.15942367524247,63.40346409661874,0.0
64.08741085534923,62.66855508361171,0.0
62.43539679700823,70.32749959067594,0.0
54.29369313627288,69.34190200277163,0.0
59.41280341029145,73.86694057950113,0.0
54.715785670162845,65.85480345695231,0.0
61.10529488496867,70.03632332751063,0.0
61.16725852122948,64.68042550063106,0.0
72.73026841064633,66.59388870914992,0.0
58.8105978381377,71.15455688459957,0.0
61.17349326107586,74.9364312239464,0.0
60.43181373612824,68.49052941081675,0.0
61.381089232101765,58.276800816693175,0.0
68.07458692886563,66.39784914512286,0.0
58.93032107805241,69.74030773535475,0.0
58.16236589799445,70.24645328993996,0.0
55.885082659032804,71.93931353931075,0.0
55.301670769579125,75.50513098322114,0.0
54.50920883030876,69.7848814428173,0.0
56.79403235902314,61.58478188455145,0.0
56.48740267092075,72.66211732160062,0.0
56.61204035093752,60.38263376873685,0.0
63.93185932376054,60.81296955217171,0.0
64.38191731870597,60.58635014857074,0.0
55.49419041764204,74.85487002771943,0.0
57.35754188340831,74.24966770987707,0.0
71.44752726741565,69.69061284045651,0.0
59.69665504583178,70.25021712935059,0.0
63.218793218642396,68.21735762902824,0.0
63.96326788164984,67.5307142331862,0.0
59.914756096983396,75.28697959165412,0.0
58.83470141943211,70.62392349548396,0.0
59.530148963682265,63.135762168908904,0.0
60.4254982069383,64.78165639423865,0.0
57.402911968256674,77.25769234775979,0.0
64.02456655477066,70.74570967022859,0.0
62.237908468278484,70.15325137947686,0.0
59.29111536661403,61.09844969263352,0.0
60.5655008239073,67.40424399633712,0.0
55.26959630379583,64.3228960208912,0.0
55.9555117795832,68.69829436286764,0.0
61.03915748816548,74.43970635109653,0.0
60.64645271887179,69.9917017096997,0.0
61.886693151862524,64.66951712139627,0.0
57.58943267039927,60.14492940956329,0.0
58.219872599856544,71.12498841809621,0.0
58.73314538280298,76.54659607866948,0.0
63.148394389760966,70.27233632929068,0.0
61.10581016671455,69.77570528123037,0.0
56.816108058238186,71.81996136443729,0.0
54.135628727358714,74.74316002775349,0.0
60.243531070035196,60.038305552068984,0.0
95.58485201786202,41.6907893124861,1.0
62.850391381950196,66.10515205707266,0.0
57.58248110250403,78.71506776019221,0.0
58.306822556364374,74.23846863757102,0.0
58.631785938907576,78.74024561736178,0.0
65.37859291048392,68.82342255466935,0.0
59.610125307919525,68.48149080643267,0.0
60.78595475214844,59.75005872063751,0.0
108.26339791946607,34.33884652074681,1.0
61.44266356071196,73.11871144682856,0.0
54.40725209880942,78.95199025959722,0.0
57.578547486531214,62.123815906592164,0.0
63.328402498028005,54.10057109246408,0.0
64.1652891678526,64.9030765139913,0.0
60.52813393091588,67.51857478716742,0.0
67.13713021331965,64.44897634872179,0.0
61.8278636891785,66.54355666659342,0.0
58.35580946208737,60.04471576303753,0.0
100.07735244689815,30.731382870519063,1.0
58.95506279766989,68.63294061963207,0.0
63.187658694074,72.98074767560257,0.0
59.813060008170304,76.21989000903909,0.0
71.94149640766506,76.73105781952033,0.0
57.27755496232159,72.39959475773944,0.0
66.84151932698862,69.52255026968716,0.0
60.256275259713014,74.5465403264671,0.0
61.635331120738925,70.30477374860523,0.0
62.28156764463273,81.98700818341219,0.0
56.664630822436685,73.68617088039187,0.0
60.74564342210576,75.39937606491831,0.0
58.38847173290923,79.22113758461302,0.0
62.494854642955026,65.12967899072137,0.0
61.068846399483924,71.27056409020513,0.0
57.72830112816675,67.44122421686791,0.0
56.29980719520429,70.40913365374584,0.0
61.04859349153121,73.89598978084693,0.0
53.94025525807076,77.45727976428725,0.0
66.1472432306026,68.71495931138648,0.0
58.47378576383019,60.3846607377938,0.0
65.85109914681833,72.17071810236534,0.0
52.49910922404607,78.97146526494953,0.0
56.581326516494144,64.40839176288759,0.0
60.59876784607807,73.98019364589297,0.0
58.92381124511668,67.51387614534377,0.0
64.49541757078485,63.319020481934025,0.0
56.42343087065434,65.65277187162664,0.0
56.167376742848504,71.06689373831476,0.0
59.64013819011079,78.3875889730785,0.0
48.92191889180167,72.89930728807049,0.0
49.646005279141306,66.10805048611184,0.0
61.22041720034532,71.55863637099262,0.0
55.275185603065275,66.80216613990025,0.0
63.20865001781822,68.7930414342654,0.0
65.87629218447272,66.28521335870636,0.0
59.338377532118116,63.74029319995816,0.0
61.60271020341359,71.26676136613061,0.0
70.90199038380376,67.01901084426478,0.0
56.30104779230138,68.74208847098735,0.0
102.24509111559534,39.286236664725806,1.0
54.255274454745674,67.43844234742505,0.0
54.79898776860948,77.63631348724104,0.0
60.32293933008531,66.66636516307172,0.0
51.426229991705355,66.74195880425498,0.0
71.89936902625573,71.07219377985649,0.0
51.51528232470011,75.16536064800052,0.0
58.33698598254664,67.30692362567862,0.0
62.26856139422783,66.13642854819427,0.0
63.07155617486264,70.93122858882262,0.0
72.40365570057708,74.13755713798022,0.0
55.52164562672561,70.61681703241752,0.0
66.04037669622507,65.6169616431614,0.0
57.146987289952285,69.07697751219209,0.0
60.75903350155602,70.61066127152019,0.0
61.145390539813164,70.27559263329178,0.0
60.843633991510494,70.92289289106901,0.0
59.800733123597524,76.3840706641647,0.0
77.59920584411935,77.72902602149216,0.0
54.65821725752425,75.97951999780807,0.0
56.164514190715636,57.6126659981729,0.0
64.83295226400122,63.32811528704746,0.0
58.3623592873471,74.32452294623951,0.0
57.299959351125196,60.57422748040105,0.0
58.21270240452862,74.75171756218606,0.0
63.256755764328524,61.860573522660026,0.0
60.1165301305569,66.74376889559973,0.0
56.093430234426066,71.12337496134549,0.0
57.875196887802694,67.10664867563878,0.0
57.22606112762995,76.46720156163009,0.0
58.87178977299924,66.89816283659813,0.0
65.31335480980134,73.51665288055862,0.0
49.44068156006229,63.939087182951255,0.0
69.94746381926083,75.7087236029466,0.0
60.836160684050384,62.00237859208207,0.0
55.01243131695837,71.79118313872794,0.0
56.52118122545813,81.88751037554876,0.0
61.00234252010662,72.37408093833575,0.0
55.57546746784398,74.94711412884794,0.0
58.177288153179575,76.04097753155091,0.0
64.62122712539782,69.83126085435934,0.0
62.39833967630868,73.32435473685904,0.0
58.659159982124145,66.46577867423903,0.0
59.20782629229907,68.55316877833644,0.0
62.72146658543577,70.5133721605015,0.0
59.76831079181923,72.468917526088,0.0
64.9480544580527,78.28335912466065,0.0
58.83201997773428,71.66201596487402,0.0
58.3035056043087,66.80001601099872,0.0
64.4615746285718,69.47729564582774,0.0
58.61362270221363,77.68721258750271,0.0
57.41409808706052,71.94403674521789,0.0
53.44015586049015,79.77867255584798,0.0
54.467465878187284,71.90586507762049,0.0
67.36948610687372,65.45065461267227,0.0
61.7267356959586,74.57712464639512,0.0
116.79323669717972,34.460264894078556,1.0
54.343577552974736,69.48328157408162,0.0
57.62743998724364,68.11168122603486,0.0
53.5769534777197,66.38581697573393,0.0
113.7403832234491,38.09962303921918,1.0
60.66972405078606,75.26089902190674,0.0
57.623961481311476,66.38595615927524,0.0
56.71239984581335,65.33794966186824,0.0
63.436533865816926,66.23079832212846,0.0
58.20902113200295,65.86939159760426,0.0
60.69813771399385,70.88503216430416,0.0
63.29547251363053,67.52194372727612,0.0
66.00761830810647,59.98011167498536,0.0
62.172143531296406,64.07640295011349,0.0
59.87554786658264,69.71287392007905,0.0
46.17926080919668,66.3350322375514,0.0
57.468551664648245,63.98815554266275,0.0
61.45681921650658,70.93489076997133,0.0
63.520486282287436,65.48446598080497,0.0
59.47418956122977,73.09763477929077,0.0
63.07889304964297,62.33175732125502,0.0
57.84280937099467,77.48474362955537,0.0
58.121461358620145,65.05408946690271,0.0
55.661017138404375,73.46419981261123,0.0
61.16343567863689,69.7486018993109,0.0
62.580450131095894,69.23815053310906,0.0
57.42561975490812,73.92791447653434,0.0
61.66397488215481,59.53542852378304,0.0
60.23175569118323,64.89531240950335,0.0
57.99845597479675,64.4139729487154,0.0
60.50734550580394,68.19507239951213,0.0
61.37374850857895,70.73082905027492,0.0
54.36813562246137,66.50785170408088,0.0
66.16853859086197,69.1210895977916,0.0
48.94496279592978,69.19004304318862,0.0
58.58659010631974,67.45232199103278,0.0
62.65025408060624,73.25073401493522,0.0
52.92392196199611,66.83542842970782,0.0
51.38064389127782,72.91544084773436,0.0
61.79423177431075,73.71109119699452,0.0
97.57136331820654,22.6487039902352,1.0
60.43213378471611,73.05761375295573,0.0
68.61825234896433,71.56270043635264,0.0
67.48273915199707,64.69009633270609,0.0
64.75395244456143,64.45865579827446,0.0
66.4165276352908,73.06395826876876,0.0
54.50351838721373,65.26812014100852,0.0
54.47379504096411,69.64141593790157,0.0
60.848454884461134,68.89081347681531,0.0
66.0161632740296,69.58056148107377,0.0
57.628697008970676,64.42820599875533,0.0
67.31249527472032,70.82896167358433,0.0
47.77197203509961,68.59712683261155,0.0
62.75927126005758,73.2527133992998,0.0
57.26929731606612,72.15918539630941,0.0
58.538223912191796,72.85978667041302,0.0
58.56396980944977,69.81573407721459,0.0
66.88153586415831,77.16304581936788,0.0
63.949182321066594,67.95447570509326,0.0
62.14420773941501,65.96218055388957,0.0
58.51276497622637,62.70999079005303,0.0
64.64614645389219,71.51015266139902,0.0
52.00026514047178,70.19020002493227,0.0
55.38564084574119,69.64166806839039,0.0
99.54039244777302,28.443741592731655,1.0
65.26137484897126,68.1984566947996,0.0
62.757112929891676,71.38726447422475,0.0
50.72825956496281,69.42949551475644,0.0
57.675343322436625,65.86455076654384,0.0
111.7782887494432,35.16986638809288,1.0
55.697063397631325,75.54015205284773,0.0
61.38986485575668,65.87290589563219,0.0
62.97582499198163,76.94605649146654,0.0
62.60879542193054,65.02360404941219,0.0
51.72267557696638,74.7660916667299,0.0
62.42487810412017,69.07066467976232,0.0
57.42520520197571,74.55096145227722,0.0
65.14548247469807,71.3008300322934,0.0
64.37490847608228,78.94613397828286,0.0
57.787426797351905,73.08265121165996,0.0
51.99962838357092,71.1129700959933,0.0
65.29906046689099,71.15846550209892,0.0
52.66534733593035,64.88200667028363,0.0
64.83520409616781,68.48497022487435,0.0
59.04705884997903,70.89170335989637,0.0
56.08986594275184,70.68244183416537,0.0
61.13009166728686,65.72916968383946,0.0
53.98244797508826,80.12357829924328,0.0
47.650600005284986,71.4335811465629,0.0
54.10196073448929,68.96434900007942,0.0
67.22897349245876,71.37040071949514,0.0
54.36755394228642,68.99627472950743,0.0
58.80806203477368,76.75733330004728,0.0
68.75561615156258,74.67168244588926,0.0
62.746019356338195,67.69232261525993,0.0
54.58241231160245,68.94725545242997,0.0
52.67993598154818,58.38128728925109,0.0
57.29021507594652,71.94796840754704,0.0
96.18194260902638,41.455733562010515,1.0
53.72282917749021,71.35125999722894,0.0
51.838291114755194,66.37890427239525,0.0
50.5654744045529,70.19107495497171,0.0
60.62480548026559,62.36360865771387,0.0
62.32159566976603,58.868675869020265,0.0
66.51050476185256,63.30716157039038,0.0
50.63817449041913,59.46341088755539,0.0
57.036153631955216,66.78110011129357,0.0
66.85440397728394,65.26015893313604,0.0
56.64958645008463,83.57346231383728,0.0
57.51628477862704,63.529255930510374,0.0
105.36245515210288,32.94504898659294,1.0
56.55165832147936,67.96731699855938,0.0
58.290902798327316,68.50194814018604,0.0
63.69659720145411,66.19991736496426,0.0
56.63807959996402,79.87721875401839,0.0
64.43931368800335,74.4628661768957,0.0
65.36062807803329,75.54519830003301,0.0
51.40600596705681,72.95722295037393,0.0
60.69702994884985,78.15760260413575,0.0
54.47398014459691,72.83094898033413,0.0
69.91988929263842,76.59754199495576,0.0
57.174415652224354,74.50230408999674,0.0
60.128184799732054,67.13738334483743,0.0
51.82941303640111,70.99919265000086,0.0
63.26416962413193,69.10057071373998,0.0
52.79332813784979,78.26716308076594,0.0
64.28223109342224,71.91073360378364,0.0
64.78158918583388,64.0593973895895,0.0
66.40668442977116,75.14167593342445,0.0
108.28466158998901,44.51576377270953,1.0
59.330072469890304,77.23173043771831,0.0
63.58699912860345,62.699499940291524,0.0
62.82530230121229,71.99694327789254,0.0
55.68935221489279,68.06266808589118,0.0
60.33555270683789,68.56905670894452,0.0
48.90613541246654,67.89345065291472,0.0
53.83769739727478,75.63172646358953,0.0
62.658456303151816,77.83613256811933,0.0
55.187397534547905,80.46819474309696,0.0
48.3813509259319,73.00843296832068,0.0
55.324025736738896,72.58242771842909,0.0
59.524398187032496,67.08675622636328,0.0
61.62286449192258,74.10073496857265,0.0
48.891467615194514,74.50680141604865,0.0
49.56063523893993,63.750920440876946,0.0
56.1984031518869,61.55474437359551,0.0
60.71306528146516,81.56990120482136,0.0
64.6993550618786,62.374928485745684,0.0
68.77948153510846,71.29446418459572,0.0
59.731923488164405,74.1406068048687,0.0
55.830639784389945,63.866997689671166,0.0
110.66123744563019,24.145091322586794,1.0
70.79375386904863,64.43044642016375,0.0
57.85926441636331,77.97358191849294,0.0
52.293170565331586,72.20781480144028,0.0
60.15786195262673,64.16127206369062,0.0
67.11491656777828,63.778114769272406,0.0
56.44340189253504,66.66109868511131,0.0
58.24794079291287,64.40152228363952,0.0
60.571608217957134,64.98392866452056,0.0
110.55249726161763,36.198797218066744,1.0
59.04546195424534,75.93803185696825,0.0
54.07582070573138,71.68115323934225,0.0
61.974486807824704,69.58802260946635,0.0
65.40042246396067,74.36666749866932,0.0
66.18152954533664,71.45984047301297,0.0
53.754332286126306,68.45642280657614,0.0
62.721268254542395,67.97108814126454,0.0
56.463469404290805,72.92720334881515,0.0
55.673401979673635,73.37743219873084,0.0
64.02838424210647,58.91231804801663,0.0
61.983677528352594,65.64732866247219,0.0
67.4969471847095,67.48229207594648,0.0
63.55419079353053,71.24231748002316,0.0
57.74899055300219,69.50930635551508,0.0
54.308312129775715,65.14403984085155,0.0
67.0532329394721,65.81182771613703,0.0
101.47367811944409,36.212330518543325,1.0
52.94621986395423,68.7885487550762,0.0
61.57112489363896,68.36345402317335,0.0
63.189788756213154,68.31876507247397,0.0
55.48545979502407,72.98322567899343,0.0
55.22627755210942,71.27287790835958,0.0
56.146923914253065,73.1871347528955,0.0
69.38373861971101,69.63718277818471,0.0
60.62170436560291,68.85783350570075,0.0
60.961682387195125,73.38519630904307,0.0
64.1661151337437,68.72493893992764,0.0
57.46269728336334,65.8318871640534,0.0
65.48709914136685,70.56219203620739,0.0
60.35638334524801,69.50051234227138,0.0
60.6412049596246,68.8346814272188,0.0
69.3551241033803,66.09342750073232,0.0
56.23340843568795,73.01493628999692,0.0
53.965260228284976,61.22693297851319,0.0
63.78456116856461,66.92761691186918,0.0
66.26098991769759,72.35780109402697,0.0
53.20808547338913,67.16526973581803,0.0
56.983485156411824,61.00513007904489,0.0
59.75521181886302,65.6578749851984,0.0
62.399342550793136,65.43634622509116,0.0
58.18062328378202,66.67577230459106,0.0
54.71376772160693,70.50088754356393,0.0
55.99909140110631,69.34563268203185,0.0
53.28650784504401,61.27148533793609,0.0
56.54638213866108,70.41795223383146,0.0
57.26433051852875,64.72927142020934,0.0
66.43413069335006,65.60009805278683,0.0
60.24671425706392,71.18119251993645,0.0
58.21322450657896,75.88354446532372,0.0
53.96712513856479,70.72852866729885,0.0
58.9310289373307,67.21941022095157,0.0
56.00431035567644,65.60115880944379,0.0
59.80386949495204,68.69235458815939,0.0
97.31500467114624,36.437581532839474,1.0
59.31474588885582,58.47914913775807,0.0
61.14217194099067,70.49628122507806,0.0
61.012489364473645,78.41264687405902,0.0
64.75947138261986,75.80976151621863,0.0
60.2276661809621,63.92321559093692,0.0
65.16953048439731,68.37965338194432,0.0
66.78021825356937,67.38419711035796,0.0
59.53673290014715,69.79200151608147,0.0
60.48721896669629,70.50648017917344,0.0
61.443549588985974,77.52624002118557,0.0
56.04218122236183,73.46439987661942,0.0
57.851776874421006,73.80431412578046,0.0
64.92097929924888,71.2228629533128,0.0
53.53430486383596,72.15980458675588,0.0
56.828007249981525,61.576397985013955,0.0
56.443118428911376,69.64699820747565,0.0
64.32440501829967,71.53145629089738,0.0
59.37755621413597,66.6717074549641,0.0
64.84198337675521,72.14112455960435,0.0
69.21712213615868,69.71722759848349,0.0
68.40567935415694,65.54454200461004,0.0
65.9885789419354,66.802434372538,0.0
59.497600269530885,70.92716243251417,0.0
63.780886792819686,72.69320739220973,0.0
59.30921327952107,64.53006916379734,0.0
56.67525109425553,69.8748752018155,0.0
64.4897700827152,61.38722911297295,0.0
53.781940095019365,70.26700486038605,0.0
70.09618274369852,74.44524197280163,0.0
60.45881582404033,61.49509456004319,0.0
55.31800129532266,69.09465605253946,0.0
50.48621949991883,81.6950141068726,0.0
63.081935375287465,64.3049829314562,0.0
60.76474315960077,66.80335769198183,0.0
58.967669205289425,70.13887023781913,0.0
55.31906937750082,72.91311819935355,0.0
45.44314002819403,74.15447909317355,0.0
47.43344288102935,72.03128169522223,0.0
64.9899470439068,63.07459394648874,0.0
62.95866421810019,76.6552049502936,0.0
55.10591621848938,67.59462740901436,0.0
65.68330191882046,75.00283616246219,0.0
95.42569265967923,21.219382173899692,1.0
58.090603936300795,60.42328067152194,0.0
61.11008495044394,60.27063775900233,0.0
59.02048315109113,73.93165391370898,0.0
69.67792959844745,72.86766840882976,0.0
53.458744347267,62.46090156226434,0.0
55.97526471221541,65.71513124619699,0.0
92.60130290921698,25.60586049544319,1.0
63.85661532310379,61.89559050159991,0.0
66.04275758582969,70.49819227420079,0.0
58.624033564691366,70.75520045900772,0.0
68.96116764260037,70.46225097248863,0.0
61.360170075573045,70.40529104593041,0.0
67.45628490721445,80.36011009389844,0.0
57.37527610145594,64.53736022128038,0.0
61.99191081717649,59.3657802992227,0.0
59.35352043867743,68.65231598033694,0.0
50.76479151217454,74.60327229869141,0.0
56.52127494393578,71.52224511908278,0.0
50.27359864053338,71.48259383350073,0.0
65.94340420415077,68.24961114613942,0.0
58.24391998830412,63.25741471916649,0.0
59.553407621712786,62.68453191178182,0.0
56.668277450649086,70.20670513327113,0.0
53.26763616469524,77.85786846163944,0.0
50.32640179899118,64.25921251889282,0.0
91.39188590464325,31.36433093226548,1.0
51.58364920358467,62.208710144960975,0.0
60.304207656352,73.52689661718121,0.0
75.77977902398965,71.86117282765345,0.0
55.17683148920457,77.8811198478781,0.0
54.91845031124443,79.25972249792954,0.0
58.70358226415438,67.99223551570658,0.0
66.89082504524784,71.95792538295564,0.0
61.46124699710168,67.50733099015521,0.0
58.979875431616065,72.55660319477127,0.0
62.73585916632102,66.42908918731872,0.0
62.479007844257865,60.29092803587697,0.0
56.2865711259102,66.19855388121236,0.0
65.59429860160547,65.82193148760744,0.0
63.530634578053856,73.22250046191888,0.0
52.19248786435585,81.47821757756536,0.0
62.08473687845017,72.06177468368082,0.0
50.14917863423094,66.15477489986976,0.0
56.43322516198791,74.38701300534908,0.0
49.40107695213819,74.01644221133259,0.0
60.39550267208292,76.0021013351026,0.0
60.23726003940628,56.713826123774965,0.0
57.934175391883876,62.87765761819767,0.0
61.777607945047556,67.90389201602085,0.0
63.411536313056644,71.88682299579828,0.0
53.517593530203825,72.71903004688664,0.0
57.99187462103474,70.01294937655511,0.0
54.95621432894401,74.75055018530554,0.0
71.26438640569361,73.31543388864864,0.0
67.0696512846397,76.16240532772264,0.0
57.48471085298391,76.09248262948265,0.0
62.34366640268223,73.42477167423374,0.0
56.7354933044149,62.74652651211069,0.0
60.56706940034225,66.37006525826304,0.0
61.46986126793057,71.71221800807155,0.0
67.26753439913084,70.63184405730567,0.0
58.72266677536336,63.410648080132724,0.0
57.89857472965952,78.02616569160047,0.0
63.56600138391329,77.38573346758841,0.0
58.68022136710091,77.17197016462478,0.0
51.33727361360617,74.31312069835816,0.0
60.17405540116236,71.21168160200196,0.0
55.69266815193595,67.21444568246626,0.0
65.54394145712334,76.24929353321659,0.0
67.41397037494221,69.63932357849545,0.0
60.50610620795957,72.38199541774014,0.0
57.3999777023126,69.97084414344106,0.0
63.341478387716734,69.14077638299585,0.0
67.45828919598446,72.34149558132746,0.0
55.10307405902889,76.79427231719454,0.0
69.29197970197839,68.43080204231147,0.0
59.77906173953984,72.6447361425295,0.0
59.86836714270174,68.74933090839113,0.0
60.37664304416913,66.65733562190069,0.0
112.49089679202316,34.67131759862152,1.0
57.66922837891545,64.71304160901012,0.0
65.51712892432451,62.46562129383789,0.0
64.10585938002373,71.24484162907872,0.0
60.28845362003053,71.87603567444611,0.0
56.77556967571633,75.19073801686378,0.0
61.92828979515002,64.50413982015999,0.0
111.38109776011262,25.278705733721896,1.0
62.93116278025433,68.65946655853001,0.0
66.69930288078774,73.72026994238055,0.0
61.052673851648095,73.85363861425765,0.0
90.62139036780667,36.21313736749087,1.0
57.689195375173334,72.9774722346817,0.0
65.56851146158968,67.69474315160514,0.0
55.277516899670985,67.78044294886534,0.0
64.56494743776821,68.76713109717218,0.0
54.92169184741713,66.32403840191554,0.0
67.55861624140442,67.99527842574071,0.0
55.8631399602759,71.10495754636894,0.0
66.62661082340236,70.31810941498073,0.0
57.55144744634096,77.63742641349911,0.0
51.23071230248357,66.34888754627315,0.0
47.299998989707234,64.1523535950798,0.0
105.09050884308607,20.577810148791098,1.0
63.623703102370065,72.94395318229826,0.0
61.62555358085205,77.30702917852943,0.0
63.52986009835871,64.33275812819532,0.0
60.04940989739545,66.45088762520959,0.0
59.0078108412038,76.53132700810032,0.0
66.01498132170525,70.12625324695145,0.0
58.80435613466295,74.89954603779803,0.0
53.15258869602733,67.77416184932287,0.0
53.065102416779574,63.17444667438959,0.0
59.20261197477399,73.0392711811094,0.0
60.52280779229275,70.5567457411053,0.0
72.30356186236955,74.1973267804668,0.0
59.826979292752085,66.03791274735639,0.0
56.27888197881382,80.92070463758571,0.0
62.07868231913978,63.64350225403963,0.0
62.316586385394785,77.1794352162215,0.0
58.70687429664577,77.33860908406773,0.0
57.23716526418073,71.95098726016202,0.0
57.86100898304575,61.963265498058895,0.0
62.8814658930731,72.58724225082246,0.0
66.13945752965301,79.49316753713364,0.0
49.215372524771176,65.24532365620372,0.0
110.56961486584017,32.33515852395408,1.0
55.30819808354765,79.21048887652313,0.0
65.52589232133572,65.58844550536942,0.0
60.65291116574684,76.15634880173693,0.0
55.529838269633856,67.47183657290319,0.0
63.908930399498814,68.23243614222503,0.0
56.55393405550138,76.98358794605547,0.0
62.72777132122186,65.1947739716385,0.0
61.092241359602056,66.36943565730053,0.0
62.084934907700266,73.6033962100105,0.0
56.925096168232095,71.18187560247677,0.0
60.76913451847024,62.16867821093106,0.0
55.92559379465585,65.99844587164337,0.0
56.37580406162912,68.00456290905369,0.0
61.68418146653733,65.0946188616061,0.0
62.79238613424429,62.700921389428714,0.0
59.50648476364102,68.62757182440679,0.0
62.887412237935905,62.789021605697535,0.0
65.51078371783564,69.47949607102775,0.0
55.3722765652442,64.62821109531603,0.0
52.1838458300703,80.82933856121595,0.0
63.55069024011774,68.70135695923456,0.0
61.62945919264262,77.80785796781822,0.0
53.78922892242037,67.39591796100544,0.0
59.06298075790875,78.29729457967797,0.0
58.60617671298715,68.25031161139194,0.0
57.97366584672091,77.65254895621355,0.0
52.05578692392169,69.44519439027664,0.0
58.60600540761778,68.54843372924971,0.0
49.543863428709955,72.67075864154884,0.0
64.87535706126243,71.22197114128899,0.0
63.749033706033636,73.30412806751262,0.0
54.148469737140644,75.26962838686875,0.0
65.3268323295491,78.51226258741613,0.0
63.18783619400224,71.49985028934321,0.0
115.51509910776488,37.90859509481973,1.0
49.56427598211644,71.82130426106808,0.0
48.06795925412614,71.2382237737593,0.0
97.94520029479125,34.2796836974709,1.0
49.491814324139085,59.37232890704385,0.0
71.73275756616204,67.9767531080577,0.0
57.37504471261595,72.93932670515996,0.0
63.7398418985527,67.06955443517082,0.0
52.574254248582484,72.45431607319408,0.0
52.07100989882269,66.6771333665133,0.0
65.52190350136851,68.28347417977221,0.0
59.99714094873602,76.33990777053,0.0
59.304163944849115,66.8937935280256,0.0
56.404704720332084,76.52631655729327,0.0
60.11592917681085,65.64471306013952,0.0
59.363702883429134,77.5291487786511,0.0
60.46553293376233,69.52658329093114,0.0
61.52434656991473,72.49872099810864,0.0
56.73008250465524,65.8347829874658,0.0
63.95967988795478,70.59728552152552,0.0
49.20779269520881,81.70998360424831,0.0
59.62935461590403,64.50519195822464,0.0
48.90126377697207,73.60328338234072,0.0
68.87202426245952,71.7252252798945,0.0
65.51702298016588,78.91390065301394,0.0
65.5821419930709,67.5405460436992,0.0
59.41786420664119,68.06179833136659,0.0
64.22989784365153,68.9607764019375,0.0
66.54704864302816,73.24283595618243,0.0
62.75566998195709,75.2509245746056,0.0
58.3936488471199,77.92341278954909,0.0
55.782735623390565,73.7819666192967,0.0
66.03274031818769,69.40256954117991,0.0
60.35620322354056,71.83175081737086,0.0
57.19497013042341,79.03954639114747,0.0
57.551404743947984,65.21816022089503,0.0
63.85086733280322,69.73894751699905,0.0
54.25314928802561,65.50029120653528,0.0
94.16091924219353,24.78393566812846,1.0
60.6680333270321,66.25572117050153,0.0
60.08912721911738,76.52735771792257,0.0
60.99998334738785,79.56572449521377,0.0
52.045551925804226,67.86278613030048,0.0
60.214055497262706,70.04829999850581,0.0
61.03149363034811,69.62377021347973,0.0
58.969022517555885,74.4780245639389,0.0
60.725823497672465,67.34485111270216,0.0
57.50617875287339,77.79636587158237,0.0
48.5623377491128,73.21646227667802,0.0
55.23916598419923,71.36853629203202,0.0
61.194978334727274,68.39624918570556,0.0
57.797797813444376,71.77303827342199,0.0
69.32867575991425,70.96371932828215,0.0
60.3472719399973,72.73214974925614,0.0
54.54446942080622,67.55988896472141,0.0
65.56418527991113,69.76725755344359,0.0
61.035870415749834,70.0822628525551,0.0
61.85955202401677,67.6959351226214,0.0
53.726490485104826,74.862884695649,0.0
53.392733491603074,66.7448225874849,0.0
74.61806924707389,64.00488223614285,0.0
56.27268275653311,61.77143810025325,0.0
65.51281641022277,73.06954097328614,0.0
58.337887861567516,68.08207595916221,0.0
53.489171052898776,67.06405663595956,0.0
57.0488070176168,68.27591984580039,0.0
61.20529091749048,72.93118052878549,0.0
67.67499122956653,69.01711239825406,0.0
55.751473893676305,75.07670439477529,0.0
54.28776010747911,66.23967938766718,0.0
63.519862820762185,68.82056135631846,0.0
114.10061148277163,39.25265557340201,1.0
53.919594361457214,71.94013466179624,0.0
65.63510647920201,68.13768858592854,0.0
60.375516141839945,82.61133264318033,0.0
59.66786870436466,75.16068652843575,0.0
