reservoir_level,rainfall_forecast,population_demand,shortage_probability
77.64614687177414,27.953349300139266,862.0173916621329,15.978913936209054
89.05578826135181,4.454640759017663,1043.615760198218,20.686726075004806
50.11271051070426,7.935049572128791,711.1867021751139,39.05497829059185
52.514475959111905,45.02583452959929,863.5479112061096,25.007388432237406
80.96537624353903,24.654330601533314,1132.9927939740255,11.450084177542058
89.00559106570043,8.519038329470558,952.2117655761203,26.852138432274792
65.41329306725845,12.326899374806853,969.408666008849,38.08226389714744
78.89957756832125,6.650585665848415,984.8773304372351,34.68869929631132
18.78720112175496,2.027979658653816,1036.8924138248426,58.3619637649489
75.64401241845698,0.5886053735140746,1114.896908522657,24.93252751599949
91.27697396689672,6.216167543717114,856.4782538302808,7.532361260186811
40.541614082324344,7.318679450424311,960.1810120514886,36.37927286199617
11.317058031482144,13.731909533215747,1035.3483802904643,55.89327066061602
98.97848810623,39.15097053203312,997.8023884274066,0.0
95.87650456904339,25.490266785760877,1030.8652621426843,18.801895589335977
46.79629782355485,23.92383415326435,822.8745906092587,31.87171204429403
55.47693753380787,19.543498542041288,1134.3878367293132,38.07001558100202
36.179033396422795,0.10955949374966012,1132.7571195367566,54.66350319967485
76.52100383195427,7.735105842255899,987.637680506459,32.19621398247249
22.128498631577763,3.1978456301968845,876.2210113016033,58.1005743901051
97.50011874014233,1.0640687869426464,1042.8621983041053,24.40184930551272
31.03414804953455,6.595703381787241,1025.7150860419897,55.44336494091128
15.551313643842432,6.048307814071323,931.2425374364235,67.66601103390693
33.71291678940962,25.763295258074212,1038.4115850232022,36.75368900509047
34.88380161863112,41.04513657813308,919.2221093858652,34.05639804739527
54.18139183297711,30.000551473562368,920.3944537877792,28.76420309978777
85.36982122496366,5.848439346816157,1045.0788763986127,28.764422919638207
78.4043572480132,59.6293940735477,1031.617721858487,1.6132608969123683
75.85761820457665,3.6797008430665064,1195.3903221299895,34.17680811847643
56.93613282268879,19.154780315242242,874.6200621129643,24.603615519225507
39.402204526996144,20.587654592413205,915.7745014081502,36.982346366485565
91.1662304710637,1.470563876736727,893.5177228690536,23.219928390028713
87.4155577830769,18.774462301102105,1060.2619337079705,15.40053036030151
17.716766314909137,14.471333381091139,916.3221150852995,42.3978069031191
93.36272246385852,3.068049177229541,941.176953317893,20.494697658632646
62.94337732214921,6.871590675563907,774.9583555128326,25.198560618353618
37.12932441150352,26.62435734634128,1023.9162198947762,40.07411038733151
37.45013782627687,38.11367757079133,1147.2147012003752,29.70947870963561
88.34522128293054,25.6122572153474,819.6279457617231,11.730705954327691
74.69997160845263,25.771861651803512,945.0328899012268,27.056171079721178
89.4593582949448,11.129602294656511,929.5927877955173,15.03521870265444
26.97653238763381,21.34179542874837,991.9283081936244,43.169194730827975
72.45340274463318,0.4512179082922348,1013.835776534818,30.594602577158106
48.827256168171964,26.481919044469723,1187.358637861743,35.87884930254616
42.01894475760127,7.495457555309878,926.5248238898423,31.808336633168338
47.26264398299905,8.70094580277669,1020.2199654451063,46.92597860726126
79.11143562939635,11.433566830605077,939.8551397824492,22.23024373881422
72.13618572415669,22.85667164745858,906.2128679924533,15.499721796748243
33.940790722811556,30.55729203839388,1064.9602120131588,40.21128877006266
76.75498463401145,19.659217266306,911.5454399410442,14.112067001517557
75.84069317978924,13.66017228837171,875.9919725483171,22.690212201017264
32.91674290001082,7.145238493424788,1100.5603253176116,45.78223646865294
85.69001235048991,28.66284329523717,965.1181820811637,11.271269782101337
44.24976228963248,5.531827736085448,1096.7722893599853,45.33879589893107
86.65110389274942,48.63665323773947,1055.977958553144,3.4786903595404373
55.13437977375049,19.355722795567868,1054.922527978286,29.438980160556774
97.70477245267723,6.154104483143238,1102.9607046694068,22.90427047744669
40.318535385041955,5.715298793838058,977.06306121343,49.72988423284167
52.907724614556074,2.345696676274684,980.4374704494601,40.611202798655945
42.954911613901935,36.51587369322898,960.3279012799213,33.04422186811754
11.643202211840883,37.386224419472654,954.1253861157395,39.22599785611786
18.32940263436385,4.95825339978915,983.0210990540234,57.51853567984438
83.66911682332584,29.013633997136914,1023.214505279462,7.609958529779715
17.45345811003501,58.56479761042584,857.3572182414391,28.911671648776206
73.48832723742322,8.971283401171881,977.6654724063526,20.715539771314653
24.626439326811052,3.8249825150148102,982.3994348741578,63.59212761792409
16.930626448083924,1.8809744530207844,961.856053656273,60.34430795644938
71.78023900033689,0.4330586032256091,977.5860430950422,29.287748285002245
23.72093679168635,41.37472505952693,902.9009680056673,43.124323784764144
89.17640506304323,30.855531963122864,1010.9208482342788,11.866854649612847
99.91188921796427,4.8916727819750765,1032.4137158986578,10.6230718764726
22.795129275236384,27.018073698782306,1099.3318494863784,49.00133819105451
44.26006757082879,52.830557828406405,1083.217935106292,27.747445892165587
22.521192181262506,31.53826449336007,848.6156483231946,41.16261181534273
41.995587857305566,4.442930166835024,1015.2163202054072,45.71178995203648
93.6123543817511,5.644814013014348,1051.1346620473983,10.983517392497932
45.012013632495474,4.192653486836063,812.8860268163181,38.27225759149212
37.805977834759446,4.930651898102098,1018.9456915776578,60.024364135754844
66.52644424631195,23.466711391176275,1197.2292331226095,23.749004639104825
22.405863925997604,56.123403015575555,1044.9694373849,29.910769119892876
64.42205769700584,16.032708537302845,1052.6609520218647,32.54245461310961
70.19706756420837,20.045785234616513,955.1570895434124,23.188917435118398
14.698922357320344,11.576460172781845,1194.0530782989672,65.07112515118408
88.476621692619,2.36967059738813,847.309052739103,14.506901131845613
15.610445456189407,5.6936137042829,850.8628084270333,52.39774260868533
99.30322229345083,6.775803204398929,1017.215985872974,27.03899480852396
79.10479842424918,2.520602476064616,1042.3911921224137,31.637689655186314
42.119434616511334,27.150912436882777,1203.13745730318,34.293178605244556
30.489769006162774,3.07673660353949,1007.8635095389698,46.02254328456528
21.94479672817927,0.37343802912991064,1006.0352328126132,56.30302994542127
24.313755892797687,20.53730814532078,940.0038936104164,44.64496464007718
83.06822760535684,6.059817280128864,894.7058797481527,27.769222094081186
94.27059759794956,34.4245641785052,1324.4811587663016,15.831567236992239
95.7679798798855,1.570622737846643,890.2684361268979,10.30552118145166
25.45982103333119,9.586006828273005,999.8646704110226,53.028027751570065
91.58716416733998,91.30492013089197,967.4405003338152,5.044769137459747
29.63499829835194,34.9544791382535,1018.9386888146391,27.40261678881756
97.26817694595272,1.3973066219783261,1061.0531888204948,23.606148183980146
28.023451627835076,11.421705256058024,928.1486794111934,41.478224639697615
29.807849464299494,44.12150511554126,798.2326104943481,21.359768023055942
36.58719031035248,5.832274463233405,1099.186788795078,47.425743296659185
80.97977927172283,2.3342227671021036,930.0768715566196,27.71187235598036
11.150333155691733,2.745763766235605,1110.9251419507168,60.634736970951785
80.5134408766496,18.054286464226166,1077.1353384571507,21.74997238959442
91.09375546362061,9.249749466465442,941.905445289156,19.6947930513672
48.13018192450524,15.476658440411278,1095.758858860815,43.82950366471384
58.20976097345797,14.90600785841435,1083.4065401103976,31.31429718647064
28.70200164683128,61.59990196023064,1140.2817478412783,24.909402046458215
39.77164271218709,15.384599031037334,875.1876954033165,43.67940169943691
41.736408464249934,5.3369940233117035,808.0674849347753,45.618086945549706
85.52824662355825,4.208615706156058,1010.2639170436792,28.71299481377493
59.22443479243209,3.9606269393468447,921.0175740695734,32.88046171542502
65.63868838815229,1.0128309468744003,907.7295530117713,33.162466269121694
48.95929952930715,27.716486252098065,1069.7304408031189,29.716517491769267
59.01473455312923,0.7626176723451719,1170.304419734821,38.80575744995261
76.96967947641537,0.23352923971768325,1040.7670377516263,34.18917939818588
59.63884966495543,8.396029367698192,911.4973063728393,33.23782615714856
54.62958439327224,2.193107378026508,953.7711466987333,45.96466403830546
96.8507399248914,23.59423404901368,1127.06137890834,11.179307014679337
99.23274802502993,24.5827452537678,929.2295858558051,5.155794475697727
20.292397908456365,12.305106921373113,861.5000967513545,50.36505817495596
74.37552142103476,2.052979533809669,1032.1448139675997,42.36007002597084
72.96943094551963,7.418409180885456,773.787730891715,17.262956623453526
80.16437866241836,7.818177060561276,1004.2843515859141,29.382137578602116
81.65909708243832,6.92909246077482,957.9517098779114,28.16802431669593
90.77940078260183,7.665243069082058,1053.5770503220135,24.804943307980142
38.579991808416324,14.092512485384278,1020.611304902935,42.990311152338535
54.50543214675016,21.99004026958549,960.9176353682675,31.3785219195348
12.932541565654734,40.363554227454216,1063.3021099304137,39.98488785587165
74.856984660395,6.724215239093095,1053.3898344309418,36.26198110704974
83.07960927347831,20.441505435546162,907.8893926667342,14.993106268272847
57.59090251613216,10.855405668610048,1070.344845558275,40.601857560456
27.902410126127734,47.44697036303088,967.7191357686102,37.268760389039194
57.72572590518462,0.36693235791002543,764.340982323318,38.56821810767766
67.57606489347526,4.156423446580535,1055.7652203071855,37.21434057176303
91.9077392209533,16.63327397896761,1004.33190644887,13.842716876506316
84.20748340127136,49.35608559593843,1126.990095994498,7.069117924069749
59.10784371506501,9.678763230386709,960.5621776525902,34.151351506177605
42.853807287414526,1.530071674087717,1052.0784897254175,36.90876695325946
10.475261936347316,2.3698575599036262,1033.9841112854347,65.31551473491947
95.53800550934854,2.82161732996142,1049.2500664695824,19.21345840248678
34.712008265895534,18.74091335389832,979.1419073001791,47.67727835207789
79.64866302566367,36.625860923410926,1049.4112141392372,17.460536588977178
31.943471382144146,2.9588205852914546,968.0735900354146,69.24722145022155
64.05681828220202,8.664377058699335,953.923469919367,37.61870208043998
41.09432467909858,8.390405480608896,912.2540111331031,47.305309255014016
42.23639693651621,62.836918360050305,960.161590474866,17.842868685851947
15.845038763683746,0.09700710992040941,990.1922691286206,59.16572318633238
96.31300849653152,3.855266936807164,1011.5074128802538,23.925705610097523
70.43908198560258,4.504202298859583,1166.5219290014038,40.246920009455685
38.314773791638025,2.796634345280391,1009.5623464134862,51.20068768633625
81.63048071044149,9.74474902557892,940.6573009034333,19.57672150159133
40.759878359944324,0.6337062166757679,997.2305104162186,52.92993466095791
70.36755689441729,0.13557681459494175,1169.6734428128498,40.78037932555128
19.958366201083997,5.287362261723397,1139.025222910117,55.4413668483252
84.74062537843587,10.698723176516717,1212.2565063513857,36.283885573178814
33.3599487410263,2.4229533458114156,1003.2985265498783,43.58162776988131
18.535900861666534,7.714863962600583,1117.8022823913261,60.035463846756436
23.52451477383213,7.686377687390324,991.0671711460136,52.833823493486804
78.6283654647234,2.8596524583619134,1076.5167470493896,31.973044516026686
21.465275367787882,65.8457445688422,917.6623822200069,26.771976304898
43.71870283174994,23.442516541207414,991.7346583871165,35.380318285796335
79.33424438405376,0.7639858774119617,924.0254169318798,37.59828826827972
68.17100655851908,14.641304519801208,989.9340435352426,24.734963083928882
38.54321210249237,8.375497944305275,905.7002296660744,42.31817333409593
93.16777437584464,24.011447374477175,1081.7933936699028,7.652542472784399
47.44486295718517,9.957270557890913,781.035951555139,41.395559859352055
80.80471982756772,60.01849632506597,916.6753088113163,0.0
15.699376741779028,5.722615217406979,933.1981540225548,53.64789533659185
98.56047575919634,23.50950077297265,970.8573562677568,7.135079221881476
10.475726280703082,1.8157936742366947,1095.1068912190333,69.81041682869778
87.30090506222577,31.278209352174088,966.336159179329,11.335033647807355
58.28474781985564,2.655344921523311,996.7008561796697,42.67943576818145
40.3039783927303,0.0734664353055467,1230.167421711708,62.10294497010474
30.393301676775785,4.724743652919074,1029.938459777531,57.96174081284949
18.160471686629904,17.25856808255617,1071.856531379233,53.52032127473764
61.12966974094583,15.619629419381111,1100.0333753120308,29.451281709036664
69.35516725658039,5.167529540642268,1065.5935762219767,28.92971582474601
56.15365916550109,7.904898639087257,761.2215500389458,27.274813070260294
52.21868239904583,0.028207961923550958,691.7202081321714,40.07048154364501
42.39822119143877,11.100605432355435,1003.0892742861514,50.706669674564395
94.71466971489166,10.145727079353257,1100.9907753960508,27.87943309604737
34.65339873679504,7.7409255479321075,1008.9811909853028,55.387172836449714
78.39452083624153,8.337419103172058,1013.0025514211345,23.10068329966094
94.41500930073887,4.75835487170298,894.1593061805244,16.452918245225955
51.962987269571805,15.453729061649712,888.1376281347221,35.498755997507565
25.50843179459057,1.0079306896751723,978.0537770585803,59.823671747954116
28.97034369284303,17.742078385279374,1122.038136657286,47.93384825070464
35.7596284901256,4.703389816305997,971.6918347384956,55.768775313872865
83.4491736673217,22.42884007078725,1111.6480958028574,18.46842028742333
94.89186187347816,6.946973503917187,1124.3737832084853,32.99024473348245
19.18900443517844,2.552133369683004,890.8715480525353,49.68723392052023
87.75300261298513,2.086902794946451,878.5444460405358,22.308472972617448
87.05522769641632,5.966231402786137,1085.5084642828867,20.8134374049769
89.71980183454491,5.209901703669216,980.5791044183522,21.0232799001581
28.680652764027204,2.0200769119460436,959.0243291347277,55.11548834406624
12.993501869582495,30.550356653889814,1094.1236044198727,45.58522771575926
65.16908671480023,7.3600762284068555,954.7545763460633,43.591798371484515
28.532276909128072,19.18815197407302,989.1771932142528,46.80911760187729
90.76458173071865,16.386323103565147,956.9802048849655,17.80488507378383
83.66906985575464,10.913319140082544,1065.0724762288633,21.13135258824528
56.471873181440856,9.299299260871763,988.1409277383517,37.367863882368184
36.28985933695426,42.92080497270618,1017.3837446833262,37.681612344139936
84.06176018110061,4.765981888556645,764.5094065940424,26.62920038963329
51.37385410581095,26.285605343385086,912.0363376142143,27.980156889343547
83.14541551581598,2.5246244935083006,941.4179755878869,24.789105766850195
37.981840773017055,48.51267255369011,1037.807306462329,22.020406945210915
57.317766299171176,5.943004603748961,932.3126352337364,27.677106995170423
69.04742430426431,21.510112817973994,1048.1861115780055,27.249817809420115
60.4445008929011,7.990877740972852,881.5714315042978,33.97273317352777
93.05512958383325,9.332358645556095,1118.599047373266,20.33552549144867
42.33425446781861,10.34083728985306,1034.234683210708,37.84639775975337
62.73705348124422,7.714173467642375,938.5242621385657,27.034511342120265
63.38280677913898,10.038363824070013,843.8875105379233,38.55131071019163
63.640511566681326,3.1873677975317496,862.2874852482039,36.12782546708382
88.34902196588834,1.976822113463358,991.3580581867496,24.299750858331958
54.570623981003486,57.55159009578253,1150.1374008050886,19.495157109131263
21.896509050809442,3.9564053777440433,1072.1714739365782,57.269987661309244
76.52561534976279,0.2205688054504975,1083.6541032331081,29.781936526950982
61.189321362753184,18.493519836085188,1052.56249385536,34.02392229125497
92.77646763294267,15.14158502873938,885.7598625288975,24.294759964708156
35.92670015270302,33.00091480589103,911.8986797225186,28.147795705281602
38.03751252483086,24.138493581419688,1121.8776264735698,45.17310326617351
87.66339910785396,9.881765091164786,958.581572477427,16.82356254198544
28.0549875405925,12.659351694234351,787.5290164235681,43.5873310901476
75.57520550965911,11.863815720102576,1018.4828343762539,20.36383533848007
14.686091083983069,23.25182170917357,880.2359656595336,52.12834164575921
56.40512234780812,12.889571737032595,1083.866762469008,34.803482161096326
25.728743652869074,23.3003775637404,934.0755968871127,46.77452433219649
62.609906272431985,1.9663713569697536,1013.55858011395,39.545020195086884
36.848247804614694,0.08109026794983708,951.2877356912026,55.329417465217915
91.51961804574604,26.057213846948574,1156.9091829094696,19.534831224827112
96.17932087375702,1.7261654096998518,1081.3293316834229,29.31882993249112
22.635609937655584,2.173961867234379,1048.9824399829702,60.879869978373016
62.472530372039124,20.212078720550387,917.3997171219902,24.69474282473575
29.269635945835667,3.802921267426773,942.5133088597607,49.80213352310934
60.316346393332374,3.134756480098353,983.1413479268755,39.541925305959566
94.23777408744093,9.533172352053064,822.1715385784114,9.253208789417057
33.285493532826706,0.4978664588777321,1015.1124168341632,55.339171942337764
49.12835675923025,11.896324965660561,1083.554412540232,38.16230139972227
42.809583315018465,20.849983783392176,949.5733949350035,36.98612046508004
85.87327384374409,3.820122253791814,901.128818181504,19.938585907091557
98.89763742239171,5.281039962193558,1015.6297742668708,24.575086646202124
83.38764793871093,0.9340168500351167,1085.0882098738052,29.406632288326946
28.812211690403345,18.27154410257834,849.4756422600532,42.837188897894286
66.10255155938003,6.061478905292199,1168.6900848523032,31.96105704596015
81.04371787001324,5.541936761779076,1113.0395331555912,27.402163649583343
22.355749150964016,5.914268990508105,912.7674153148394,61.41042781133767
72.28483000447821,3.0328746369016986,951.0827700638874,37.32941189849862
31.412060277383762,0.7275587340024817,1138.961226054481,49.48201890656163
53.38954827826137,24.64735356324751,1070.374333286356,30.025696149773065
57.341169753286856,0.25038824315756775,1162.2383036897347,45.20223094436183
91.56713156278283,31.7297895904589,966.3248855009028,0.0
10.784147880425795,8.525470864590927,1099.8833102109772,60.58300407532673
45.3226473262486,5.2828987860150365,979.8401483113856,40.96984883124974
69.22714805894056,16.029380989201115,974.8932841946336,32.39265215949847
88.13499910453716,13.199479503062237,931.6406803559033,22.07330296450424
79.37394215707022,31.048768777607005,825.4696186206713,8.214389114885485
54.88669986340288,10.114308968030628,1011.699176635534,34.049869845573326
82.70046263698563,4.475684860426636,1098.432333085596,39.12644007395477
37.23699364311176,22.846496128808713,1032.051398753349,46.11371618074629
33.51887361468786,13.629989760147792,1102.8998926554827,42.56932017589115
17.49035902489813,0.20661130081255857,949.007063987456,65.16547505270512
22.2245581609302,1.3368282722875842,937.3265081001498,57.48778391662432
42.044803650269806,7.5531984119647575,1000.775895384683,49.561720643143964
89.31407545711204,22.146397539748886,950.0801017117154,16.946888928532697
80.83199342505141,50.07675198177628,991.6973162286805,18.215931180090838
18.662689551320597,8.184313155732884,1175.336683119185,52.16023855274889
38.62308247448935,52.9628464525634,1081.5396447894234,27.803716644485164
37.501013771668624,35.11777858256026,1053.415218887939,34.69617116722166
21.102917341370826,17.82497234878505,925.6560496944122,46.77574754337535
63.99886551141681,3.3729609687170847,1005.0219368568561,28.18962901376213
73.39499989706289,1.5019651240472798,937.0277882863834,31.547068859831114
43.74856563422771,18.948883492151417,1036.8687815418216,36.593028234644194
25.186237396225483,6.463534721731644,1090.133926142,52.663731914432084
13.46140485335662,29.440128496919847,1056.813320958899,49.006094781151226
13.223033688125831,1.2895804232757155,771.925441801525,58.69221822178598
50.515680147937196,5.962805853227921,929.8369632112413,36.31712862339801
86.84328693991232,5.722751979001625,1138.942375291637,23.768389225344766
24.779628636548146,8.856294186641543,871.6483163237187,55.687352346915134
44.82506857340073,18.45543151847916,1024.0378558105033,42.70884595892171
62.97288415394994,14.940446572671508,1032.2385089983095,36.01783994896488
51.10226565603647,31.74720129222511,812.7568199041839,21.69373619175117
53.375743007029335,69.56120696493682,1067.329993442282,5.852076214587809
77.52979832802838,5.034800556673766,1116.0632162656316,38.4706506013129
28.327032228679386,25.96621772221236,1182.6546725689816,43.25302361697433
80.39366829618933,45.61262510154761,970.133012216934,7.850235078491748
74.2337856113072,11.684609127968375,1053.4790905974487,25.623030679152876
18.792077132097923,2.7779212549621373,982.6982008816803,46.656277879827584
69.7972370924165,7.097703814890793,993.9027258567329,27.146711077141646
37.693627010164455,29.495224591899163,940.1951563351176,24.983618038355864
17.139194904089642,4.031072692825458,884.8646161368922,55.27719239174538
19.919109462838886,2.7281914413237427,935.0526442127921,63.81046167266682
15.628118308363046,52.51904486409629,1082.3343141804614,37.073394756761864
87.14560477308892,2.192145369490172,1082.4706678953148,28.12533566457423
79.48934258345847,45.18101025053557,928.1261422135134,0.0
42.04468612830795,32.32519133711151,1084.3120457908976,35.03519582480477
45.116772487072765,17.972404828981915,958.8527272994301,47.527728208435036
34.61011484673787,15.161908535494469,980.180973973449,46.97267476041044
33.30973718525189,7.243103929232944,959.4312134616429,43.383620273935264
77.1280985816552,6.551343504690788,981.6120831538333,33.33789266190604
84.16014697730475,1.911824129815908,1125.7991870621818,34.44535377215952
23.94015107550717,3.983132529963024,1046.1854753457294,62.35684996102127
85.83856492226263,11.707150089250716,1017.8767933095969,11.861181995670792
20.153489056323657,14.362512328764007,967.4483397251356,62.3895539409839
92.41375618630164,2.674879256439793,796.0879964834724,12.380182205328163
37.475924498772244,5.485537631946943,864.478390754457,40.555287164213894
90.75638314891293,5.634572155255109,1141.6359835846301,25.848004144292247
93.71960193169798,2.3379874457680585,1197.5629983283948,26.007204584050978
85.26602638227828,33.90127517653362,973.1645372064794,6.777517951505793
61.152900755810364,5.7404956507137435,1072.004897224475,33.34985812306356
32.08905082595061,7.152423404510686,1075.0965981681604,59.7201528030195
78.05440446476867,2.069736186835936,863.1434249248471,27.447519013790906
82.87954522931113,16.773629625690976,952.9566472952025,11.805914539634772
45.287662825281885,63.70280701280897,762.6065286849248,15.083609582500896
26.931651766577946,2.572414158630477,837.7958777810115,48.123440113002694
77.66256191961234,27.944351115587565,1005.0034790602407,18.439535072639277
39.41310152489997,2.2194965799322652,1051.3411838613185,51.44183975494419
97.39189135737169,2.471410791770315,1148.7013786171206,15.11081050305842
52.417298770273575,1.2716310980705576,956.4620559420897,38.028088229151976
28.57024907165898,6.110887313648503,1100.5659137912269,60.52357716909842
94.82411303093959,14.925944918072677,1058.9239473731673,12.990622459596727
13.660084760036177,4.1813643825041416,992.678731489401,64.25897230313866
77.37889114251239,1.0030793068547992,1097.6308827336218,27.80716365299249
80.4209500935355,77.38041916685366,949.8147075575619,0.0
88.4349154923209,8.042720267068079,1145.2303068128952,30.086150588464967
53.15212246799805,6.165024527971399,1031.4932014845365,40.586957981815
28.140804900465312,47.735152312683994,1063.5753524047786,31.916918149405948
98.0263547737299,1.772616319761878,896.6281284709967,24.405709108384055
19.5426467167687,2.9604758668483315,1076.8865911561495,56.880012135542344
31.199483504850548,14.678093449273321,963.9243069456342,42.63247400799259
80.15814648998254,7.831883311358755,796.5978671072364,22.500064513282613
92.34661424465185,11.562534150247274,1083.614571109893,12.259368986667578
95.54606011051605,17.802367707089413,952.355010663934,13.911834494340786
64.26519219402655,9.441894147228377,892.134454982698,31.245099238106622
71.78683728737514,20.63874416516381,1228.4219598374696,42.98434853239243
36.91191625562606,20.701786377184366,1001.0338628127039,34.99123362417188
77.11285507812218,11.552655490892054,1058.7382223522463,23.277998005942024
49.955094949348386,23.595203716805795,980.2735478228478,37.63462092360133
31.221999763536374,6.480479881282204,1004.3256198103186,57.363170843069
31.994997779001633,21.987484412127603,930.8598356138832,35.426318783645485
82.1152427805896,22.94615825524437,1004.2336989262375,9.985555377251348
70.89469172351248,25.87554766526107,947.6808581061644,16.796957796579154
14.91328546826431,1.9660559190337181,1119.611197174124,60.74064886289575
34.07530198425535,50.20156081834969,915.3823517853439,28.89524237046924
92.40325703698363,21.979887979305822,1037.6357943225746,19.591762693229935
83.37330416353082,30.2712592009468,1036.2664369518316,12.931869896564933
78.13748234365222,2.635206780516775,1017.6205447916834,24.63675130976639
85.26831872283938,9.205942277454621,985.0875865590649,16.146673587755483
80.62248859736977,25.978619849549823,769.0904901966001,9.342736254324452
72.02092047024988,53.100709334913134,1160.019959274214,5.446559703121282
91.39857088577011,5.06396181392023,987.8767665134905,15.1406710581931
88.28239883138866,7.140527788695192,1044.3826094480125,25.250028817473098
10.141313060838577,26.173002351829968,1013.2429210668674,57.019900671954716
61.22401265975739,20.342132175086185,1107.052721791862,33.274081207619865
99.02522416765821,15.347583831605267,1106.7405050801758,11.311770274962418
94.87776089109015,18.08830615683815,1001.7124079203282,12.495783025312248
67.71553289285748,3.569261113550551,920.7884574202056,29.99455752882269
66.45116841186537,17.90855930181125,887.8316373030077,24.732409622624186
15.625968876499261,6.316830778916056,1039.4458409368408,59.36480383573911
73.33741777454067,0.02205501741624263,1074.036113222886,32.63776408639952
40.64629089609574,28.710909789596197,1176.68432823084,35.65442516463056
69.3386044887437,3.518011899342001,928.0136517372068,41.84431129946888
28.065145915949405,53.53852410106269,921.6518139343605,24.13758052772976
23.825459113607202,1.8951511960383767,1036.664505587427,61.284953513719564
74.06324368309058,1.6345545097967942,904.6571025174071,31.97354144684907
93.43794913204647,7.180860558262849,936.3562978920952,19.32408810471816
76.90773014936944,36.64313801984043,1125.0092645796326,10.323672334614251
30.502958730383003,12.2946285285641,1031.6648368335334,46.27463513204916
66.9513216309175,12.644405767455307,1095.0909649678472,29.824197660127265
78.80787720248576,13.420353847421607,1169.807356232564,19.62346170493842
59.39835056648585,12.409097209345717,1058.629915949876,31.11936327400602
90.66474505059278,12.106209197933987,950.7938186784608,24.491248164121185
23.607023541921556,20.38525317764931,971.6483772149722,48.764314135089904
52.13863222344846,7.448251673640404,1011.0483528282866,32.626757029320885
95.52162660927998,5.5248869508097265,1022.2426782064293,18.72130736455378
74.00540590117271,30.260144431510835,804.0421862372654,20.63212128651982
58.849846979243964,10.927870412871124,912.8579416324802,27.697883755064503
61.03695140034658,27.192984554006937,965.8642748082909,26.444266284249828
81.49331918053207,5.573476155609274,1062.2420952777118,34.31582623817406
62.326572951190784,28.425612815587098,770.533133146561,15.427568035528408
59.14439637415176,23.242793849069084,1093.7970290643234,26.048249885839034
11.721671581950165,48.62370765248403,841.7645043225344,27.957882741264967
49.7191966712276,3.3131832295377825,852.0541920955357,36.82250301316702
43.43875089993202,13.144513584753632,1127.6381321304598,41.07571827149623
38.98454009538693,19.86646720869919,975.796516143752,41.08088106694698
18.206242293628854,3.345552074686737,1027.7765945470078,59.32189856885108
49.496104140067736,2.5960470606376016,1222.555228465061,51.57916675450503
35.5162304755248,3.874773965210494,1053.5128986860302,58.12649228652909
65.63232964979514,13.231996654018333,899.1987798347485,26.06098775336474
32.377148821948865,1.2233507845417153,1016.6806505814671,53.075533258798465
93.98789478225626,3.228824905647875,1046.5825437794076,19.64637506084177
73.39307584851213,29.1082642754054,973.1507736150262,21.032658786268158
38.91558178736524,11.157935761187137,1034.9049700184544,46.776623587514045
66.74239338408002,1.3731672791182004,981.2077977004186,31.04901558935936
27.45288671679852,19.918448464160498,784.1473448290393,47.11714236855224
80.77805043694391,1.413940445524501,1090.0908819668043,37.200504239459676
40.26568406173638,41.23175402395199,906.2490268231859,27.469378561590787
27.733912363070907,21.25909497495364,899.3199597695809,45.01823056407711
43.52881490610384,5.3218566566913275,856.7821157438585,45.5142295721448
84.57155283241534,18.27672702647635,1170.9606872909376,23.741041366057598
49.200043850747015,3.933622609485689,881.9766789605599,43.81747850709443
61.01907216493223,17.85373576447999,949.015575239993,32.813026143158865
51.30592087867453,8.18782136120175,886.6212638598682,46.65686532051765
51.76822030474287,11.095895669757747,1033.3462191724698,37.855737727801056
86.12740313625577,2.637275731920668,1048.400780291179,19.980283168632077
70.71294400459479,5.217235773246476,877.0941637218865,28.922525606214496
77.22082790297347,7.997069262374489,1213.1223850774604,36.582496938027674
16.18674345862626,6.006457208320697,988.8772400185308,56.054421556772105
49.17457009416887,0.03387644166945978,912.5249561186039,41.019326848665465
83.52720694983704,51.08179150370801,980.6461650966248,0.0
57.16083763674619,12.200233040810227,1013.218849897936,41.13754043220866
78.19589414887534,16.71141695020099,1243.699510581896,29.751395137909103
82.57722556900733,9.632269681499444,1009.5031338376374,26.913273604129937
46.83148186025313,54.95829617256775,1035.912676399367,23.960657462488815
41.24225137254152,58.322986972385976,969.3095584910146,17.436686318354116
98.012761093249,5.346905346868819,982.8319848177756,11.6287435625188
74.77967969212577,12.066657633776556,1004.8822680811147,28.03850092900707
13.453268506031668,2.516237591293349,919.3629274185338,55.1161128127487
18.02991600536604,11.143266547090095,1036.629697348253,58.507762982141564
26.63382235060269,1.4921292328439046,971.0524291095937,52.275987867773935
55.89201606121226,10.662439640887214,1086.953559742644,45.12994804886887
43.17203808527129,26.831164815812517,983.1364924755359,30.069045317207202
81.67186517619167,16.24732282871119,1071.5604596165228,25.685191703789386
89.37582743728909,5.170418502046879,833.2862859683124,17.389906499966354
77.42336359118737,36.07319266183506,1158.8480610025133,16.680429981031878
66.05260363078186,17.507178974136984,934.4602645600025,32.750627710525805
97.3491937365934,75.47469559191042,786.6796915082941,0.45058894823142515
35.72922824602879,0.669245656298211,1098.3806806773566,52.88740491666182
21.029721885845014,0.9939785503014152,1075.2466064389093,62.49971454077999
98.72577149028892,5.197433280889463,1045.7764474154765,22.48438423154855
35.43101642084541,10.429349553955737,956.9494992427213,48.00377297883895
13.899912542913578,2.985763245312594,1061.2179450044341,69.6647494740779
86.16942907979958,0.4380221701162442,1029.036109479728,26.06500865842696
96.72370588887085,0.8274065367751063,1007.3789183376851,19.906635999185923
13.740568913193217,6.294923450251426,934.0888558533936,52.58253971673609
59.478113482752185,5.227596510384978,986.8572752171226,36.5172399957057
94.6725952610006,10.85320840847968,934.6689142643829,29.262602806314177
45.27699752667054,2.132683338133472,968.8235520735484,40.00843155572108
22.329911740197524,12.637962193568399,872.0819459241977,56.390713783522116
16.53816738498002,10.732174739197605,798.3908930277709,51.15546819506259
71.09480326853216,21.208373958226016,1253.5076735132157,26.07153513020105
46.398261252937225,6.857777064093716,1100.9901537103096,50.30105829943832
52.00895175297505,4.779144780926357,841.4802183663035,39.1952465653143
15.87223852498872,11.815550598591306,970.3217124872536,53.87079649086082
67.04670277265771,63.88656845583304,1071.0437376418786,3.678458051215846
86.49537990451708,7.369765648856626,1178.633359409676,32.5196571231257
47.411300708561825,17.65972938197656,1025.661729221939,31.808403034081294
23.99669734914915,11.461313023233872,1041.811944947303,49.70068114308677
94.89442282145244,15.140376315488735,920.4716690245477,6.314784867500131
86.40298797457105,3.968181208626928,941.1274762688365,28.511118593520543
64.93892909432816,1.4725364174698043,984.1811225400107,39.12665822306247
11.391287834515381,8.093981114898254,1006.629702997827,55.4452849048333
32.67769708500349,12.65066279488399,1076.3640096542144,56.78966530860285
83.86480970667213,8.773793243071463,1185.0641479942838,25.263732739253985
87.33865916188648,24.966448532469364,941.0352048628473,11.44160790754174
10.617300173879547,19.646948746599264,982.9603753190597,58.29156961543551
67.23631170668803,7.777278084067083,971.7068667168428,30.81307558220549
98.1972163051787,5.214308422463994,1048.4337646101128,20.28205942049393
16.797909968963594,35.385006960187745,1146.1128741000614,50.86832337724699
45.35114040864363,3.0510340381730368,946.5501981798545,37.62095791519981
23.098319470870404,24.634802593820968,953.6642066029832,48.17121122173653
18.00080109606119,1.0246557881424765,953.7588176557286,70.13719003739234
25.35465678076263,3.2301105994408874,1318.9847052609502,56.36794640166332
71.11468356088943,53.82541781174236,1069.6659031884287,2.450188192951023
88.07403002590908,2.467347648453463,898.437058159464,23.49307112310357
74.70652763587984,3.204514549453895,1031.4617209755922,37.2913137321707
27.44243071460157,15.16626291514581,1064.7464278619889,43.34224092394418
35.941355618348666,27.318523868524345,947.5842184280308,30.124774222637527
33.13586615823,2.240860741665318,1066.7871134940096,49.98788787051565
93.29655866668321,9.209201943584114,1129.1715392169872,21.62722352401344
53.55828023738464,18.76867707010429,745.1933249887122,30.56544974262208
44.96379268485857,1.186957538707923,961.6633016961997,46.49709886187287
68.7464205994919,17.093400196783968,1041.7325042615362,28.253907176096263
62.317962779378526,13.172318804911997,929.6593486806144,28.263320598002124
27.801517310401877,7.715312733954784,1026.545103150755,49.294931944485384
29.28894950294718,1.120082178615374,979.6706765268842,62.1133312861385
11.968538778611627,0.01150393823496364,988.1152167705283,73.51838437964263
77.40881842981318,3.124208650251626,1053.1312811393886,22.1699081108177
89.04095610594086,11.978591608949412,954.8739636926697,17.14579689012224
84.19450874252227,3.889874775682645,1068.8018647145232,24.85075779393029
89.34944422636508,4.951256688999966,933.6431957738203,18.889015728716878
97.50369440688303,6.34360947887945,929.7447082198831,12.873963918984543
26.0640219491978,18.22979247457202,888.7131195597269,38.559703337787646
46.38085442741246,18.90813576596597,1102.8350706375827,36.35304823857368
94.58846991794742,5.8059406406564555,1014.8902413323285,21.761289663856402
70.10829547906354,27.519696177672415,1019.7955805862841,21.313492734363596
67.91549112562055,20.805937497685257,891.351617432094,22.107777314581252
49.34728279131142,4.598517798381266,908.453715206538,41.35844212913714
47.28248118463788,3.4718009893967885,958.7029604374228,48.92910216330793
72.45515736863825,0.8654587039750425,928.2198180641324,28.14688965738282
88.57140399832983,23.775012416942555,1003.1730886880425,18.11367874944247
92.86328679815631,10.664147027752819,1018.9550375973163,13.466894718914274
36.58911352845092,38.36328135214933,1078.0332970347038,29.19927563609051
66.82790152833873,8.145361881863321,905.1898855375393,33.2697033973794
71.16024798604255,42.484712822575695,1011.4664525481489,15.038392979393903
86.50411859268272,0.9783196286007613,1023.262520934684,27.427002015145977
38.93398603179179,12.865718575670154,1082.088878064958,43.8798430610088
33.56883099813948,5.002259415001138,1062.4599945805674,53.691617554216414
24.97612473178297,4.6824197862320975,922.4312846131857,69.27660436298284
13.468390657960578,28.11118131691932,1019.1094308650755,41.770450750442095
74.12628527303349,4.849902259543199,1079.5564242725911,28.80712272111937
86.40899203112178,9.729776910941327,893.0566245688178,19.281518594314313
73.58168821765383,3.325043618305664,982.1960217252442,34.3817932230943
99.96852376722163,39.67666720458057,1227.6248200579962,2.082134539684307
31.214137276226165,3.2854541028520137,924.4365854428522,48.386365896116914
68.54644144090442,8.366011691718985,1114.7072764055424,44.62435750757332
24.257169989408936,9.344832886655345,1049.6033999349083,44.253952018237584
80.4511338475725,0.3766673409205414,930.8623186265307,24.380397509424512
28.149922019121735,51.557931182116285,959.6071081225022,27.898032132213977
55.35294906509216,32.6393188986883,1079.9425697388315,28.316045226516934
47.05473593059824,39.14741864120198,1003.5152160641742,23.824666517359383
33.580223145913436,5.564098261826293,1070.5554853324684,52.20644077460218
35.35031955319406,20.1971258016721,1103.3058551319757,53.56191871938019
18.961130923336427,41.86803526996381,911.2068472524546,38.45723795770058
94.40633871651107,31.679002417837925,1008.0074581247213,7.790892347997863
47.837000428044455,7.016583490735915,1047.899522257092,36.698636510004434
35.15822428372472,22.357674622321095,819.1037583575066,31.84663616216366
47.43179100276661,37.04630109642588,1014.9620937701401,31.91801883411656
68.34215264409073,9.399220771478129,1042.1271725660552,24.526629307616055
66.565833274254,19.196015398387864,963.3205395715411,30.76584636952002
45.288961241722234,18.0885291119659,956.6373924605148,32.151709639965546
90.7225375435926,17.517893040664276,1157.4050271525048,24.339440211677093
99.42076610985731,21.569533595569297,1274.2513828678107,14.12252465500371
71.5710052586699,17.496393155439357,1029.8409397134371,16.727392252900824
75.79337499690003,45.33486239438542,1055.4681480305417,10.39277680173967
39.01992489373829,15.178490712842956,904.3043611307285,41.57880189081383
11.731503686764777,1.5975606872640584,1064.929547812483,62.03417912591237
99.38202241607604,6.881921326666627,968.0310283407866,13.69554752414015
87.83851989306001,3.059997117309155,1022.4944112780337,25.81436762613206
33.22571157083197,2.8474158915556775,1261.9463650539788,60.66764032453507
45.35182537105477,3.661942488790445,1071.1279830166432,40.15503322522903
40.74247311148508,7.890051255902759,902.5215786927915,49.878938136605186
49.25349033945258,20.779461782983667,878.0912384182941,32.859242531234806
72.2357769774551,29.15695959051067,880.6623448856079,12.463729116168178
86.53380717374567,9.170103067738953,1031.981995211558,24.51900888323208
94.95911883810271,2.76443713019685,1078.7159083711842,34.296329118917775
87.42267308238918,3.539359236785622,983.995561938695,28.48434811021248
43.06899035284015,28.560194760877348,1064.0511820828324,30.9960370120376
24.720171806482114,34.982309703168895,895.1076417147857,34.089802953906144
46.24134515264007,5.915974388568908,1013.2761638097292,45.8981007965741
66.0558393922893,0.594613879811934,830.0330671993277,39.08419573692021
51.74870797005316,8.828839812707699,1031.3244490859884,36.99204566638292
89.53897634115908,6.0954540998212465,853.3896740530496,15.840444844040997
52.88789568244694,6.774737365688497,875.381682543999,35.319127199850435
17.19986358956218,28.416677107595838,1081.0750378861478,52.316538506483475
74.06090504183624,7.799794778250716,921.3972155211633,31.94140564471366
57.05340775165085,30.58115598631765,1155.072456056877,30.8328222374347
74.04957625937406,31.24814869416126,1116.6034185672916,23.590858906929952
51.95127118714436,15.277438653801772,920.3653047407365,36.37897528513536
25.52534829041324,1.7450784956389642,1128.4572148533398,59.613000233187506
73.49459152870777,25.352689672317485,1046.253634505494,24.8762294565836
55.85231948197815,12.760071277599522,1014.149844572393,29.461655837125974
93.49388321975293,7.412563474752412,947.7727339660119,14.404477923403114
88.05444770909497,3.345227634260456,1003.7975007155202,25.382825321906154
81.94158887898845,28.45141900375146,982.9009271029859,17.51151409568729
49.403924478692865,9.18616543257929,1111.5507276355895,43.50749963607931
56.91919844666718,23.013960346945662,1065.278661883155,35.58773558205429
77.74607521810626,14.065803229700256,874.9570319315764,20.806902845669317
92.5766124654894,3.2873881763758233,1131.555648710846,28.983785009405434
24.185361587597285,1.2607327783645006,990.030702727874,57.76362732711248
87.46221061383733,16.021556323531584,894.8471569979367,19.053668541799368
41.606713539526616,0.9412132063567293,1030.271060395247,52.915485849554564
89.21386116230778,9.726367670663208,1176.7170833584169,22.59292396758481
86.80797326029135,12.278686056751104,1056.285898145834,19.81283007734307
12.841708837640061,17.356169442321736,836.2929167233862,46.85314601774648
38.60050552128275,0.6627277199230186,994.8715807783285,48.44583846052689
17.979886419486487,7.8330058629721675,927.1435169272268,55.2093849853563
81.72504483914298,14.883614215373415,869.1603723376829,21.581596584577532
89.49247707127499,7.912236551392071,942.4976883355956,21.28627704158459
99.68570783138854,2.6454615826643315,985.0260384509016,15.268214135102792
95.57571097048168,7.591066406045554,875.3545196338423,23.094195232904394
77.47249222254612,23.42408947094243,1000.1030723847978,14.561559053589757
22.285732476561122,9.796006230873589,1003.5859237818544,63.171187985277626
46.47337412217222,2.1394496239719962,1102.614729955006,43.031287940958116
25.068745296213457,3.503907818269348,1064.910111724242,60.97747960990967
57.729868837297516,58.48226293983555,1062.2218193826263,5.461072169802001
52.08542930692223,28.50072769069432,961.7753933376175,29.700927184094596
45.31725563277947,11.070414382709211,873.694318831951,34.86243982299659
13.585942413106658,0.5332324782079989,1090.095281358575,69.93875191487155
68.58164747098033,34.954644391768795,958.0810973468867,20.869614328894052
61.89612391847242,16.931369534620135,1087.8047542345619,27.778632329338198
52.219759684009794,32.47609184799419,1111.5943700433108,25.99906439404512
22.741802941842053,17.692847775848143,989.257409169409,48.008107364295896
98.26867932152516,8.142224851021178,955.5965007954993,11.519401482018576
59.62749401665657,10.735830484483374,879.081725974424,30.609830690168973
12.486714585317369,18.871499551727148,1004.8268579816519,64.4794547423594
59.38765431098611,8.748321546737344,1037.6089561859455,37.60807836843918
16.142696287437477,10.464640321953123,1046.3599104935204,56.757593662816795
66.08571157681777,7.832158258254181,1060.547220636783,34.26175196363495
23.698591476305026,8.323827790944243,1024.184383519589,50.65720042088473
68.92256569082653,25.849964634367442,1120.8608504711888,24.55717502495887
39.41576595034341,9.75747438751907,1011.2728111442993,46.65332757303701
51.621242083582096,5.393883850314993,1040.0565246440372,43.63364579869153
61.29076137031438,27.91575822821392,1009.7876453955802,26.773650428103267
97.84970975053957,5.378949314810222,917.6331458239729,18.97790004341259
51.29584591760838,3.89026571458613,1039.529728431672,46.090979933007056
44.89319649757335,0.26262509167853954,968.3332676693341,51.296479327814225
42.276814391932106,18.545970878724212,825.389017859772,32.35456854526399
85.72288110103486,9.039960689187259,828.6732532529859,16.625826530512164
89.0084072379872,35.665505960174634,822.2392719452399,1.6624561322962776
27.51854639756501,16.714699239933598,1066.2366379135763,46.078991912608835
27.634366653618542,6.251298148861453,926.5064753914542,49.01690760902713
19.961797190195917,7.592627785561356,1018.1616278113604,60.56899657854661
69.9443953490329,8.330384714573672,1041.403487363095,29.105801079469632
34.95874351420497,3.492958023902422,936.9906843459862,50.86448282279167
24.51411509756757,16.811970392115352,1022.107915178213,52.54053298631399
79.00574575708171,18.912416599753247,1001.5017122839965,12.89276007325264
23.343621448281237,1.6368794294808549,1086.340014563986,57.08142919979366
10.580073832363775,22.238769209116896,936.580896738652,47.16884544697525
46.74935543113823,22.96861823941492,1081.7365416285138,25.351299652498838
89.41270908285411,0.12445315627653056,851.9446582927824,25.795371238706892
49.679098488481735,37.75259179683478,1079.4128513247258,29.12714157714524
51.29201540764432,27.083125735603524,1096.7159933252437,46.70491833629543
98.85733307238532,3.4366157952540664,962.1337112479034,19.581613890644547
74.47855436678539,5.409254607120865,1000.6330622617966,29.273591200845896
58.0411218199627,2.3416571497603136,967.2448432404237,35.91849844350165
36.87626979463043,15.832725825826087,1026.0613077660464,36.399798269755685
42.68185587887604,72.25081708971598,1140.144434570209,25.769405203605906
90.77386945720286,19.97084499704158,1031.7639298469321,21.4281691753544
69.34137010746518,15.962341787362213,1201.4961826237295,36.34734611235795
55.764363943133986,40.760337954026404,1159.7388983671055,22.00769495720835
87.66986408918383,8.938924883054877,956.5443157782322,17.111167511225936
14.904226502489127,20.149322678374634,852.9492680135318,52.42879843737301
49.10227985544236,12.468578779637198,936.3061096289686,43.322299084842804
49.18649491385422,48.89878991322997,1007.3341986567972,19.49069507200985
17.506038261393446,26.056954452207428,1132.3158182344005,50.13948479330449
58.972673061163725,4.326429008309871,917.2236105347097,36.053614984277345
10.845289563081632,5.2486061146336604,973.0144677735075,71.52730554826715
93.20644041252135,11.505052955559826,970.0568727667332,20.65370205492502
35.971786739348865,3.9126737392238713,874.3543788772931,40.456359203883586
60.168035772877175,74.28743171439349,868.2192621019922,0.0
62.04657805882016,7.176559296462271,942.6923581376902,35.34858669769622
61.27216826809958,24.159453177573948,1153.6134859682427,40.954711836611196
88.69615319910896,22.513667759552582,1140.2706343782222,16.242476319887412
65.74011703688393,14.827229853887621,1033.818429468968,34.95506321500356
20.228969776598866,32.43450055591707,993.6737885497367,47.626246779339596
31.46432632191403,6.144030205406748,1037.318225044255,53.86879240478966
90.9472456143328,2.4277100430390863,1196.3939520146928,27.445718487794746
80.7720824724008,8.135947955961951,1046.1333190291955,30.419962036294834
18.4035594526015,3.1587043974367024,1047.5779831081986,61.20402388186233
80.75156809495282,21.967559947991443,859.911319444722,14.285468538318494
22.654678728381505,22.249664778127595,1097.4079226432477,50.349333075577306
91.58077011244535,23.048992910571766,935.3336651696522,8.358656727336783
65.76475386360787,17.35186391520703,1062.9960529236594,28.009334763627784
17.88271844438784,61.25544993943771,851.923894027505,21.34452463252276
22.769780829900427,5.704751874148123,929.8565988198657,54.30928216357225
65.14854089059527,6.864719765939898,981.266293960827,31.603280578614125
28.230909163765038,15.488383923187172,905.8544467756906,47.0934954420762
19.387537314716326,6.499173765350427,859.6078005921202,61.75379611396227
39.680379834520394,17.381276552465057,855.5621719066269,42.43784368606753
15.317477858314408,9.804076634086677,954.3760458894258,49.895507250980664
21.172612109902513,3.336715224855523,1168.8586909272658,65.72709766785543
74.1225037633231,31.318718432476473,992.6181934264195,21.448278891431443
52.64631970418558,25.27033011765177,952.7468679135918,26.031016711232105
61.268389973200755,167.68935360861727,913.0659049011695,0.0
35.39060167003107,3.6764876879960084,1051.7778604330335,51.015658577454055
34.84823017494459,11.403639443340898,1102.1242644429035,50.28989835786504
51.062180208394246,28.950385431538088,1043.4436931751238,32.54032495625509
26.683006716800765,58.127443645704936,1009.9291560390549,22.30504159242612
37.38376034380022,9.920446269105788,965.7746266694091,46.136100159498625
19.623541591761573,2.872998651873313,1035.6941021253892,54.322334159905374
80.60390955720952,31.16141517826739,982.1559910595787,11.430559551794186
38.29167455141685,9.903215203890024,1076.978204455469,53.840757220358334
48.887100590836994,9.065707008283429,989.4019979617512,37.833643173652604
86.15414924288508,18.055444443455173,942.451441705646,15.276431726355234
54.470639166131335,6.517980161233203,991.7334779861744,36.71961721644753
13.081976254909543,3.89092250548076,943.2244341894811,56.170017618697415
68.36215887162523,7.724239718321009,1103.9677359927853,32.70061943302166
19.353456002408066,14.371565989919503,923.0851220407579,53.85302745115264
53.370484311049864,39.03700122334914,1224.4899792258523,31.73038826387175
90.80782050755036,35.62420406859976,1084.9670107191725,6.813517974564578
47.63172544808391,20.646209208995234,982.6972100583635,42.20302813517185
60.73694764711679,91.59233074844599,903.1226202379266,0.0
69.24746256782862,1.267590177646436,1190.7673578955835,37.27725525067951
52.911553231801456,21.474916713605726,1087.1904226243425,36.04093197080596
47.41968345100068,15.699688125845055,1068.047970419355,46.59089130324628
63.94843095650038,4.09865532404356,1080.883595844422,33.50411579412126
34.54773017135241,33.17096819795403,904.9970648181511,37.30470485163654
58.62896042733627,3.933506086333075,979.3751524103207,43.08642155139093
41.23706578433428,6.203522867933102,1187.5823980454861,55.41687091038408
97.79538020935169,89.64806851350554,1192.1663452246523,0.0
97.30466230545787,1.6385748261359916,1226.6689044298657,33.757305635433454
77.87118176589466,5.145419987197406,1077.775539930664,30.04521860092817
57.6487076541735,28.007804823628813,1174.669787959672,31.486307048838253
16.33002769643354,14.562961314049542,955.4510422427102,60.193328724957624
60.250399614919836,32.85454167073029,1194.3057530996532,22.44118182461088
29.92414851463604,0.41455885454069025,1021.4730853594393,54.10364219011212
72.2525334094936,10.790552483900655,939.4209245074978,26.542808369464698
10.805298381949646,0.5874278946425049,1048.7446329236946,62.3140235875269
26.208090810603473,6.228861574667384,1008.8981961255831,56.610792329548715
31.27837001299772,0.2518414276271383,953.3937986392485,47.29761147747712
87.84751726045738,18.99385909805816,940.0480172464156,15.348598402522013
39.85788052666945,23.113732967573643,986.4859052107181,34.453017794120896
51.98720196650955,25.57438611225876,831.836231933039,21.411147447310352
84.9024123103614,13.194383556849775,1046.2598888973873,22.099133616244
37.1197216973339,3.338968090408549,916.9413679509145,53.15346859014271
36.33161800066672,6.003655961715006,960.4875926031362,46.88666653936376
61.81250059680578,52.736689857768994,900.0813501197727,16.26988243527363
48.709593595338205,35.87461062619974,1101.8904716939314,26.585612866460206
99.0984337527257,17.439685227071205,1209.1984940811578,15.849253684406627
70.90414062752491,41.398323316294906,1032.9313657675323,17.825635928370748
97.50265119844681,11.534316490174582,1154.4506898871402,23.898975850868556
44.70440815359174,8.604980838663753,1021.1427788843732,39.81893665581536
74.65807176757548,7.419781609843247,828.1961146038731,25.003859058995005
11.643536690998046,26.868397248132755,1019.4528285507439,52.17013079047486
13.878684244522018,11.325427106960177,911.2984677556848,51.21376621245395
75.87241060792562,23.325588219207457,818.4333348453445,15.131986544415263
67.56854596055388,8.2103147876562,1038.5400293358932,32.31741127643112
54.743787905820135,0.3868584698580391,1092.1782759294465,38.53445379760705
30.948611129390027,10.168871464938343,920.4249031944512,45.00550816709367
49.31476540735207,42.90777083742151,952.6149810822793,25.548472148423905
57.11047595847969,18.593413186265007,892.2570205612986,20.8785192212574
51.558959862538345,17.498240264888118,1013.1969321561863,45.68781189914207
63.20456474163194,1.302933750212834,799.8329633810876,35.33674136880647
27.812571495838615,25.3948655675324,1078.0347216308028,47.522676935740144
98.37397213500358,0.40323974501688425,916.9031508574428,18.47821086304224
36.159269294512654,13.992992459833415,924.1131430205057,49.15801222167925
83.68744635520328,3.9768744779224563,905.7828646289861,18.956767058358317
54.2136242605263,23.985100065008876,1004.8014473669441,25.402699040884748
40.252217912873476,18.915180096603088,929.8755371987125,38.573574332334445
43.28262359524319,5.487164894572187,977.4208899661838,44.03697196424833
72.26281386991296,9.64585020763035,964.5656015302939,38.21351325574289
63.59688183999846,12.559221988213725,925.6811184270532,33.01921562049861
38.34628057176844,10.824804944963102,1002.1215126893278,52.42571687152319
58.63383901678871,0.9620682031512076,935.1842412652621,45.51041302086416
36.389660604375294,8.385918499607467,946.800144416999,43.963670096319895
36.560652339196565,28.72426044848557,1051.2079277832627,35.440923674548365
16.752132626332266,1.7169531991825624,932.2674950643551,72.9856325012358
46.911607320374586,33.34443618853995,942.9174552449126,27.3930393363289
84.24405886955262,22.6808154239514,1225.8797221951577,25.658629254452197
50.8560753162029,5.0489191701335185,1038.8936385896513,38.78386221978795
37.845221610373926,8.197209032607375,796.155949465802,49.70030957332894
89.89567092376349,18.742238657849242,827.74025134019,25.34860121615845
55.95675666164828,25.314727174137175,986.9603551783816,29.385944725221297
54.712128814243556,13.939692100014877,1196.333720169152,41.33253339270567
27.821260714771444,11.91476851079719,931.3091127147726,44.37252802124143
81.62744979700462,4.122351470125153,1073.5280560850526,29.984470152242157
36.706169599168376,0.5979196891630443,926.5136260407304,48.38740906706545
33.902045203124196,10.778151251757405,1056.7259413565052,47.027154285058906
25.558182035740757,17.73447222128351,1018.8545338414498,48.70324951845837
91.11565999200509,8.60295367605883,931.6778331610894,19.574478716635582
91.0404759607227,32.168523209453504,881.8295036428781,6.371124491392571
11.922929648382906,11.131942416566012,1006.5263391542396,59.50575080069347
52.17108631880288,20.796607941312526,858.807864788399,19.48902757843626
83.28863195733065,10.963460951451356,1090.2746026609896,22.296660634397796
99.92307727645999,55.0533402001559,1032.122233438593,0.6476192447794837
72.67372948997543,10.836030328845288,1045.394503140275,33.13880529262542
78.28330362618861,6.404201957179965,1064.3007549341758,38.46700781923802
28.617002309185843,10.474976474935048,1040.4466400127292,61.56486396785812
30.268713314344108,22.39439583430953,994.3864289012441,42.387057632396285
24.125747122488516,36.34305190575736,1008.3296180158634,42.523968311428085
53.09715705982209,3.2989362683123535,1126.2037911673374,44.536824782785466
32.3058125579061,1.9297987682622084,1007.2978930556694,50.85326725053913
85.86108388555787,7.880758674938492,982.1139708404669,30.039705630186013
29.14054644917262,16.673241303644076,979.4719343112233,46.51248252761246
93.23644568170936,20.863794770457766,1079.2854010924689,12.130428867172398
92.69503512053218,8.051817333501432,704.4567770945641,5.6007844623415775
17.142115153349472,14.072043331790356,971.7595178226715,56.03476587213194
60.104684268406004,17.379991727603173,1113.362352532353,31.10527613204675
97.17433359906968,9.527429098391192,968.5543275672828,9.465245411611438
97.96742538842793,16.41971766340271,918.3437410693897,3.995252025663154
23.686686430006677,9.407619975700324,1231.7601569060178,53.505272872188016
33.976083483384826,3.3650170551173195,1141.1142658705335,50.93667234796554
48.301971277727596,11.586647988632766,861.0201756805704,34.487187141529276
63.729343753846805,5.856597450524613,1156.987899815727,35.343947755276474
99.44917597559781,0.18815321857936626,1230.1265805312275,30.492957430182138
56.30792023022935,3.255305783096165,1043.6715868151286,40.68024774424555
69.03758646189743,3.624249626606609,920.8337990232353,30.418501285785545
51.57305740584537,16.546870818503418,934.806084933033,36.37353956784106
74.59207702602042,3.3950982636333094,1003.4752034171295,33.47438507306516
70.74849701557417,6.022521434621772,1043.110358805777,34.61956633573843
53.322936793317844,1.4301886873267196,895.6998641891354,44.46120742824793
58.472636041685746,8.099089574175357,1067.2028978712415,37.15470967122415
59.23937979572295,0.7427925310225136,884.7448074324661,30.12794035666645
70.62569933826236,8.812613889281202,846.3341607283941,23.79265086074037
54.29680833945486,0.33465186304480365,1030.7702194211386,40.198939144815355
36.38056958017798,8.71186974067331,1018.4016032630389,48.56478934562644
11.09334088791832,44.73596515216206,1037.6752297356243,44.459147942719895
26.651232167430642,15.513279928315841,1078.0313934856608,53.28509006195333
41.32362598552685,11.057074169673278,845.1776941803549,43.39516099627883
99.89604722364012,35.51368282163442,1031.2207540962124,4.5585680856569475
39.87016930528233,0.3316209483127505,967.9966348228401,52.77247333772011
43.807233122980485,1.2478680766181065,933.5708135554853,52.90447369763443
49.94250481453504,3.3691374200087973,1236.2264245794975,53.23412802030286
95.05724656127525,28.083967934700755,967.5978833185352,13.571655641786336
83.61082668604554,1.1108215655988227,1001.0728446509485,35.91634368181899
94.3195687305269,10.34136095909898,1024.5764003766192,26.138780220431627
57.32252794848665,6.8417187154908605,1032.5115593288324,35.82174022655793
51.31884822214965,5.640115302077466,1121.0957886729882,40.921419020349575
53.29942123218239,24.01291074731902,827.9936863536313,26.335076257901328
71.50468738820948,36.1120343073538,1060.698289581839,17.18006425156463
53.87069618857241,5.34926125993237,1048.1275076818938,45.602930630790034
46.12040769682669,14.280269405811861,1132.1678027891276,38.09867873599573
17.506254821288582,19.9017014190962,1059.1310642150136,57.46917802262324
99.61877045787008,54.51708659088395,961.5101002898989,0.0
74.53545269206003,2.2549860634298224,1050.2757206835797,27.512436620465138
11.578776939406566,1.147466434988173,996.2469085613873,61.74891515789602
18.36803616855716,1.8536664149727895,1127.9252672724247,63.77787304895109
79.9975475674905,0.28413646187293484,1266.4319506031982,33.863708673003856
86.40007816656774,3.568457953537862,803.7214282199174,21.2753664535162
34.11504543513725,6.389582502626936,978.5020198468985,47.05574529973357
71.7025678349716,10.946067104143587,976.423598662174,25.710998134277276
71.45909181975699,0.8312914340624502,1145.5072159949377,36.31128386027163
88.07714776319514,27.469129519359377,925.8065899622597,17.77445693530504
23.225705580080152,4.7157932491260635,1003.1137191066528,53.37477831405297
61.11302366206079,91.70551252591397,988.0554820262167,0.0
22.559368128728345,0.2800159523804593,1103.8774192293222,65.06424727513746
39.767907504571376,10.839438044240731,871.8636897561638,40.520723173389676
89.44587603069441,4.612540412834593,1031.5719781334167,23.72811848130257
83.88251507061823,7.096295268243546,1128.030151514364,32.29226856707541
86.62295940904262,7.714830073818144,965.312228769208,20.032521430338214
77.16108213327763,88.79161817128075,916.8466938427399,1.8182824044321466
60.62840248038272,6.97073339461482,1132.0601054976548,36.68448618748623
15.253569480736848,21.137730570446152,914.9726978870666,49.816445090192644
93.50071089173342,0.09826875266759094,1048.8275707328937,22.48466693856185
69.33460944595873,10.19477383600768,1073.8624504474037,24.732756525655752
48.702874542801666,16.882092072042518,877.9397959692727,37.248881267916104
83.36552515774231,0.9231311593485232,926.9675244172537,25.585483916148828
54.64139415227019,10.688167875239305,1002.6377221061177,40.22735623826641
34.842637666440325,35.823622652553766,954.7064275987047,35.02720962158303
10.905375353386626,12.387108933009797,878.2089909883096,49.21103288087006
22.63003684972243,1.0154743884491793,995.852925318823,55.4315725312656
59.27444085847425,12.31213306307656,1013.4676031684759,39.14392567184367
62.79301984844952,2.4399654093728036,1085.6568959140245,41.56105666342205
32.02139298982392,6.291663554347119,962.5758624313182,40.656867003450984
18.357575810061334,29.581924964586577,969.976562728155,43.26608296673695
42.85068097770291,2.202140572854349,830.0313581254026,30.856528855158402
92.09572330886142,10.096584142111906,1009.9443224417893,26.061544672011948
36.04860786364212,7.648487206794958,1079.7706878489469,55.72234000472149
26.68634265474604,16.82187370538658,1036.6346336132244,50.797308069453344
46.03963282781847,3.068707348086933,1102.0476465843913,46.218723354590495
58.829605178610066,11.203784494613933,1160.0267663246225,34.62355288227288
38.523857154827425,1.181034127689974,1060.2925215917137,58.70843036870631
11.022191445527502,17.214274086479584,966.079954656294,45.73945578835287
42.4517932015727,2.767510946039565,984.0009141662714,47.875542580347826
12.243132719461848,4.912610737663002,950.5357507164548,56.11026928726842
51.78992765991793,3.9762710361157696,1006.8543815235176,42.16706472938625
93.87316061109647,4.9651809880958115,882.6643026189613,19.73608830624094
65.26301910163662,7.598666495141373,1124.1723687592573,38.43098876288433
14.701914397347181,15.949859957046565,1013.7300980384862,55.5479852544757
52.458725940302266,17.257466812847014,886.3528867429809,32.77274528082822
33.96472792175511,53.38093740899704,1045.215979258377,32.629409133093105
86.14867871534142,13.859441861419546,986.4862113680516,17.600818343370676
68.90502792807534,11.111407811865844,970.7444893839378,33.53209856647841
45.218928976482324,3.034982076959254,735.5228175578818,35.711166233073705
52.75012381747368,9.49814246011623,982.4651746185389,43.92806478196174
78.9252303981245,0.7102929861905001,1080.168140385174,37.60647115917578
39.69902245740221,1.6623116543208942,1137.6684704097295,60.85643366732847
59.717125381656466,4.41781392320299,904.1595224470034,40.31593660325789
33.384686422313905,8.669843199766651,876.0586401628809,47.35727966028665
89.97158494255488,7.640693983683312,886.5757852631023,18.165864709625826
32.99850441120207,27.926398290478723,990.3596452965317,42.67761240771143
31.72133238732138,12.334438346607563,1028.1962899162313,45.537152039555394
88.04126401679207,8.485350064575888,1000.394194101985,20.722744411398995
29.871716873899015,4.98230035428525,1020.7794387940468,46.2017348516752
52.354356080418526,18.36433779062294,1096.025454970602,34.6899298763828
63.536222487554866,15.091892779345384,927.8156658562314,24.46670428923163
50.69261526091748,1.9308464007849178,1047.2423256752716,52.62601654611584
98.19809128872735,11.883988327673631,1033.11808731507,10.37677478713574
37.59684873617684,9.739879458830053,1040.7145890132394,48.76162006291958
90.0796194072223,10.550719294734481,937.1350131076069,19.167984991112288
36.26494127925121,5.996056764920196,1103.5842692450121,50.29672246780215
24.267630669683278,1.3008169355663017,976.1736146236192,57.197996744308284
22.738053329764192,13.60853686154592,1116.6540521258414,58.71161636604712
88.89651157405113,18.855814127867838,891.9547450327309,13.514496309285706
77.29903136200582,2.468728943813504,1015.7426643359727,31.80345077579741
24.875430998499127,28.993936201904482,1067.7562533661528,51.83896056771642
16.655498387168308,14.009637182868554,917.1156061726491,58.38940334702152
40.747426106611,10.62284690160567,843.4264044720305,51.02896591772252
88.21662933681766,19.803326187235236,998.8387725849594,25.509365052180794
38.337225881379766,3.218889225774646,908.9054474687168,48.61441374835171
49.97193356608169,24.09028940796727,989.195606949644,39.36727762737697
66.05955384784465,15.225162809666804,1065.952805138223,39.45952960504507
86.31963770794336,3.838345228700284,798.3978925762416,26.567454239855067
80.19061015103111,6.77046584745331,1041.1949060066881,32.29074774714407
33.26414840823437,2.844442075252948,940.9589600799686,47.50689971047668
67.95173062185765,2.815304396558899,1076.2953220333616,37.71288575327962
16.646726255720427,28.338598350451615,1016.7455100208808,42.44639471455922
11.439746346269082,36.876467520564965,897.6549092497271,48.112370569979866
82.28816443550487,11.4892956156567,1074.527553105672,21.619698333678944
88.22121428491586,23.27998381790026,964.7149023719287,14.973656370857316
83.99834036542264,55.91309623788866,1052.2239672345227,0.0
75.28921894583635,16.145844216495338,1008.5871023095432,21.775403907312146
70.27573632570872,5.463579586359898,996.8451175438967,35.14645523820635
51.93554501955658,19.873378260761296,939.8905581473667,37.92490628452491
73.66225385821942,11.935769390641878,923.4778408429397,25.99612819831858
52.16673414761342,2.443093426903834,905.5567255992275,50.15183756098912
83.7765635944368,8.000266635630862,987.5274072207692,31.24229179834907
31.619096165664356,0.22492249284676222,1117.1004515086322,56.673935666174174
84.51924817209695,11.435330903555492,1065.2453086789246,27.0418349704437
18.136818626369234,28.606915967835764,899.2911925604249,44.75472210643151
16.68934420002177,57.40738706579229,1025.456535134473,30.45436319933606
57.07030111320213,7.187309935004511,887.8808675546537,37.196610936318635
85.26146101593122,11.592545167583099,1000.5726998319379,28.224544031386202
80.37756610023243,8.128568404447535,919.7803944600875,28.790414110776528
80.53069039890477,4.034090713402444,1187.638443086263,28.575472933462553
78.62755877616901,2.0672955781685776,1075.3644382361758,26.41171696355673
88.86475332927576,12.872352392158096,1003.8758948415879,15.807517543803433
63.297217673722265,5.238794037047797,1231.2291255238306,41.773374054934855
39.40327222300187,10.14263267963842,1025.0171397355507,59.41192899256552
54.139894953770956,1.0745723779840106,1117.8214183156676,38.8214016595806
68.62622320357067,18.95947001068275,834.6686815795558,22.08640131579019
41.86898045280812,82.31842500261932,1043.3180798203468,7.060046518808026
48.74229272338728,12.24119641147027,871.90764145493,38.95580605013314
79.79665264871211,19.25834525523994,977.3783198314203,23.709761404245047
67.47024306358621,39.88868002733445,1197.026944991774,14.82542604262539
95.40656155329339,8.174290150746238,1076.1514818332894,32.236572945420605
55.429404709422116,19.201589717107428,996.8637093917741,27.950512847036983
21.695241697736684,3.249786990798614,945.2297996406519,47.36747938629336
28.30432370905906,8.634914528616996,868.1862025015375,48.351177028488635
41.0961357637167,0.4539859958941031,935.4211639664035,46.19983932794737
11.977042316024066,7.265969413256467,1152.1210661985072,57.81047155302443
58.44046830575118,1.433796084996082,998.6898475947972,39.605207638807215
38.54689601143656,5.597948200782149,1071.2903446176422,50.712722346878266
92.36113239638088,4.406456673323964,1067.7029746268395,23.775004978275373
25.623813741872908,49.72633034423862,976.7094131208246,33.63913629133634
11.376013856744073,3.474288906333136,995.1603343437831,62.31466005788701
22.116272411604143,12.219124439915186,1072.7162621703478,44.32855663536866
35.0347179105851,42.20898558840586,1004.305304396936,39.87513629873334
17.18522203326789,3.3512183497061065,947.1994357192193,58.76454999262707
84.36328710231315,1.857467432415455,1122.3976360754316,29.010656030941348
58.468927246807354,28.58459355561134,761.2521454694948,20.228145651426786
46.9497217226074,1.7496559322911682,912.3806042566364,42.19991131627829
74.1585663432248,14.2512472511732,1039.1529027589356,34.46133133974853
38.33573069122451,8.635306058161833,1162.2869504586674,50.05571317353593
96.14878021954402,0.7171706920876436,1045.2424621701919,15.273386367119754
75.74574200689108,27.303276057726478,996.0240071349114,18.872588744834857
79.46091458994127,77.08889074438079,859.9023198777456,0.0
71.89891589183833,7.830660478336084,1023.6500218888058,29.650401658308354
27.366599323995562,3.971594864889538,1157.7713412287453,60.069334282593246
25.484254502027323,19.169806377983047,1144.6224354829194,47.660192436042
96.45131971547839,7.1535280805802115,1041.4169145661872,19.60534598090067
63.45705567296736,4.771610744536892,1224.4622543317987,31.963197918620978
99.66926807857463,5.80837121687603,1030.518482853676,18.991591359982177
73.55970681753574,51.83377601992326,1061.1186023006474,2.073341677690303
66.8935522027823,0.4673379940163556,854.5582545389474,33.766133516791335
75.14583724976829,53.37846694320927,1007.6087542328188,12.902136087402592
73.44682806855032,18.720431028603954,1107.4813590203266,25.631830347129497
32.450165072234874,2.163322951206568,819.9998611060519,40.21454982317701
27.867064670502955,27.729643613653682,990.6168730604581,42.829473887458654
54.49996202707958,1.9371983433424629,1057.5001158351236,45.93311000759251
19.457354015240085,8.62879094316138,919.3870946415295,63.86488599328078
38.93806701851985,26.55587393665065,1048.5344351409806,40.11372699283948
82.19890594226327,37.23890845436631,956.3495382124555,6.377835134511137
56.09532711526278,13.664987877909969,854.4931265317133,38.96737465892436
85.82373531688599,0.8533867133039448,1039.1596152056077,24.09002730673502
36.5409328722036,3.891488807137053,856.6542923682773,59.27892383353982
30.880706977811283,4.502939143683988,1090.818825358897,61.08930451601473
23.98190791374629,22.648548766056376,1048.729747018284,50.91731368160917
15.421217658956591,12.736463272830049,914.5973481504044,51.3366611843213
29.77825035177826,14.105847601965673,1108.4290023169572,47.53972017709005
28.415220165468142,12.099024144138243,1178.3401367966285,46.25664807866852
29.586784463094446,7.4851855543763826,967.8079556808636,44.582355793309645
57.499574172746115,0.79716713908967,936.0264855939025,32.768792240762465
86.0553755012583,17.448124559789782,991.5287546400973,15.20482016416677
61.570427169206425,1.9721367304198327,1067.8370054875443,35.839356688264125
48.3935708490319,23.681130157563846,954.9187496543469,27.93687787960252
50.054803409781464,4.794943473391638,959.1705708475029,48.90023717401513
54.93876952199773,25.960548237343225,1182.224205669785,26.490492673339016
11.736434825867734,12.73073961809908,1157.9934748677965,50.12135382655908
27.849483212008423,29.204259545549863,995.2817031800263,38.08581579073636
98.18156754493211,4.9647263078071555,986.3532937872995,13.367960668484201
32.2175865846097,10.07583517066288,1031.4922650655374,45.487548342581306
89.23707191280208,1.502550626744452,1045.9136964894278,22.521369300561705
80.076892993703,19.645206988790445,930.3127390496402,15.25511476187745
50.77168326227909,15.553954891064931,1103.967255343204,36.63118856288722
45.53014235631323,17.40478376254157,1056.955454595754,30.314175404949893
68.81188358409287,12.86139913314434,990.9257089366067,28.33881504488085
33.122500702405866,6.110673618645225,977.2302702226792,43.41271835021066
21.089510128911357,9.821192847255636,987.3365921671979,54.72614467218635
16.04346467021484,13.84771735026264,1065.7895821408122,58.85701197952182
26.899980218425956,8.372330645765818,1000.390006466394,58.68221396837535
18.739718356973682,14.656275529838283,1016.4971407825487,44.379756759131496
76.18983093329088,24.847249143016597,984.6275815773201,12.09705087662306
98.12759290248708,5.648149351186045,1199.6448685872388,24.27465873924205
53.11208287707043,42.45579954049042,917.3163658548763,19.851272696500498
84.73184753276391,8.163095308908959,1004.4873300584928,25.160096086367368
13.199455571403465,0.24503898534122154,1017.9452242160814,67.97488060237673
56.754760110095866,20.85034054193275,1096.4291508129093,27.744095238439954
26.093660116996947,31.512261901067593,943.1031036276256,42.60583485985513
34.380649433496046,6.0276288249322985,1051.1539030085075,47.710130189862824
71.9486515956672,0.5536332419445784,1013.3360285119148,36.98410677927292
45.687924986863564,17.565891496521377,856.7420099997023,34.843482103303955
44.3768814698396,2.6079742165473427,1042.4630119987605,43.020135708119405
98.44415844845811,0.9447076742756264,907.1302828055238,17.723160370650163
53.84521291562096,5.176063161147761,999.3026685187951,35.334422985778005
35.560186046001846,8.307333891896981,1015.5866797201322,53.29193178222917
50.42389404603928,1.8176197401145215,1108.2468813070018,44.13188276274904
18.896743942155005,19.5382269744621,1091.208315898731,51.545260760070605
34.05614691646298,7.635938158923893,1052.307982086899,43.5130793426315
67.52398926192153,20.931670387474405,1103.60188891188,23.26661170721387
67.34682796598756,77.37302007033409,1157.1943210813722,0.0
29.540903813321798,23.454029364692637,940.3612355955001,35.85260244045685
29.22984994188945,31.536821959377626,1019.2970390637169,51.34028499462402
64.37721089247776,40.36323466469717,1011.0752391262057,16.42318532666503
22.912122293824783,2.0281316696045364,961.4821148621859,58.992461035524514
35.60188427288601,56.93839420106781,1086.6480522016755,20.2692718529002
58.42750105911296,6.219916236289913,945.6868662239161,32.13276454442187
40.055586587446115,84.433117914908,1067.6101828211338,7.71935148467888
58.386824062524745,6.786540722672926,833.9999729173464,31.736788359840364
84.21566833709296,9.665579209236343,1134.1898923077238,38.62266539463414
43.1189937750935,15.922284929663984,903.9458286655433,42.336287974800435
61.768615805102584,4.742149404379324,892.4986045692029,38.08828016770873
78.28821466974591,2.0544769866777775,1141.8787687002923,26.46959795146961
24.32793207659971,3.6339530161796834,875.7626880712133,59.15917875777498
82.65952983881348,20.73059969958809,872.1589576087147,10.221159973596848
22.27710963921922,1.4816423555729148,1029.8879004405305,54.11599804870642
87.12190467494557,10.936205138304624,1067.390232141085,14.237369724401557
25.47182535026007,37.329386340625135,1073.8686817994958,42.19920172613644
42.66322453377661,8.286717374209518,932.6572151165427,37.719243655327894
36.19645916915677,1.8923215695412252,1176.454041318263,53.7367767272126
70.39641807225232,26.35248656008187,1075.9532148976325,23.942995589519576
28.750671014977407,2.9602642056014963,882.768704616985,48.90509433068715
83.77855364776104,1.0188555113435787,1014.9230035098832,28.203784768262278
84.2679178578466,22.629884369042813,1180.6262162761382,23.35049112984088
13.890569809919503,15.943388429695517,1062.5749245249858,61.01269001221563
63.951329586806914,26.598561585566536,961.2447531832564,27.37543951371363
66.63300630264953,8.6560165876402,1033.2991449420097,25.618973129253604
35.861390839594115,33.11124311931802,1067.1048099043282,33.20200187733858
68.61736573183029,10.872096881663467,879.9354695005635,33.26665712900891
96.66581800445708,7.033970055179182,1145.7710922454316,14.601636637484951
51.159822252489825,40.535290138543175,977.1889583048882,26.199263796503686
65.42500847810348,6.068074210326734,1147.9816812370912,36.52903365877693
88.57207200376098,7.976396520591304,1011.8132668210062,20.27836447727728
44.42923909565343,7.423401168284147,1045.3786191258448,48.03693296382856
75.2453138503723,10.343681168950623,1004.1202578829048,29.009931198969266
29.689242419623636,6.363450896731801,1175.7869432666814,52.794168725974885
60.594644040441636,12.519473421978041,1013.7884361324085,36.55938209065467
87.38292783247813,14.232795249698501,965.6448818359388,13.182677051701823
45.88878558483069,11.787595678618477,1087.0222821916366,42.58200457143132
23.288589072580066,3.1281234396838395,866.6401186577623,53.31360708678244
45.73981873553663,2.6690156368193554,1043.1664535534142,48.4081643297678
57.15431114799102,4.77477859076706,931.9447674886538,45.78082971603803
14.087542294279768,19.976430854987782,1101.412227209823,48.65216392162037
49.60496011170745,31.572496485598055,1088.3860408297455,24.04805742345779
84.64934634904972,20.595597124560097,798.9717188850123,14.395095732041689
12.534152397057028,9.543012618338732,991.4333452261884,64.09174774844467
22.362961685813264,10.529387660855756,1105.8637308220252,57.87933035408936
17.534210173945063,1.2410385394542622,1083.642785039667,65.21115964988816
28.39426478180428,21.511353865261132,1212.8109625526317,44.053567751241125
66.51579155861197,0.6639260207101401,1048.8957027308759,40.3734468700962
66.98897506209019,8.214075978973103,996.6887059123113,27.805549291402205
65.93641687349215,2.5203841900951014,1136.6221742323803,39.37937853335935
32.693969053138574,23.51878773711448,1025.9159464326842,46.495693650657515
81.21733679041937,6.049981169358378,847.6725260361818,16.924099203263964
47.52912798384313,17.520848683385793,1048.445542883608,38.80888035753783
21.722667903615488,5.821137213043354,1243.4443712233492,54.75667694350078
38.79939521321688,2.371334812628826,1033.5552053251358,54.44400683061493
79.44336905298077,2.9900002045511083,1069.0757185492346,30.190588984758755
60.437867010060806,22.97439327869421,1045.725658513004,30.354661263181796
87.51643532279866,15.481536368598597,1031.436408040643,15.350589807240752
40.22139784914958,14.678455902460033,793.6474021529093,37.49990218666097
75.14580996887963,3.066224843599942,906.1811553145907,28.825896758028236
16.124190243996466,13.329151347239687,1066.6091015602647,57.701533614876226
27.300439426672206,65.393537266,938.5138927691914,16.569990132827698
39.93528006796873,10.176886668059163,925.0818157264583,47.657072560876266
93.15412389901175,37.37881714292249,940.3412058365207,5.114412412180767
90.5216482928511,12.34961727739645,1006.2907472360298,21.969747123611487
82.12229036727723,5.493341302995418,1131.9400848387359,21.80525410553407
99.51692034568525,9.338901678291002,982.430134839983,17.552505908164754
46.41864736591919,7.669659599732203,1040.9372689601778,41.73383972259042
19.39185877864759,8.57986006173573,981.0510704940411,55.36262194193554
41.93155260429798,3.146775277401104,981.8319583431114,54.786481956727336
24.138166912545422,2.3450833076344946,961.6753291009993,55.83302056858825
42.3986337190022,27.243074965201,891.6236296083183,28.321257370291672
19.980736421425853,14.374362349704079,1007.9253131882177,45.664969760890415
48.124068628556074,46.66970453456112,945.4194954910816,25.459315667784992
62.65847599501122,40.58530171023098,982.8370183335652,18.01137278293784
65.89730863597883,15.221616221587896,992.5284423806293,24.134281397851794
66.77260651382616,0.43871836107910267,862.3866857063637,39.58744483700931
10.957774086600214,18.531146612920196,979.7064062035025,53.05482973844444
46.24856935269886,19.82810169197354,979.9920285566293,33.88571211599137
19.26433991705759,2.7523984730635833,977.2945209006335,64.0333827258379
93.52402805276667,3.2243942180828697,1101.5759710553007,22.32802309115109
47.369623858907644,0.5444834828318423,1076.465308813743,45.612824948526345
63.72278385277337,4.003854242532976,994.4174160739075,32.655797875337946
45.69063106855157,0.28836084605571244,1018.3729047940808,43.0254364279893
92.31334918156331,2.836239609768884,1059.7146074407585,25.455916870205524
52.40664122449046,34.071534243951675,1061.1562773388785,30.446383414401406
74.89259692652458,10.426690736048993,935.5917156834438,33.87678168816901
12.668044906035213,44.29301939970611,968.3545364655876,48.53523984478322
11.930336336510397,8.031527111346856,1107.2995226822331,63.92232200424014
36.02750252134081,1.1103826966230999,1136.0351090876118,52.09107286552659
54.95561413261371,19.07538183090067,890.7497828281777,28.372467631013624
42.56993067037692,26.9132987208521,801.6685761691559,35.100364746650826
91.6670377256178,20.34508949477703,977.9699559240822,16.627340313889583
86.29265302741804,24.36741295681373,1184.6700220645384,18.56053709335396
56.86596309484404,14.92273581927934,942.4610032553941,26.83937133353687
32.194081249703615,23.676916242412627,901.0032102459716,42.515322737827454
19.757397634016876,2.4680377479084075,1023.6170800006129,51.861553446057215
27.33949688975954,3.4773120260362718,1231.083869116203,61.20571951460825
59.24300146128906,11.388041391030868,1127.5807240952877,36.65129654835914
54.381630106430094,8.84065682999627,1023.9642969186692,39.75646216450563
22.14323098585378,26.114676007654076,958.4874253331744,45.01641801831813
35.79696521833749,21.881055007448904,832.3694210147853,33.477957742596764
44.86160440805097,18.16679324721086,971.0948439737352,32.673004673232064
17.44778206614164,1.3311974874602028,1084.410233513781,67.47599862700203
31.085447405648303,41.975389643292466,1115.431112660377,39.63722339371613
55.94307028844308,0.40376996728597536,888.9428818618694,38.215767036491314
31.62108171171866,2.103283091893464,1036.3756428633283,50.82599496324855
30.619977009220865,5.354831637645117,999.8875712716427,55.92476529877481
71.74527704981732,4.098390054681723,1086.2649101114723,36.997489639761085
18.459527431653186,21.660011393878623,1155.9493851791672,50.56459560325331
70.58999164264927,3.2290757380293407,1139.8059130080842,35.186555813496824
89.75022785182641,2.4856893712646237,882.8575671468751,21.17704029380399
77.3901420484378,17.10812431383665,995.4307401518554,17.04734376826365
86.77876045648041,10.720799535640557,1246.5929509365499,26.046780615665135
85.44718762497868,10.602908007656932,993.745406936603,17.95543776350936
79.05908041098748,13.018602879088393,1071.0080762743517,26.395348303042184
87.9617629559524,21.152674827601306,994.3183726479067,20.098634466092154
28.43767593690516,0.8455392626393143,1000.9286212563464,61.1039905604242
98.26094845238174,2.1757012915224374,1040.3374284732863,21.9935503379886
89.80627504366993,0.7935059702140053,1159.7229185956821,29.53710707623525
69.55676656927272,11.494755882141606,939.5366156208715,36.783610642131585
84.6328119177139,17.16137709066826,1021.4198619764238,16.167800505905667
79.92122665207899,21.233094088844982,882.2768538262228,12.823939510079766
97.07375475062912,9.73803601989419,952.0310251496481,14.242532022821477
94.75168824642824,8.860605072344493,946.3760727882296,8.48638657148986
83.87451804467278,35.699769148046094,972.5952265248517,7.838277090969127
58.50437256283491,9.798698703445345,1122.4774807856259,39.1012323569018
44.540134895530095,51.23353863962455,1008.7329287085453,23.937592498043486
53.49015891591088,6.329136920539401,989.9727867869645,34.91785062532908
93.38771111450029,3.5638894013971583,979.6721194720496,23.82007083734311
88.04313088518293,17.683011912666466,1121.1850249341837,24.633476917446508
11.359050325704793,16.55322483075561,876.8253294238114,45.9624416118485
52.263854519771115,22.844635486490446,990.131271820419,24.848507585265367
40.32162728106644,16.33643385120441,1168.675115624563,55.98653999448012
86.7720966501655,2.2856208818364405,1066.8279487219045,27.389411430589284
52.99702990543462,10.537162156341559,849.6013819607389,32.78441826072604
41.72022673352662,9.771351606151445,1029.844568114942,41.74091349929679
72.45055647877598,20.574885064908084,1046.7362412980342,25.137502154455216
64.32672902932302,4.87874363751383,921.5163066375663,35.930113597885736
76.31766193392109,11.815586725535413,1049.2848526349765,35.718578617590026
38.818208828123396,13.464318734872835,1008.11500479358,43.82111437032806
94.40606101118216,5.542354676400803,825.8065316824288,20.43966510452863
31.86966309035012,0.305929331350257,1030.9827039323893,58.15237837529291
55.12180997911319,10.213662888943885,1184.4922930981097,40.82260571149686
37.4400559181533,4.1896415597915295,974.092259988893,53.84384574568956
78.65979649716638,29.11359108371051,1141.8233392068832,29.85146992315607
28.27070621707112,28.828258575195907,973.5575424351538,48.40419190217199
64.74994425849756,2.716598356228055,916.6585888138716,31.250664274177698
83.32216048058609,8.010985706785391,874.1299015692819,22.268578615873064
83.24294269855329,28.11221625761779,1008.0651254859512,24.12119517148383
33.3265368459065,7.658492438337718,1052.2700519984592,50.235144800692645
45.7773455189695,22.059640414834966,854.205272002526,41.91410163783014
11.152416449436398,40.85797897820686,966.2569379622785,34.869766087516
30.207131188828715,29.701513663435193,1178.39159765678,48.494879812023086
39.90660497657855,28.139931116056783,1058.6951535225612,38.562304815325945
72.51168326973766,7.810776306977602,1152.9177114259248,37.32073579940146
82.06676433470211,6.5112999662229925,1043.8160705745036,32.516722044932614
32.478906118530006,22.192418864115368,940.9631112059262,36.443029934395874
67.50460813842182,28.73690565400326,1156.7795571458423,21.330757879444743
14.165232603630974,10.6114801139422,1091.094672455491,57.36195209349067
88.55920674139325,31.356589661638473,1122.8158096492625,11.20441357017048
84.38478107725078,3.6636316354467753,945.2217019345867,31.22263829233724
98.32302928285205,19.731602205001483,1158.7885011552994,13.485983027374417
94.13294392852715,53.793072188716145,1035.8792841730587,1.094474024758616
49.40228013735208,9.56711341180798,1150.334946172728,35.538305974688996
75.40324385382502,0.9412089278341722,956.737888813227,31.463957633609756
22.23889506106902,1.9639456587425606,881.1506233165145,63.20899139715837
32.01947699381976,11.587465078594194,979.2831336892921,58.72220109498748
29.744648353091684,7.522297320254323,926.0423218022088,48.49337438854624
34.924080871953194,5.567850414002608,767.0814353894998,31.1756058010602
75.97617259347476,3.6968769733488918,886.6313315856513,28.161870816012396
55.760177491935245,14.557792824788915,1062.306928746819,40.493435357283985
88.4934374711039,0.39497490155552045,1027.630167736866,26.735551746909014
41.37105997451923,2.734968515213886,718.5474412237772,53.660765174261556
40.51700881697433,39.03408854009778,1030.5194623844382,25.346567165567606
42.73831081673192,20.565155228275806,1165.5618772946555,34.87604943122141
26.3584321965871,6.777657105597647,1061.310655403644,56.133546492000946
68.52056532174564,33.11415751374986,1125.9532420983396,20.847981585738644
79.35482871747959,33.68768886777753,914.9072998771871,15.516230746219165
68.26114878587947,0.6013392765759993,1091.1309986908632,43.97508138630066
10.952539909984852,2.2393223547826397,1005.0420962414618,61.55124368506709
74.36116638971356,8.617156866909287,1013.7289068379788,26.58803028746274
21.769498993797214,1.685069578879366,993.8976931884449,63.84385680690161
85.30790989883123,36.391591433243214,962.557987260211,9.225442981855467
15.067951128505067,16.45797828981849,930.6954302929911,56.47955134797504
37.036336573683386,34.41812156507226,880.176431325924,30.475334458769794
95.94459543071292,9.052903905017846,841.0542728424546,18.679744595349256
44.834647955657324,30.65353590953975,801.2623368917777,22.054296133930727
40.82785092532333,26.960012062440704,1003.8114147524183,42.361386862588326
45.99783611305967,0.5393389866838848,1042.8240557332567,40.75511836966753
95.69502103468433,81.62456924821971,762.983254644579,4.2283990976287384
44.41880803185385,5.607164900229227,1285.7565002706283,49.88863450059856
33.09635630943181,1.043413929914322,994.2779630346909,48.610977689981084
55.958736299343244,4.907990205786852,1076.3569628810428,35.76850179971091
10.274703121819824,61.22309743163883,1127.2096020266135,34.77674279507628
93.3901010458159,10.618530256837992,962.4144264361056,18.686087750807374
81.01093205517344,3.9966009272554,1050.9790735769247,17.891271767729272
75.0253639842041,15.176218772631977,1000.7259134044313,28.34228128928719
52.792991922346864,19.827666008678104,877.6262616120384,30.572478301284256
37.80641103401089,40.85283147383278,1142.9774815278754,33.51530885567679
95.88870917369424,15.400983073123221,998.3087049851656,18.49250613382594
78.37199872183133,60.471374634116486,1001.0154363868471,0.0
62.0167532390853,14.7283275036631,1032.646394545167,31.60703822969403
15.863574898001794,53.27077526117485,1068.937292910181,38.58928392699274
86.88403661190871,1.4644126854445376,1085.2529518310962,23.826344523883098
76.94240662856599,22.27850091357882,964.5879153564337,27.692479028092585
61.351496065862946,8.009304459821763,956.0942986262002,33.77083611480222
91.48002637757709,30.009395161339974,1201.128409371228,14.355201889385167
35.76152950418336,4.547627812766476,1242.7789122947847,54.68658624859932
12.387650855388106,10.915264029297482,985.6368161455807,57.912040474968215
28.100487893156625,46.351029630803005,1013.4916087364637,36.30107955537288
39.29040721152187,0.12230997514100003,952.5789484070682,52.70507579255035
99.8520785629052,8.330141129248515,1089.6325160560984,20.61367339012527
18.560410143942384,26.196416044956933,787.3548878582502,44.04779130907357
36.91459734703817,7.678929837074421,909.0818132764343,51.8358359808463
36.016251980376126,30.542986058451472,1104.9457928483077,39.534349908250306
14.737215694943036,15.818504534426664,1095.1404921613246,57.42071787163874
11.320790636107409,23.795947091163935,1045.1238904952502,56.492556649043024
50.84539936877154,13.210584530136268,955.0593924571664,47.29351688684229
64.49960770716578,35.18762246864888,965.946091222806,15.809028362240126
26.9886473783982,4.313060262219598,1036.5736502960995,57.30266242781155
36.41248088047807,10.012897817857718,934.3508158153403,39.79239242294067
54.289146682187045,25.296485304331917,990.330103578124,38.440562039130725
30.5974323801958,3.434159184618514,1097.6569181773978,39.13467200701956
26.156177867764814,66.85718427407751,865.892731204215,14.006829373128124
85.90054312144625,7.840864496632646,980.0962595896989,24.608263230469877
23.060053047521052,6.798092137184739,907.567174128104,53.65014525046207
40.05267164973333,3.8047573106922656,945.7866807326113,49.32109385762246
92.41048390970538,10.133694963756296,1032.3613434207361,19.865678117052283
79.74219256679977,66.13533839786093,1000.4781403719456,0.0
18.37609118530699,13.610489679426225,965.8055208467589,49.645448750294285
80.16893573769585,7.543357455584104,962.0911330013164,26.716328227013207
12.018035827893023,37.60863128056021,942.6298231474431,36.17240000032943
16.16555384639897,19.41047750629255,1080.4183353424978,62.257558797895435
58.91241839880289,17.08270264357444,990.0251744109593,31.745319115016684
79.77981354820616,11.16969963002965,1035.4866156840687,25.82256701362638
15.90706316157338,32.91189498960897,850.4808128610222,41.15512400389627
56.6816214923925,24.036757013663856,928.0057427194492,26.070740290799232
97.94783823051392,8.918244926484025,1104.472728173182,22.56002312405664
44.06173125872978,61.276777228345594,955.2512574101466,16.791752286288787
49.28716178961129,2.378396509016723,923.5556557982759,49.04163613452055
11.07672609038633,5.627443906121069,814.6195846261644,57.25857282359151
12.609315635920726,5.655463798041102,1159.4857834821112,67.40492804180755
43.25266085419803,2.0009059142255743,969.4953820754164,42.98076911566733
21.061202908742658,19.33913718473177,1256.035647580669,57.759476618537164
90.06151554425641,1.0887218327097414,1121.7333876404014,19.82702056984497
39.82326301988429,17.079229934844093,1001.374139828066,47.626299530047916
82.77605074530707,14.161111378784646,891.2317660407955,22.266418894975857
43.68120593981821,0.5580142229416326,1043.0437026135348,48.59301989289044
74.59369999549676,12.2295326537079,1048.4567044761363,24.6830309177725
31.790297609200458,6.329907877580882,879.8095679594135,49.06138175488869
76.86134255289869,2.171965205091195,885.5995946292712,27.875028738699086
10.29930432959923,2.316892691584923,1098.8924832377313,64.33790914945449
58.15619505649021,38.34283615041897,978.4194172680537,18.032379582660162
83.63575252907206,12.892397046312988,1163.5069391007773,28.447643458787613
93.64053396855738,24.749222757675145,1099.1214991715221,17.130577989517736
46.62161489847656,16.24302246331088,1153.9831144952093,36.720716369335584
11.777321048592372,23.76424700847605,832.6508186939473,46.47072784792146
46.57284029426845,0.8276496699628031,911.5765160393335,47.38344544977826
14.995385041797284,13.925900380108395,1119.290330619804,56.96628887504207
14.837495652684598,23.187582087878535,1014.649766097703,51.28313949133244
47.2863877978728,1.8069077661955966,930.5697556682555,46.96832367284892
28.640636322218867,5.508665421396238,845.5988632032052,44.626762674350694
52.238466652246096,3.622183885357081,949.4339608064819,46.307857854291434
51.61774515096751,0.11282831086301807,1002.593787506834,39.992343704246586
98.184701063462,10.40942841596235,1109.622616619104,9.637364073804722
46.61393925463921,15.93280086825078,778.5093824835812,32.701802697968816
87.4198907098056,2.643997617241342,640.8105349303689,16.32055185678883
54.86789138184617,0.18292657825532752,936.2882412882224,31.602528386366906
11.960854296497214,74.4746972322743,1056.8650831359107,30.945858908998016
68.53413181030503,7.3341534076097625,974.6049640817959,30.66744155266005
41.47289310239063,15.219019373694112,1070.7250301299978,44.84894609322388
59.283398175161565,2.8912939782883176,1021.8038957898002,31.869737224950267
13.800815466091187,20.3024580492998,1200.650579070102,51.114758886502415
53.5926411163511,5.4839926350865245,1032.4657661654096,39.20459815635099
86.01229610456716,0.25215316457209924,862.1733404081772,27.08017078611736
25.817491083013078,10.242315278020161,958.896019220446,64.11046984811027
89.47901299935288,10.789116861217526,985.5832970695162,17.196601242215237
89.37703056027418,54.839324871631526,1188.4619021396088,0.0
15.080286401531378,20.506539331809687,1112.6252682515017,48.62868044738087
76.75294880232529,22.73527694415829,875.7575661351757,13.918006187554571
97.97348495220412,8.705285014732759,898.0985937132605,5.144792690993265
22.383684139480696,83.05312430589592,967.7753594763699,12.151667902234765
69.00445942971766,20.870373667319885,1049.5352530200953,29.04999280078428
98.05271380486153,30.407006404601603,934.5703385988231,0.766839039956488
56.48873973143808,10.403908445656846,1047.0276803518698,41.12833058004763
73.00457504531482,24.220561029389312,974.0491336737656,17.100799601075977
88.05165670222961,28.668912042471238,1014.8335889374689,19.375935991833604
47.38664326681988,5.263222592288518,1124.5855009639688,44.24519592074583
23.842953098988865,9.398841845381114,922.1588203418769,59.138974608762396
98.905235303312,9.544334805669584,969.4500195983194,16.435958410159238
42.164067895274506,15.850193523355747,1040.3928203995254,41.016949442512484
93.0687747733519,0.4253573763713433,957.4642506950372,14.487276789628428
24.53652037635436,31.520943649765588,844.9816760072937,42.56261569414918
16.583580725499758,28.3971906856605,926.9794489618139,47.00568632207572
56.782860116037746,6.140052289448314,941.3913489579272,36.26927953160588
10.146606781488583,12.745449993394597,869.9113799725949,48.533312665838984
17.62487706288624,0.6513465163183736,1143.8923517600383,70.18182987970593
65.51136038725035,8.423845454382013,972.1417267183955,28.30432194479214
41.669595474062355,3.632654280921669,1012.3649135329217,51.53182231525041
31.729987668083393,8.599096243052134,1094.9393206557174,56.76947767452485
73.22366194990937,20.298721388544468,1050.895998036414,22.081908594068747
74.29990003149402,10.189204833306537,806.4586054821273,17.017143471505314
93.09432822228366,9.592980924987199,1000.4043424140511,13.426455413468634
87.28245654196697,2.1695797559927295,975.404645341854,23.72522668613892
36.834748548343974,45.98506022095063,1025.8826825472988,20.81833940860082
59.55824029183397,33.06414906394299,1104.5980557988785,22.060453950395445
23.027256821389194,7.52388196433073,1095.1816387258616,48.1366856059188
81.37320219268561,65.37750078238565,1021.1936817607976,2.9443184731367946
44.00452271951075,14.208632910294654,1041.6182964908933,40.57276068544018
29.502969545539745,3.748006711779791,866.0651918725187,56.67401952958916
96.58340725614596,13.46409549971101,1019.4296603250517,28.74116007121575
46.35116433502904,24.17915824786012,1044.1973902956433,31.94758249261283
73.21521211535301,18.37086173960373,972.4505305598875,24.522544403847203
46.54198167128512,27.163672272958465,964.5045173674533,44.286902822982015
18.382188373567352,16.139139877481167,1156.195046790592,63.88909107932619
17.6509269438021,10.922726719551966,1079.7465388472942,62.080364722145795
60.28500430778828,8.76704231484685,905.9321368234188,28.824665476994436
12.134360544488926,10.142908932446556,1033.5075761598262,57.33864735393241
39.44705330761661,0.5142929081045136,982.1006524930123,47.58790680591505
36.56594527322049,0.9191128743793424,907.348293190885,41.67389653996167
92.87361433983314,12.278508507455173,965.0430325164565,20.623211610544214
24.117129002658952,5.342926618074658,863.003095459462,58.990074474428255
94.86821488132166,13.80431881367946,950.2946154575837,19.080075763667097
51.73567181384153,1.749130664215192,924.6739775329538,42.33549187340324
13.32644550133345,0.633480909828214,898.4608913535341,60.846315058022384
24.67448541989549,18.771603965604996,931.3036805629581,43.8008543090345
92.21060456308234,4.275340424525498,970.3827358241673,19.0737569066142
11.328106656762559,2.599139380483138,956.2029790478008,59.81207954389757
31.32436115305677,10.323799011345454,985.1124034072922,46.129338396401764
64.77187921114526,4.834860817868401,1115.4564831259845,32.9154781485111
65.45978219042975,9.423936802845464,1038.9469326318467,42.3209178247036
85.95616386005,5.525082157509029,898.6769276320651,32.351726468718184
20.559697610898446,0.0964790040631054,975.1482055854818,59.8023880129766
43.44299317928244,7.422350077708002,933.2425395096603,36.1670545201958
83.82791983187634,0.42582324614922606,999.1282563344322,29.282050337804627
62.644532087830726,32.030807333847186,935.3016622300862,12.896797504813387
76.11344442045467,20.725992599375537,1157.8926386053272,23.611202511143407
45.601080614984575,68.8136641243687,1080.530587491724,18.03106160937474
71.58735262653016,0.5254811680912724,1169.753437243094,50.696886176571226
82.10503512115704,8.474055893683344,1032.5353101286846,28.471148140833552
92.63059554073004,0.7190734769324351,942.4649288344398,17.606217187113977
53.33991762517613,11.383984541084292,1056.1515089411218,42.869382335554164
51.607618141066766,31.2158055241393,1019.8703645149693,18.512166873445818
14.876023415431092,4.766539606612994,878.485309368687,64.72644242036696
59.64526156021969,3.931911717620849,995.0602486840626,35.81540169424917
50.92357857069926,44.46104049590745,1107.6355349212645,26.635058220968222
99.12525383979072,24.146812142233376,968.2769117003176,3.4112724186821435
26.802287914344067,0.11110027802406834,865.4201418556488,62.68033751252072
53.14997552708161,0.5960371287731933,928.7698541448412,29.706934966603512
95.01187252687347,14.190964528470358,1041.7754566412952,23.424421652196955
65.2737130446486,6.472082149340219,942.8623696472687,30.09629407935356
18.26263050033828,5.294995763794069,1085.4738758744807,60.43367499640044
27.509016205043086,6.937030471291965,958.1876320476315,46.966129187893905
59.048761606378385,14.748779051826688,858.8935996870817,28.996031294516623
35.789172271951685,11.925783263891928,958.5628505905806,48.517875380970644
91.72990926892938,7.468784863010126,1111.2054905969571,32.162316345758356
92.46767108532252,7.742638585065901,1010.4440538055467,18.894922137692312
42.781704585108834,7.910849121997531,996.8883715000862,50.196158038213284
95.34362917307723,3.0345744367480716,1085.455497065008,28.218724982768357
78.6520210125139,38.404598236096476,995.1938289745832,15.005036050241682
25.09838237899236,28.03936358640692,1040.4504741870628,41.366912576508916
26.894067939870894,4.566132697146452,866.986472475628,51.996869487743986
47.652945821986044,2.9356986514272005,1184.5436384355648,47.822512717402596
65.77290705989898,9.196268797416266,1012.3741784542982,29.972555020297204
16.07439138837976,53.72606585984984,1104.0865858950158,34.15769810633802
41.690129384254895,40.54709660379777,1153.8628003709805,32.61027105488971
29.060078676812072,17.948626665577915,1022.4492889482458,49.37386235859721
22.10772540164458,2.16507235593914,1068.4253464782696,62.40960905335926
97.77825496161277,7.80627266030354,994.9778712609418,11.345721729232068
60.25250933260184,14.871441925441506,746.6860069110139,28.43028505980177
35.68955529115368,14.42057899035174,1208.0228738874223,54.605173165440625
31.564974885417637,1.952392206211982,1080.6714698634753,50.521024272585386
24.58925747646382,6.557430810039754,879.9852835752447,50.2276615012007
47.864540269794595,12.873058323763738,1073.692154498566,33.85509067803064
84.4284266977499,13.982347133528698,839.2101189983616,22.92063871577755
15.21085417743804,12.898853649354672,1128.6128184954955,62.776450474876484
12.617958826362155,54.89200585428241,1076.0962910010305,32.41311959354133
40.17602487635514,2.24103309007794,898.5818294022938,37.81061132134579
78.67004745562022,17.134337575766825,890.2351373302114,21.489687005762516
72.91596919113005,12.348459983794841,995.5446218559591,24.802410228639253
48.75506640005542,0.6732902763013857,998.0744441167622,43.484908996367125
93.77608303467046,3.2715035972495627,997.468506207519,22.533010752986453
35.431730857969086,12.814080971315853,1147.7511785882618,55.33427836769429
13.707282112705151,19.744979865063115,965.5696204047773,46.1735545848147
32.13683051923938,6.333010776513547,1079.6339675562328,62.55057971194785
84.1227734919834,6.201360161676409,1039.753816937383,23.454356365818054
45.028705342392165,17.630218788408307,916.938711286504,39.73710581088596
87.38917964086453,4.701786455608125,987.5139143715897,28.304455568085444
98.9121125550698,6.394289458455125,927.0262313149757,18.91743658217896
57.56468127038691,3.7204003936912224,1065.9037523607094,46.97766461546744
46.64326654760059,10.255638640973041,997.7051888123905,44.60669958688891
94.88969114700306,16.80660153162059,964.395705248083,15.17568653358406
83.62011852404963,10.778479803169189,843.6142289319805,13.447442610319317
14.196767891406262,18.26419300637455,910.2466856963202,52.547810267864776
94.00870173474816,3.1838552221770398,956.1508926431466,19.23538469464089
69.0186304678998,0.8344037235306347,1059.4588921215172,33.59795317502866
19.536039853331218,6.993337249451478,942.4883027936842,61.07913799431117
87.43396771000286,1.3802897772528822,1095.5328839797833,28.59220199186913
51.36652050421753,10.80975747140297,930.4616866362402,36.79933408084373
53.69648757260718,16.501323545942114,1024.6602325445504,27.3619732178094
54.44713097787158,3.3667607550275527,963.220574499968,36.41351030466141
46.59430883356054,26.774105411762008,881.1654645590603,33.66588748902743
11.702881066492024,20.984031074707175,1068.7083752338929,55.39510411146613
65.23545953484637,8.04275564114756,986.6281190023612,29.88471348141308
41.55476237820195,9.901612858457561,1074.3462622628865,43.28869429462027
18.53626587134925,14.51373769509813,974.2039572744064,57.076658513182124
96.03283228560613,3.5769847528994823,1095.6599542727918,25.670961498872163
87.95252208462067,4.666364043224925,1106.1122165772013,18.006391193979564
54.66713131670132,27.47590323026255,1219.0627049602738,28.122864115509792
88.69621131030665,4.657607200630586,1037.440930440635,27.58338199299521
27.56335236671022,22.041935415293548,1035.8828400913733,41.03056186395735
15.265090087381363,10.48532615210539,1070.1355656073017,54.08163692646249
51.84350303778628,9.20447312098997,885.1013631119142,34.05014707797335
70.58632285958012,8.537139980917308,1108.089552256657,37.505398369974465
62.81669465401958,10.777198254695842,1136.9189746944378,32.885922351003835
79.68563312699118,0.9044880071392435,1195.5158185085643,41.08295027345044
73.4287176196163,5.071166279696991,821.1147850905957,27.12754350654545
11.43934749194814,37.3076176349446,1059.052410614467,51.67178199515908
92.0277648016179,14.539222778240429,986.4685344482131,15.318044529991097
19.07929791504286,0.2449080073505354,872.6374563075593,55.69216447889694
25.046057711419493,16.569107323732176,975.9389887329518,47.29131533770861
21.334398183346366,13.239550840246295,1073.547278959757,51.92249324021034
82.01637628430356,1.4146401480368316,1038.5816623245526,29.936389896565405
20.691599363538565,56.73837219485867,1007.5992067800246,28.38997247886102
64.33189587607657,23.417784389370468,1197.6838837767896,25.038610406481524
96.2397566781409,2.1385550941013673,815.294059228371,18.835600721679935
10.361304952168554,8.710798923951131,1006.4677939064751,60.08247797517178
47.495283866911784,19.90824680760432,1153.4745382289775,39.03150092345737
17.864762807951372,12.637608702805851,1062.5086969794604,64.30657950416492
22.539453946770934,10.737410820278155,915.0497866227003,61.66286491648522
79.80901861267097,19.4214529008096,889.122780272327,11.01056922252763
23.820135797500164,28.35005738617723,921.1160923271549,41.9697668054191
13.737016665136611,22.42635570272683,805.832254948555,43.11755622341162
20.391551366278954,12.075259947729025,1115.3023830854763,56.30311993862608
57.003060618122255,10.448270633872166,1186.818455666722,44.08349544401146
80.93334345675076,8.28814272752474,1115.8186642566745,26.58148807375787
98.65610767089417,26.839729492598632,860.2148236720456,4.193035747935467
83.83130273794252,3.0255762935079598,849.847506167383,22.296670445767443
56.23766030425637,23.952854513329726,981.9332896210756,31.161134341112373
41.149781413787764,9.407740730560144,1069.5889866323605,49.88143592348876
70.37589714283557,12.537989307536552,1071.8695601702034,29.711405372530404
17.68272598730647,10.05972241900796,1034.4235938049076,49.683641799893884
67.00503417958956,37.99503188261157,855.6019622164222,17.822659687939787
72.53304050833322,17.61511477992598,1024.4868927711718,22.375546566587104
37.61376237793762,14.486549524125994,962.8781406852652,42.918527837899255
68.81608282605177,41.63078792740293,701.6033210563272,5.889752101069892
20.81639449024898,5.012174950886699,909.7563502082162,60.45409857504585
18.194939475962236,1.4010416244874309,1046.201049863697,53.86050357333047
10.670777527763386,3.2061787403830597,878.4583048330804,63.779965946925635
88.29056808251995,11.694716062040508,1020.4723399013913,27.328275089538604
23.657239292114046,0.998566874086511,1042.3442687782385,56.85712812114231
96.7156083190842,22.150456580382738,1032.477989003298,10.192389687483706
40.4302767095829,1.2606093572833434,1037.1218389389053,43.40793156408429
87.81650603677905,35.44018056719436,978.8562958354886,14.228810328754374
71.91148711133357,3.279566764305264,1030.4476407540649,33.51289930690332
45.07287747707164,3.6563048654702017,1029.2328844490082,40.95553100462047
63.99015475352611,30.4433731904316,1093.937316510102,20.657730530219983
77.83576683139523,0.30879563577296765,1086.163179806977,28.23343312652478
94.65170522768138,9.948477486064789,933.2025077668598,20.269349774253147
88.28470585127629,6.957931955009456,951.3516969025023,27.39672135190328
96.87167429520106,12.66761646132725,845.4528591026309,11.164228345201092
25.797540185075153,26.03787097520384,1007.1033170506528,51.1290704322809
56.770941876834904,16.892381498223607,821.2197831557202,28.470601897152083
29.26022078344776,27.748964828224167,833.4702212430625,37.92246316416118
96.03859880986376,4.1448622489782645,1009.1314724986673,24.88983507065395
38.82043529884352,8.010361120652751,1104.8560909624728,53.43955616579143
24.842417068452345,8.371933380844775,854.9646050678714,52.972947467754096
52.23297096310167,0.29189305346218547,1095.587987226412,50.09622410752209
15.355139546648067,30.814346887813542,1162.7331023755942,40.28513398240099
93.11471939632922,9.400579013402698,937.5629730532393,14.576774552858836
19.561065052186084,5.036437127685721,948.9184611240466,59.41376638757553
34.20991067358959,0.8645216255678831,974.5254028788065,50.4463860584687
31.99901631474387,8.663560819726284,941.5820842876698,39.93291441775139
71.03767678688894,19.119155560644504,1169.8165080112701,23.486740410482533
16.033314661021812,39.62534245153188,872.3773086746883,42.523034027699275
76.7730054618117,19.311144893313454,990.1270365646643,17.071470149125716
78.52450552830267,6.480378989525502,987.5991332383493,26.67681488695811
93.19581004072276,30.60039297753935,910.2180151820686,13.120736674023181
15.05433933423016,1.5266917174382408,983.1517999851621,64.38282768148797
78.09969756247057,12.508167415665723,975.1382267546674,10.749299354504451
66.32222337953081,6.69363894223555,1019.2449100902666,32.012293026214905
55.88342825573238,6.506966370402949,839.9782180934177,34.77113690312766
79.19612564391151,1.1054448099156948,1018.4860822910758,20.559852861893194
51.658615517720165,2.2309464846827116,898.8514025747851,32.51066669705193
74.125157463395,7.813947013107592,986.9036359401672,30.727572425254426
77.4883973223171,14.35172167000447,1010.9860192269487,26.570488344029766
21.117867334014736,35.14551484315224,898.3787636501407,39.97955018209017
92.73608258504481,19.39936574358148,1102.2701387351565,20.356004543477688
45.51417539403177,5.320065812693117,1043.3670863497782,49.20520043249138
65.71125587345031,37.65476892348861,1003.9187064419011,14.884115892931035
82.18362010650517,20.863889749293268,1174.0689479307762,27.624260923228192
24.07631177974418,9.896575315503261,1034.7507093622676,56.06618031439601
84.0224427316444,6.825598500761869,987.2285332002975,26.482746047418654
77.78642992434058,37.80765416529476,902.1872340220038,8.804618597191148
65.52154727649184,13.110535859410742,1176.5979020381192,36.009482490540634
94.52857575210439,4.9352738407377545,988.8540503109542,11.808058110206858
67.82355943888194,9.406607933790147,1005.8055707233701,34.24311130124136
83.89695511235075,2.125552163468592,871.4347985924207,24.72990281358192
73.87515542353484,20.638588479254427,985.4575174650602,18.76889413935959
32.287568037619174,17.173487572891187,827.460202624068,37.073117798477504
64.46083040287377,37.19978076054395,966.0014977871735,21.979966998119952
14.863203488356719,2.859115388626425,1056.81862422068,59.10900123771703
52.97743445689418,3.3910508156132684,666.3279525831538,37.94321015942234
55.029934230648614,12.774848214934353,1043.5156453822246,27.637926504153896
77.05750815707175,10.309449734268886,814.3277763302767,15.034023673873108
69.81560787773816,8.870347953770025,894.228671627418,39.09812523199529
44.21731816002101,5.416230058856252,1068.2479931987805,56.35665592573373
14.697613594889903,27.255724726322256,1037.4635134939626,49.74916553689252
17.2422389005308,21.991950340247428,1053.5776795522506,51.304024311167765
91.33023892749671,18.969758080893442,997.8302152087183,20.31921173470937
75.37447329017274,57.91209064997557,821.1264277694006,2.3372624810080405
39.85326700186256,4.819413163540679,891.0816755104248,39.07219371416977
29.8446336225819,2.514242970900626,773.9673285383672,43.02384351110725
22.006180060629493,21.54837518833487,869.6823750165797,43.275869280493104
48.90228578384185,16.54524388407221,841.5101426762254,37.82056818922568
19.417154075148403,28.549468498576648,820.546807946453,36.14655252158168
82.38172225400457,43.12341944516229,1023.8513515098788,11.874012536626804
42.53294502529564,1.613252840921222,923.0606286160574,43.094086510719364
41.026335171384275,8.435941282661657,1205.776123170949,50.59867349915869
35.0685982345763,30.245911387166455,1070.2299413392743,40.18886574156532
52.97867330968834,3.1865287105938562,885.1395309863767,45.17884718737028
45.04669019154308,17.139772941280917,1015.117902875762,28.985982229245188
27.069965631782278,4.963724224167679,1105.263708039607,54.03093823622161
69.51355848987515,44.76028295019203,1185.2707083475807,14.274382676959707
48.91253226942379,15.599552932590798,965.0000933187982,31.43050682150555
21.566279897816308,0.465059590173106,1043.4829996108697,48.146057198833766
23.761367693912582,7.230118053657144,1009.009288559332,53.97041670574001
80.16232659536024,16.730497322839778,846.9467578938509,16.897384505877845
66.78764100281168,7.973656576669807,1222.0656934771616,43.5298549138399
25.30148588558602,15.543051967799267,952.6905852099998,49.25909022758377
85.87295712902068,5.427211293846541,886.8691157665941,12.180390110896683
92.96091753517533,10.664134645778741,846.8184285126931,21.166554190868382
88.45080636167397,8.383013087367399,994.6341719014366,25.355287368261727
70.80324001618604,6.6907165671433315,993.1482677881219,30.79435109027273
27.90033589169138,0.3180018435121834,871.6405150456443,51.59446697511926
10.703982746228185,3.7222563056244438,1023.2468370563183,64.18384479042169
52.18445189657803,27.645857188076146,1102.6634087034151,27.673977938234565
87.44822873359736,0.5540216989813378,920.6754924445062,22.74037058645047
46.457074679658724,1.143997694151445,989.3560339811733,47.42612132227485
31.751872990154027,5.664390989422918,1034.957486399881,46.66730016047866
20.55505805384763,1.3062720774546133,1021.8883673694206,47.83516388020294
14.105386982195743,0.15817416311463323,848.8824367710151,52.657355395826045
96.5895127710954,19.099898172144037,1114.1069694652956,10.191064537284412
34.62433825374342,1.222206843051188,973.4633743922379,54.8141961462661
53.05927081372127,39.00832572356342,964.3672284037314,20.584501080698292
82.50931065971884,7.52922944440381,1208.1316952278278,23.10205739721923
46.029056620304246,0.4632899886021843,961.8275495552978,45.127821062264665
51.586172607120815,24.364095126117714,972.9075347208992,28.857285011527757
35.896265228940266,29.28229197781213,929.8835190473847,34.745614678364255
22.138036927191337,22.29500797788807,1100.892375650341,52.03779215269063
85.57307392865516,5.767684741893783,1009.3670506377672,22.11051463501057
93.82213515626378,17.27683881375647,1083.6484658641532,13.45199343978277
89.40489014877473,8.937427441690824,1029.6752022145615,21.498046417522197
90.3371513787133,0.44423245655358473,933.1127454385177,29.308629356805053
38.86543453686268,6.287905066015748,1100.4694501778156,53.29433087582734
75.11143974942489,14.779044912938792,1079.4222122792687,31.916440473891026
93.91266241771925,3.440836923533972,880.3835216223342,22.903302339531457
47.124120769909645,5.079413488982408,991.7153776517561,44.431540146627185
23.28461464664341,0.6643248639998913,1047.9284891715538,54.57755352024724
54.94272525809477,2.3411380138158933,1031.5908201346272,44.83039502872811
42.117190021054476,5.929731621715181,1291.0719369759963,55.02169856529205
68.57773327925017,8.307523988939648,1136.8338341594865,37.321929770476416
99.07627663503195,6.570852966261307,1026.580127442189,16.09101833228779
18.131998077857205,42.05656435250911,1062.3694185222053,40.475121637197354
51.077607979683584,3.741238654935027,1046.6241418213779,39.283589666435816
23.624785330265993,3.0461348269550967,1030.862568004054,52.86464275465045
28.189253981369152,9.894159071963728,1163.7296547208155,56.20213248754972
82.2827169506929,27.419641558711916,1023.3782145976485,12.305379635367254
99.89840756197968,8.121999321133764,953.9347031632786,8.731026656668558
13.156212507854566,1.148924858285374,897.938011516831,48.60983343113061
65.14089242942963,36.39058108862683,1120.1929926061773,18.95179721995315
85.47299494633442,18.229173299492903,995.6532114721622,17.877475049361326
61.17431451080256,6.412659425975162,1017.0645521393548,43.81170153041349
77.80754589919299,5.828232202752329,1010.0226875391304,26.881919205752567
66.17994520393154,11.930698146284772,1066.3938343172476,31.271660717900115
19.516201140291233,7.764308966074061,840.9307136627937,61.41912438621679
35.753105819235714,8.828908223923303,886.6640698896176,47.742854957243274
12.2229461931507,7.8799964046669615,847.2963481729872,49.66222780041341
62.35907035492088,8.797100836411676,1031.932029476577,42.85476501122143
22.020996044480803,12.268104934436362,974.1019592196392,42.96932128233628
25.714110407018154,2.4073181451921926,975.9337864577259,50.83259351117433
47.31160337972987,9.555541792080705,927.2539111876322,34.2277073233559
71.0323285045678,57.85402243282914,908.4073947018599,4.299826553897366
53.44577100315145,56.86205601420739,1116.8408719571962,9.98792327440363
97.75055345762269,4.809219688394711,925.7761689824943,21.056506738752933
34.38895099067791,19.329430965903313,934.3359973559534,42.33635350022942
71.62813680874102,2.9971418516563157,1006.755331262874,28.40077492380477
50.03045421732048,10.465742473210538,1195.357402218782,43.93325823010933
39.413111917384825,45.16114200493939,1071.4994472070623,18.138604028306393
25.126102797088155,9.007560455583386,944.2374071245215,36.90192059707738
77.00513816195127,21.05453426143561,809.0305847031183,19.572629747251206
10.68621502332968,12.592262564438014,949.425365658815,50.351213783047484
74.08056787907097,11.660427122123505,1017.336665406421,25.42310797385236
29.291949831448544,11.720653413484456,1027.4791807556674,54.20842989465785
42.20680312238166,4.872057098337805,935.2975125878363,42.50714290075323
19.52859040162339,0.007550180877107964,1069.7863977348454,64.03798967882314
86.90772324942762,25.01977498737086,1053.5005518267067,12.875894414401046
83.93038282789182,9.466489923745641,1136.4183554373997,30.33824701967439
75.74189840587917,3.321880802474553,893.3411955731802,23.26348417645159
60.61718435866621,11.777352582139072,1029.732552989423,39.72334913106188
70.88126511593545,1.18365831000962,1126.6048711196433,30.136712314011604
25.964933801004996,16.532272944374697,1040.0341471275385,47.0069754777169
21.408328795814093,27.250129379924218,995.4740367690598,47.90714331303613
48.87163959189513,8.071060934891323,886.2535646348216,36.3169134299135
32.084988507859734,4.985408605127685,986.7666713738903,64.89310288669068
17.6811592027123,6.366321275776814,969.3829910300535,52.58273902886336
21.639462393748992,19.259230081925892,1107.8636352709793,49.185000769241405
34.88223372487842,11.044660750361833,791.2514846020464,45.54766357566498
26.462704535111133,3.559477012851121,1192.9843872762522,53.138737972912
33.48471113892671,1.7112534129085792,903.8479246511221,50.70017782580373
16.64625413425896,2.3686662883338947,945.5664189946489,62.090920407628474
18.03968618743689,9.891599804922299,976.3961091872638,56.979956154305405
90.90539859296891,34.6664231765935,1071.1265571162887,13.256299638759518
89.95877984043618,4.00975262511311,1004.9290147752034,20.559376179393126
32.56064276895934,5.7952422796396466,954.6494315682629,60.679088422518035
11.176095175821025,17.41005958633756,895.4322894270588,47.30242998777521
97.58331508285595,3.935778293344685,873.4141823986369,14.57675158025885
48.40354083954472,18.727248320810975,837.0743557807575,32.927906209651745
71.52839716069504,15.236072867286087,930.56899007078,19.337729814837395
90.80572162138016,1.6101795581590266,872.1831637262738,24.670418512312157
10.412698136267458,8.139592904855906,992.2287886386484,56.326839625841885
72.7502092496886,10.284818566615273,1052.1470221980894,23.512589053203957
80.62750750196564,11.938686714832153,830.3632256146731,17.3571414419157
84.10627731928396,29.506749088429782,1031.7798812189644,13.419994937171225
91.64338290772103,11.255498537566952,977.1124256381123,13.283504098450827
31.342427447361565,1.5223647210975269,892.5046817641914,44.936640669515356
38.50915342780755,2.726494655560652,1010.6430018741196,51.52948192648041
38.68301681067413,31.386961317117855,1043.0637391008006,38.74561137568086
87.90691978673763,30.559265036216694,864.0879244345059,5.829535642587146
92.41803033020162,35.238444462960885,929.8753234038122,9.206429176134568
80.18688607905811,59.98236831878425,1054.1635997330281,0.9611206060715256
67.12811103872673,22.08321026624487,886.8640195424433,18.62471075713425
51.12464095860313,8.18243422503182,1050.629012945302,44.218460066432364
65.49670270371436,21.467837323542447,1084.0247696137355,27.83432115544268
86.19916496833198,19.41743772038029,910.7424051800831,16.056949829947637
86.02004067413512,16.11577187202777,1102.165880545095,18.109319816434102
77.85336407979321,16.97371132066033,1092.22265977395,22.38843019861201
42.334368635181875,65.26979307010657,1115.2933288678194,14.732962366123868
88.89967929990598,40.645636116642116,1187.7290913410197,13.510384677663954
47.308735713434274,4.43365416587809,1013.5997229571119,33.805190573033364
69.07498281018287,56.55326499117966,1142.7079104408083,5.221322679490402
95.87123211020567,2.123020999923802,821.3210535757544,20.944881134057045
93.02831721585449,4.582648791557068,1020.7722898070874,25.953148595282688
28.723108763032435,17.492226166191305,1075.6381840572367,48.75494065921787
21.206786348920538,21.175972726809494,1113.318893680559,47.580810589665546
84.5058983963334,10.315910708946909,1020.3703612788555,22.195748225858697
11.563087460102828,45.54275490279569,892.8698318371811,38.94580785893054
69.86506791732035,17.957720063164004,850.6007181741742,21.38433347077426
78.07676234377242,0.8927590191206731,1118.839053175899,22.00150670108995
61.494555728984345,1.8099249071538417,1133.3717238572988,47.554954874147846
16.65236764832266,39.82012205835693,890.5893149238891,37.72367423913141
97.41343169065108,13.97273997955177,1002.7222783827947,20.338161548587568
58.099982867941335,16.806781444226445,867.091331836468,31.73734218380965
88.19313431478368,33.12755279799957,1101.1051460921992,12.401245033043107
14.301711304479936,9.885181139709532,925.9999703973868,57.07120401284535
60.49114896943251,2.703524196660005,861.9763216624948,37.008941614525725
34.36561836249953,0.16614536927911847,943.1397979377375,43.280066234879776
86.56148796941625,46.59236905033274,1125.3289399711125,8.744268428188324
74.59542238363785,7.868754011592451,1016.0105633080475,26.266956119756106
18.511973334611973,13.932287094492825,1030.2228424227535,63.32739977734568
23.02469567239369,16.037485662202286,970.8745434790641,53.006728714051306
11.444120432179496,2.6694701243394077,1128.8492131447226,68.78804704898161
57.233795903740685,16.35909656949203,1165.655231024939,37.55899410649674
27.937702629176176,17.836245353858054,1027.9298785997003,45.77639864620847
45.339306543883254,3.7102353948074835,1158.5849208228406,45.697892394393925
30.345678118044237,5.576145491695365,1101.9315176370894,54.759014127748316
37.388291399545665,12.878665696201226,920.9040744685661,41.82614724652312
67.87890767381344,15.112060420120354,1002.1329015354703,36.92705332418493
81.89423466987957,13.963175618542433,998.9226891899723,25.60414850823165
16.669133526344226,4.132700321367448,1031.7030935528028,66.19425016574633
41.760272066081185,5.662101050033456,880.7181216040607,43.49123870215699
98.21843592513505,2.8624569465326823,990.2556607318218,11.330750262862013
75.19296357121733,8.353902708231104,1125.164284309213,22.160932792999326
42.09984939575541,12.82785275785059,1051.7984628300621,42.58708219674363
27.217849164634053,27.9152379582801,986.6904174066657,33.671083363333125
65.60629785974261,2.8795526034913537,1057.242574169933,38.89473172796184
50.362403345323564,1.90693808430887,897.9553787969503,45.15012158196671
48.20003559855706,3.189894358538392,997.2818456482863,41.138469810942475
15.124747076032452,26.217640979754755,845.767155230699,45.10502539213649
76.16988589510088,20.283390192097748,1021.8398163377702,14.233596775074245
99.94771829099548,2.002857484085537,957.4861908175753,19.55037315555998
59.33298852692692,8.597629426082602,1042.1127458812073,37.074657613447386
51.75467531604818,4.91501839455539,1123.4623142327116,37.71489869435444
99.48847254868,77.50851972191056,971.2399030191187,2.060958491752633
72.73522232902013,9.886339642662705,1031.9673497622857,41.813335345792034
10.029392876818388,17.178120745001127,1091.062897735357,63.29525266557644
54.20637059997808,7.476169438545943,1075.0115127669726,47.059791896926406
95.99226091080642,11.68409148434114,1016.8526931425681,20.36905603414628
59.030758398597676,23.218040081095918,934.2527183500308,25.37409191230718
58.83506990011156,22.127975317513478,953.3058927810002,28.480519312852557
15.257936676619744,1.9928708131502788,1053.2261890957473,70.60388971257696
17.7709602795636,3.4735330205844352,1131.9359986184454,55.41618595178708
46.901949887427456,8.473830535969642,977.9216194610747,44.40450647050311
93.21830510365561,10.937373764148072,1143.5381431644964,23.59300898630828
74.46472399295314,0.23740791894099225,924.5681588673406,32.09356269492202
45.330881664631974,0.89461162081273,780.6250194867625,48.4101796110704
87.21833147407482,2.4906691284463034,831.6504529747979,16.87310253657022
57.12462414028726,25.708580938746426,1020.0145307865279,28.716861702578566
31.88125305129203,35.144215405023765,959.1296501533891,44.51907663275718
66.79527508287117,7.591031231219974,922.4178941871609,26.571929614179773
41.65674041956184,3.978918349515254,911.6878737218008,44.01870057179391
16.11778854788769,28.122924985563387,993.708984644891,51.67159319309921
47.90372553248453,30.250443021590705,889.6076432694773,29.30741778394094
11.838191199564362,4.256955285664434,982.52827016448,64.30968448852238
93.9515585944298,9.64084325450964,930.0225291304214,12.374132286573776
72.32144253285215,6.600110335977523,948.9191447652007,29.836775190243245
76.56034542303162,3.0975298854819,885.9471719962825,22.091132859479206
47.86893913716295,7.430612204050132,999.4439288541942,35.777474484523495
51.74557755956669,0.6644769867956006,1066.7240074861259,53.47250991347513
33.3289387407286,19.313843869466826,977.3653631766745,38.74663173673099
94.75119943361844,30.178803032548412,1190.9619704164159,17.241125320121075
44.99808630628997,2.3298759788274164,939.4476502658645,43.02694387472094
71.70436540257668,37.65683762177159,1042.874505967635,9.58541121771541
70.54537678216843,1.6703678380675124,1045.6843502195993,31.043040076254787
93.23346193913804,24.332747436626253,888.7326771229219,14.01396480249668
95.31766876652941,0.0031276277509771004,1035.003203488248,21.342085578436052
65.71210711878302,8.676737207525044,1072.7280167444649,28.348289781698195
50.54969109993366,6.263828048743269,941.6522123164567,45.33927413488757
35.63915573771581,53.6757551699412,1091.034744110207,23.199719777706655
28.795292336863394,12.56738946115446,955.360305502203,44.389005605294216
62.84485200650277,1.622903487521086,1097.8749638465993,40.09945425973858
42.89593978801367,4.817769083693415,980.9270089565503,53.23744039912487
68.26223462152271,6.362497393998459,1083.2313096217847,36.15489481119456
54.09878588956343,46.93943714931535,988.5612312139256,10.80751624466555
42.98362777541764,11.804438728204897,1108.8636465597444,39.017750876125405
28.70920021870526,16.715336409028207,1190.5769753499255,44.661905432236445
16.462327179572235,46.77364335852695,928.118411162937,39.44109989621279
22.634801705506433,5.2146859745760334,1066.1613475660606,54.062894378174505
49.92774232682339,4.314780447279633,1118.5215672047275,35.40333990033449
59.35166822856389,24.263965880550174,927.747573125057,30.256781947418382
71.34588553231761,6.938655051286199,1066.9599863806288,34.16455663452298
56.90588705160881,0.9424146717431559,933.7581480230175,40.03499994823863
47.87406102075193,62.58352747527319,858.1648955905068,15.432866954421456
91.76457553440693,6.421024863533974,834.6271774281926,7.984536615762252
52.93787541363993,2.527165660815797,1078.97486962018,42.64246904144949
93.42555778313424,1.8656926354207386,867.0274571572149,28.522523080518443
31.5934266190742,3.3211893880517285,1031.4422452144206,59.690764400997395
29.29824317292842,1.5379107027830616,936.1439858228673,48.76115226502223
95.56942933536595,3.1324395646621674,973.2213823216701,17.25966285805267
29.827397583843442,16.422486070701677,945.7109054036895,41.448649516027885
73.57785684695418,3.2851776752930446,1061.5882268225866,21.826201085141488
23.754969762723434,0.20386806447574604,979.9716483981191,63.66689888607514
25.335488013412654,4.033277532166838,1079.3724675934402,53.222222279118476
23.866631237686335,14.840508681900962,887.5003834724017,39.32879157745552
20.211608808107744,4.783766152949706,951.3686257982638,57.07211954172049
95.70650832757362,4.629593164496576,1021.6254625178858,19.10159477013486
99.30353431808612,3.433463092518821,929.5289349240824,18.090129320692345
80.62781371676897,0.18544414149530683,1185.3949116011142,42.48020551322615
26.586360639127196,15.552381596618083,929.5472881118932,50.24399203109483
43.45461790763216,4.212221369092843,945.2780440417768,47.292558220949466
57.98760545923576,18.02635930492332,1083.2582875198752,32.23250664924804
87.58826494426071,30.97855041569113,943.5844279909348,13.965120662401063
12.213811352165841,24.199555838958528,1208.1773594601884,54.86196584042668
49.77650463956021,0.7515735595031182,1069.0334135815572,49.76206133985373
57.92614418969926,0.05973147656429014,914.4316261279673,34.701339564887064
69.92987459654643,30.218562339472005,972.6166854470847,13.361849949061298
28.71316522000156,18.89051446372484,1128.2247669198384,52.01508174019934
42.636909478789924,1.2786831412990707,1061.5332758834793,56.99665774094333
49.872951226776486,9.295596532029041,1104.8437022892545,38.51489574514264
41.884835933789596,17.146293454876215,1054.4663869075632,44.596914180754375
63.46870627545293,17.395424591214155,1081.7443908418286,25.5331708119493
76.68470876201584,0.07068569242017289,1045.545576477543,24.848802981150754
84.10695900972125,7.3643909953598365,1016.0042047577152,16.97562113066008
68.40853716586372,21.440438349567867,980.1687398395821,20.679915166338468
23.32976571828592,29.659600649053587,1167.8968104166393,43.74357917878859
13.404549302797736,9.076053235459423,970.5066318924606,60.190442083343356
12.507608241134864,10.099703001929122,1145.8333410293562,65.02436114793134
74.83053628365442,5.098038651268561,1030.4959419317652,29.182923305644923
15.994257880871807,14.533640113576322,1071.0157241150723,48.298811655506356
81.04822510025186,19.43438834084311,1161.9640267295454,25.34624232374161
55.92969766016674,12.02228714866035,889.6354267842179,40.58360588314943
82.71575977605497,10.983955369803025,1205.2630627452806,25.559154358095306
36.14431688280622,17.26737766825495,969.9505965000783,51.481419568634735
41.80175462487865,18.267884020798203,970.767029600337,37.69835446471252
93.82785618228489,0.2739883082049374,944.2392725098754,25.83263262389628
17.87109279708386,45.86843510459859,1110.4355668399637,43.312302410376624
15.820183201040047,33.04906579582757,949.8609341559945,43.514212230081846
37.10382310668476,3.014481435333764,1145.1942447444649,49.106126512145806
54.784743818286756,11.818040392815169,1070.5668705869593,36.45888957579091
98.28511602372136,10.033289479681404,866.813575614592,19.49856130680545
34.286583934598426,35.61593544022976,848.6578296273376,34.274133345654604
99.87848025652912,15.11033782339245,1177.7355608233113,27.57190030205726
11.406700237483546,20.42952205792251,918.1540978352655,49.009813158191136
79.24960864364158,9.327396149075762,1045.5618495612234,24.832814249269788
92.98582416531143,7.67463658365536,917.7624883595919,15.33728848441208
47.66525133518364,2.636336212479871,854.5372971791385,41.56424566644539
54.29882932589006,15.685301132582092,928.190235046622,30.89291591241947
46.54170187579667,6.356705469373682,1011.2477250311617,45.47440572914945
58.10577076059594,9.7173306194504,905.0121174950757,34.56937713075809
65.99767509519904,8.36057545522036,1133.5532552730401,47.77870377158686
46.11535292026037,16.269466102621053,909.1136923299078,35.539841626022245
62.50054704761004,15.469088312178322,1006.7184901606788,32.242852271642064
96.87811133845625,0.8955974910003036,909.4320931162819,11.811836133087942
64.24032786460933,0.8675824850806677,1136.0107795188114,38.56760036768549
34.31357013751457,1.89784142901249,1000.1450294718057,47.760414406079924
94.01302715618321,4.753048423924555,969.8325065291069,17.828768199537418
10.230577185346535,11.624202244315297,968.3406800758128,49.681633651299684
84.31332454895576,48.796309436810645,940.3458244271345,10.57666602628014
92.04608636849156,6.3567113926611905,984.0841120529784,22.011960254134944
84.91497012281344,1.7609365731284743,952.4331547706424,22.852777168795846
13.316826219729105,22.358870189637923,1023.2415583400827,52.57203654994382
64.4770692928372,27.706910278246287,1032.1082591192207,27.56832660023469
95.00895298668243,10.739971318937796,1044.037144277026,16.686918304085864
95.87180368946501,11.125801992424616,1004.1231258965747,14.79246412604473
52.263013638419,13.614361649995239,936.0257650123016,37.64373567601467
14.52555614813712,6.100981837034511,843.0269405879086,51.822989912408126
79.81925346501095,14.628514441005375,1018.3458681950723,17.656528405026197
51.59206931378252,24.68461979492063,958.2114374885739,26.98293479849688
19.219952368724485,31.602395402554063,961.3579382142732,40.926617187227286
42.08856161055041,28.68981897883897,713.4589219183372,35.34130429609561
10.753207801874584,12.248628042557725,1001.9441491531302,66.98016405882807
38.09076069381918,8.553325790302495,1177.6728833231168,52.227475753979675
26.984478168858352,11.722672553235805,887.134316090459,48.206043348087874
12.161615524929035,39.090704894135754,947.4654073850407,46.16640765209282
67.7290329518203,17.410971814511782,1075.0058953405326,32.05721671435542
53.89059672742794,1.1673804021458096,914.4248262182928,36.1529516739428
18.217650884404748,21.868734050700112,1037.9533866406005,46.732720126308884
75.89018163076916,22.901383476412985,924.1889088041535,18.892254373315993
24.378434602313625,3.2753269806774803,1103.8126176209794,51.32746047499627
53.64374336822064,4.698954604367856,1141.1411762143025,44.127704229789884
58.28490589983762,10.114621539576575,1062.6600076711968,38.4266039465013
30.432868233101047,25.102157122064284,770.4415157461191,44.40669504576856
33.80023700484732,2.1019184473257457,851.8282377127624,68.97687331792439
89.7426745676125,5.769757922395576,1097.5460197724954,26.735241220545145
64.9572615360847,16.38587796848593,836.4029601423438,22.690043211020562
12.164405915083645,7.033239493831047,1078.1344440887538,54.49224696002067
59.24499177111399,35.776128289079026,1006.9765094490405,14.839282954907627
69.10028565943294,14.989658696180397,1032.839038851782,27.456320818828164
49.081883021646824,10.327740862119265,1006.1034985535102,36.57816428510553
17.315426643061848,10.78644433206657,940.3578325588236,55.60040555464219
94.09276267538672,9.956711489992621,1071.0686930586598,24.813306793829955
60.90802929944795,0.7678560536068982,910.3730046706091,36.18012784656443
35.19370313159618,11.043502303629364,925.7919379072474,43.31237898408306
77.08050221706793,9.570653140332157,962.9800664931164,28.788233496904052
67.33978012710435,16.131399268191934,1046.554827531565,23.841676700636334
80.91919802913618,16.30652515757035,828.7808880425969,17.61810539208702
85.64945960963522,28.831424640917184,850.8073936368521,13.342223409809424
75.46169525435583,59.37021008133566,902.1915586279354,0.700713825003217
60.323347102619636,7.203028932820796,1101.639019067333,46.751863017727544
62.91177719904472,7.319636700150405,1033.494997225046,38.41356588124755
21.648774805095343,10.194572142976181,1125.4634674405745,54.2180183036512
33.04274553323015,22.757627575741278,974.1952020522893,47.86703287121671
20.885796198075756,1.8821944042632115,941.1077809852053,57.33853511503273
18.897458473501068,7.621878001599711,1133.8490182242294,53.59850987736497
35.62232398724767,24.343208345976215,1149.3763033464022,40.19421302148173
61.558399878052946,6.366559411193247,1194.1938934892573,38.89104967430177
47.08903305932564,13.871819787225514,829.5807315778538,35.910445548235465
43.041041520533845,16.680726768996514,1144.5304267690647,48.06841124822253
51.00913667646114,3.633487280037151,937.1812218047176,43.00186068070244
97.12689711814363,12.247525667432036,1003.0517234134876,15.285617037673774
47.59174808550938,8.980278388404296,1107.1960921692391,43.61775661015078
26.239484276231586,5.44813739456596,919.8866074561676,59.192311885831685
61.63775287939153,23.941875998380628,1120.6858114005697,34.99768117068008
72.64821851508617,1.1984966620294044,1183.152834490181,38.482761908267975
87.83216616036685,3.0712905491860587,1017.614330029638,19.86742989309994
36.303690712194474,0.25809024702520234,1188.7444686456838,64.39869000201308
85.35361131558412,1.2454505148741668,902.6641502904697,28.80790494129823
88.70003502939795,3.523899512040099,1110.810556723862,24.668011953869716
65.59767055057183,0.8926781473615584,1140.388011161089,39.07980869493157
99.66394962940444,116.69900757321366,1010.7963045521702,0.0
69.85538815851862,1.6973321900088296,817.330268445291,28.877565146317036
32.29644806232282,9.23899930641371,1113.541964550057,52.41452601461076
53.16865544535274,7.142939675820137,985.076545065646,41.96747521464607
85.10530878158258,10.110244240595085,933.5898034208477,18.61446246530014
14.59496502126404,28.163656146673556,998.5265513229697,48.15504600067434
46.13182117287613,9.607881184652783,921.1458831654047,32.773627558086176
62.91390018686099,1.7870715710027671,1052.8051110180677,41.83164667705795
83.39255392369135,26.333253263851567,1014.9528785517367,16.0332073734237
13.99704012793552,9.34922722551847,784.3570574416561,48.58456677792514
45.05693914654821,17.979553593147713,943.1189236456171,42.478233279010176
60.12316221458855,29.390005856171697,1028.5326582497664,23.844834344385067
70.93979541515864,10.042145777166672,1099.1039531436122,34.003487342209176
38.386183177649,18.313336333050785,947.4363215624094,40.97515658042882
54.94268701476534,31.864428668587806,985.6294607505843,21.745241080288565
57.05631972603002,26.28531018940744,1046.8186425023125,30.984434144632072
81.79963391063315,4.504174061796504,762.398913898048,23.23849342897703
63.125472916997225,58.55384420341756,958.3680562828372,8.591084389132224
22.519775710799575,4.024355232184592,1036.6943962244693,54.00717291241257
77.39367312899381,0.08995025218114358,941.2621805599643,19.854490004556578
62.38729879098112,10.164873503981072,1016.1583133073675,28.83832077069636
74.03197644544991,12.516596361168101,816.2343289833431,20.683336243284955
27.552883665331958,5.139426241608721,1081.8263534400144,52.11066816342189
91.04599793981691,28.546507679462174,915.3026363676031,10.390775897080644
27.73278998230531,12.464340261582795,1126.0265783987184,50.26298149123377
83.3041415483716,1.8349141418201558,1170.3669610689676,29.96763250320953
45.74624334498511,8.729921603451283,1125.648340448829,47.96960688608437
80.36067374184533,6.066080611772067,1100.1300897640142,23.685655371015184
94.26335130030957,15.829173936031694,1078.2862641214535,11.590105275251531
84.13641030272895,4.4283323518299245,1006.291745238703,16.47051678414357
65.73684408336797,9.490857270278017,798.5420753247887,20.40975803044596
22.516713722633824,9.480925671601023,993.868456669229,61.71858436062739
62.4011113958313,10.74639824735671,964.2795953701715,27.468261791357378
62.89018310420135,5.8132339701915665,1016.6315668734987,36.16195227276074
52.178529169901246,7.234793431558009,1033.7191080121584,47.76200784251097
33.65746205161184,3.8077810020826206,1137.9928602955667,54.35680598185084
98.36979736243201,17.424806551628013,947.098276459515,8.58497129617015
48.926430705811825,16.36865779372719,1101.4592209262864,36.83856405174749
53.491466151911524,10.157103822142401,951.121280585379,42.52761617815969
82.93496822891696,7.01595305498941,981.4409096961463,22.087363168810985
67.55869319691246,21.31031677315528,1074.829457664209,13.03099506942202
97.31578170850788,8.519143385495074,1075.2494945648186,21.723488613555553
10.160330398120292,17.3648058219344,932.192946595874,54.735140813355166
34.48011434975181,12.933636344228232,1014.8645653776987,49.065504529406596
10.94842734816574,13.998360434245324,956.3295466635932,53.95305816583775
20.797914644179745,33.25050383448252,963.9247028954886,45.50195687257137
50.06955082687718,14.854593886936481,990.0380208464015,43.06824370008057
23.73951404921067,27.74503610890024,1163.7492290320713,49.51240742764224
76.26357544958876,11.689096751031006,1191.06543422117,33.74593415897684
43.374983879276044,11.939317826862553,921.9282616504678,40.16823261808337
70.94897086080275,11.722959919342042,966.9189351966854,26.16769788433127
61.338810249197444,2.9806347011993473,914.7747923827026,40.95596184521003
99.60436313951051,26.75219456454067,1040.296175215995,10.369556090204531
58.021154721703624,15.238539798447889,1112.3017793243946,40.67703367194294
65.63253516177144,1.136227603089998,1015.7077330117322,35.87422611095951
43.97585433405968,6.08485372506576,944.3337094131989,43.19810276123309
95.29522875150764,13.925248384516951,860.2348660863348,3.5139432902586076
25.170376848922317,1.2898079246651357,934.1261913683045,58.27465054193938
28.071026322871415,63.67605353639253,982.6409762088733,27.564023202140067
45.682011456272555,5.987406205474823,961.7164185265913,46.076789575870386
92.77219592006863,12.640840987738297,955.6991723654892,21.364157016610868
66.01364760911552,7.17807971224927,1031.0352606389743,34.24396170626412
13.969776585128496,26.833133496483594,1002.7724351806331,54.44216238713509
69.74519032614434,2.83929331751469,1029.2188946118695,38.63593214902082
96.70636861624624,7.898627754485423,1114.7736365143433,21.40470613781575
89.0025920640457,8.492654088383386,857.0361347513333,15.359465534964649
51.07396671853198,25.29596307579129,776.908609858284,25.79263030456889
67.88361125959278,15.361065507266972,946.4421844669148,27.915761945760718
15.599125579349328,47.993783237171264,1051.0212650899723,42.50361608135104
99.94802364889404,29.853478588738785,909.6037973934413,2.1947679344927256
76.92885402501295,4.992290436269959,965.4765983432727,40.2530524845625
15.027375215519765,15.921091688090241,1115.0778755608153,57.151385322307384
23.19223937338079,16.385651522849656,1009.1711987992038,49.64928303761942
39.61580335147729,1.9861742340644253,873.9727533756677,44.506714550905734
57.23061896560083,2.4680592286392975,863.48206260408,31.944451327484195
11.27412207496489,68.5704796807624,800.2246647014529,23.341936669339486
44.90771454405695,68.18588592650612,948.7425768008846,10.33494209159377
46.62949402758266,5.796895367525232,927.8312963881131,35.013395282460884
36.902623730443075,4.068479273135237,1115.332520264354,49.305563009783285
94.8613677754481,5.6481226450797,1004.6077128371519,18.312603339693595
27.26544897395706,16.10927390872934,1030.6294401310759,43.22118339644108
37.98750713341052,23.323225998739623,1040.9717831224425,41.71252879861795
81.6417575054714,29.21591636594102,894.4669630367578,19.207074056590518
99.42200898177211,11.808413234545432,1024.1517733683374,19.62075155555299
21.93977870039013,3.405796975559601,872.0891819394571,58.48307984988097
81.4848367884831,38.499558362904224,986.7205252658492,7.506801343853371
89.07024157305051,4.662093486884633,737.2130112910031,19.308565388103922
56.23566019148151,27.853793230577327,954.7333992126582,30.13558100715898
79.51826047758797,0.49487946056846466,865.9177519929972,31.42518944364245
26.630149018418667,1.03299616021955,922.2420464163822,57.99275835630177
45.169326685706594,3.3105476908240834,708.8378008975683,47.76793075273131
29.73219780919999,27.363912214215457,1001.1103743638326,45.603470358878944
72.91172392984997,6.831090728376965,1146.4158814563555,24.91271693200603
96.96754238680722,22.987481230384567,1061.2361639347253,12.446586382062838
32.30470796079113,17.966110321902793,905.9933224026657,41.478301915202294
59.14690134198541,18.019564769027458,966.7439149889766,28.420332787446654
47.589319157879096,1.1576528054017583,786.2482465990804,35.0916700534421
79.37290388844657,14.94080495555345,811.7525988354671,14.694151720312197
24.23582944095447,10.765998496872214,969.0503773755851,50.103393702733484
46.59276396286548,4.878873348772405,1162.1560720325997,52.150638343225516
77.88470900264471,7.101870989015818,1108.026112501808,25.858481145928444
63.89654461959037,22.18709070377565,867.4376505440803,19.93354101933133
28.519559809509886,18.437005764469433,1018.8337040899343,47.33536542614271
89.0094146548967,1.409192168281261,931.8034476202362,23.810234094377872
61.16059812091087,30.80901144963868,866.5609738859263,20.945338233443437
24.697329091201112,10.696689245673248,989.0618850148362,54.87650189122321
35.93818591014515,3.6976642928608645,1011.3104845577471,54.55601926656312
58.34609678312627,27.716223389856527,1007.2006504467486,30.088882830296168
57.83393433374009,8.255891251885293,1260.9837877736363,33.2431390246689
62.278269648315124,13.089605560736338,1005.5428491519262,38.19463059907153
30.66412451375186,3.8224862272364333,1003.5772365379859,57.895545768832
97.22381592007575,4.4212575743329365,986.4436598081265,23.398580067507712
14.524239598499541,17.136210330508348,1079.1536441541189,52.021348908340855
45.80961677886584,1.550107731778934,1055.2864911930342,47.306750890150795
67.06367613436672,0.8801946245557055,1057.3906924792814,43.01680572331156
96.7723012985025,7.566226492868483,993.6481468403387,17.888272971620665
54.37956363672815,3.4026220846722093,1156.018663274663,40.932898307630836
53.696401374137444,8.999759289946134,1007.3170177508993,35.33988433598366
92.37624375822689,4.3785538281957255,1046.9004247241057,34.569884445237065
35.404201123390735,6.185416099555929,935.27142634008,47.37771304461023
35.18010948673682,12.463646871832681,902.2709358019632,50.93317629023603
27.75583600765632,15.7098372720889,989.0355937979731,43.903405404182585
12.666882777614218,38.83653242371082,1152.2053138827239,39.83393825688198
48.706935276517214,7.4516292878586485,1071.6714172964987,53.350695187096434
35.92578733127377,16.996658331914887,892.4086586043492,34.41629406652544
85.40013911601345,19.42308448320452,858.9898260597952,10.398849850203854
30.32237963483399,14.74012238961799,988.4613723767609,45.27703772609855
58.978209816332,0.8499493291348368,1039.2126009207507,44.579443065611585
54.0673088115661,11.147565110197561,918.4626816634765,34.672715879913035
11.254347546928248,39.4950671463234,985.9387630218732,49.13159140910982
11.880319663626425,7.797961550791335,903.7018129813467,59.18085014288421
65.55160602617059,5.449548486695559,1123.0416710188813,34.77993862712678
87.87331831360213,15.456396734077856,930.620767636221,13.449542818285288
14.134183191249043,18.317446002423477,1100.7467840112386,58.09275515477007
12.418193504073297,31.36037294022232,871.405394077335,39.77696925106258
89.38670296443364,2.440445390408578,965.6242132622367,26.917214667746237
72.87940610404132,24.410375463465595,1051.8289567786087,26.746235361530132
18.378156924134437,4.462212461455833,1055.7629989577283,55.7936992332805
17.831973120113595,12.072433093848504,1014.2179040058941,59.16407301753251
24.31547149048417,5.5228533529333115,922.8561472333049,48.986953210171784
24.88779729682113,9.260683761959196,977.2228134147884,44.46533994581992
75.07516235165575,14.46091312894831,953.3223287091456,23.263173698811304
36.57626152603571,29.49831694234418,824.1780938935137,32.568052370928655
22.830409980151668,22.490135739033903,998.4330764810038,34.116781690032255
55.3738704650148,18.508303293968503,1060.1668047350004,31.691975649262886
60.243056986708524,17.40965767010954,1180.1667697765533,37.94877358451179
29.408568571360252,2.155281846032582,1051.1546624808057,55.19470309762944
76.87604857852236,7.292934343394424,1011.4045921346165,26.115872660715446
98.93362863321232,14.486996492950837,1066.364448737477,15.471561685888723
80.41602459415952,15.277409352274256,1044.671833793825,32.598888687032996
67.38869780623286,3.042129807730267,1068.786189201022,35.75976875352571
47.281755963016174,5.094514361142393,1010.7954621012661,52.132397542731056
43.112978205979694,1.0252964830850537,1003.5121196898525,54.09082814636629
11.484197290969291,8.188945467670067,1161.6279636068582,60.320529623304026
84.57781239104884,13.750314548299485,1133.2588013245804,30.63312469551468
62.31600025926775,1.3830905139047704,918.437283315948,45.06971070639606
24.147399159011268,12.879634816614827,1093.5667136371671,49.75006761841973
22.561313662381913,4.701742772497891,1185.083378624528,58.13414948145467
59.20707947810438,33.51197064628158,1106.7879112373596,31.683256163760667
68.81655968136853,11.555021204747908,929.5008530998635,40.50500646152142
64.89800835474989,17.741919117569505,1075.6434694035418,27.74754577742623
56.31790587950803,39.947180808809826,998.2822132419467,18.580947080324822
41.34442434359546,0.24921944778617747,914.7893719544558,37.73839783926965
45.53479211000196,10.125621907089272,895.8622369785764,38.91684302579742
70.61242860548583,37.59043194405429,1143.5211643231498,18.904176238749276
50.28919165185508,13.115853384633681,1095.2658223812084,32.936355121422366
79.82592745278659,12.026396241156146,1012.9107640502083,26.107759328294957
56.269557005870574,31.080240432110713,965.9665864934665,20.069972319816536
35.204635288492014,6.906463092698586,1182.235630354377,54.35124532420841
13.821091334190562,7.172340979217648,1117.5525611002743,61.76404517791217
17.242170137277697,12.736389223300783,839.6469900144906,46.29354773442067
17.711457846686102,9.754245226358544,896.0552268326038,57.74134487571572
97.40985759661224,25.632116983463277,947.7151714467595,16.561840974620036
63.903972607310024,1.182591066262096,900.3680787911371,36.227066554833314
96.09374759288666,15.436581513391369,997.0887037225767,18.47371691988415
56.49548429880366,1.9017850423818545,1038.5198109758148,49.25324192936954
71.84724005176773,33.13821951170425,1013.7415519315257,15.581075597781851
59.1699024723379,49.94406084634613,1081.9600384027024,15.96625436434356
86.36478126781931,1.9768454231492107,1161.9596685664496,22.91528742397786
29.286111603980395,30.13256095762014,964.0875461023045,39.7895678220984
64.93831370844283,11.59553290805847,963.7503568480836,36.15154219093008
29.22448124081126,0.7074093236261945,1004.4488574782581,55.894626502407576
20.452415443580193,16.389225725828574,1078.3566349946511,52.92753645547004
64.91656377025265,8.434757428278685,1090.0859309524467,35.81344052944163
73.20023703331627,13.515531480053923,797.4407477840543,24.738333556395236
54.192774683130565,39.0151045960985,943.1810028628465,16.375000096391094
89.6663722554082,0.27833760014783976,1051.5365831399445,26.050839652389723
98.59864559484636,29.783243008218925,1249.5653224062169,3.809589269110811
53.93027972697676,3.4171138089682587,875.2665465218074,47.9975186876511
61.459337524677956,6.582397919954402,1145.1124010344026,45.034752050392655
18.625357222767754,24.75718380054564,830.6398824348414,45.19450249871312
52.78931514965153,2.3972251220371708,931.1457337485772,46.60271779943037
22.802402071683524,2.5699224136111827,969.6325593090535,48.64699392375097
86.69123500660645,2.4974744940813376,1021.0851659736206,20.88852759483985
93.44130870902903,26.510578026158697,998.8330682925223,12.249181717888002
21.095639898871195,11.41204073211966,1011.9659664148526,44.70565021719834
49.16604171003711,32.26927176685239,1160.2676058580441,26.903047612083338
53.44485924386841,5.187630637709801,913.2701865059056,38.872918585900564
30.412893906198953,26.320325008949435,969.100671841726,40.090671848328434
89.98501439785255,10.36610538815085,975.7478550510322,18.667376791707014
82.17993468298667,2.3777600162551913,805.2746270632347,21.216899579653425
12.460466219026994,0.5536277418135127,1001.7199841936728,66.39209765979159
46.74642513136817,3.1733912602265275,1026.5055049714156,51.39129025344033
53.630519409099556,1.8990272953912242,1007.7141838196544,50.48030932753502
24.918354052105613,5.314835390911133,1122.191201315505,69.9780074876017
24.744542215287666,21.47918966551138,912.6110283002287,39.58371963304924
29.645749478944737,1.950500709372223,893.2008654589359,45.617449769149054
18.529621751635858,4.7751341447802025,902.2008801197446,62.41229398910858
15.94228678689624,5.559552605399165,1189.6266698170991,64.00345272130475
76.02050034901397,5.063350845893687,950.7522629576531,32.67448976427731
87.81849662525426,54.48149639241189,1067.387944185346,0.0
87.97281401297164,13.977389413052254,1067.7766355464814,18.21724176732885
18.06879747763098,20.90409134486579,793.5638816731037,54.74282307086733
12.943769665694074,33.12636126252559,1004.2131152572936,49.16097987263198
51.07582496723364,0.46150929077711694,939.3344227953916,48.25681952018315
67.17283663979583,14.541252358962785,1078.3265674324616,35.76039994986438
39.53475891246765,14.722999317078921,1125.2623455776115,41.2656384499957
90.58789697259945,13.449812606546788,995.3458692341482,17.892397154021868
36.751528640164544,12.398554240752995,1119.1214814044122,46.65792820451479
23.516514885773425,10.224885951554521,756.9665072290264,44.94250604178
23.58227798189653,7.56447212881409,950.4838117072255,61.12297168464306
61.57602975247567,24.786579334535976,1021.5626879956003,25.119868534112623
43.2484085930182,79.40338529222458,975.7650381854835,9.123850315526258
86.14381262850803,14.12072618989911,894.9186801496792,7.367592039306437
74.13653130651221,0.6727968845468691,1138.0294667442251,31.849534057837626
94.89074108521005,26.872819682167105,973.6062181940689,11.242409856371294
26.997451294958573,14.969979120849192,909.2591346836067,50.996840571062535
62.74294210173972,1.0748503549949056,1113.48103048328,34.23209838205801
99.71446213883698,6.087094569223034,978.9504394740353,13.898807282338684
45.01082032413083,24.789526409142965,1014.9680943590206,31.195142389363117
99.80940402901788,28.170950970416428,1110.661975369363,5.922253003774539
27.559501508607028,18.74036205411602,996.3632132596443,44.39393891646481
36.04296462351035,8.25513892416708,1072.9275202966207,50.35175196672651
69.08390766579386,38.815022776769275,940.0269007237891,7.568544718681385
91.04814617512535,16.3424377456191,1330.1605212587456,24.529628203102746
24.966753994983264,6.526331089758617,1307.9521671499165,54.55534064714973
17.764628772722794,11.551113341752082,965.872040709214,56.25792801097569
14.30477025337606,0.2258767311077759,913.1811471661633,58.624375858775366
32.55214362455616,24.94919379281786,909.7231576792889,50.82014634555447
19.453522905302847,10.076252967941112,1048.9649499510704,65.75666296696156
74.64223580932342,18.454604300219685,1046.1457072135427,29.770309265453225
49.54153308463337,21.52648579650574,1031.169223186331,33.851740648819494
12.188646733427596,5.28792719173867,957.0943548971886,58.07141792088717
63.948714021185644,7.045662288002822,1005.0306109811123,35.07521596434121
12.601819755073436,13.95078980100449,1098.2006302459681,51.92195783311214
95.27992712592061,2.93105639286039,1076.6089200364518,19.994649860827785
29.24897091641749,23.790760667851142,1094.4522508621237,53.77463957711839
12.543488129636554,1.793915973142635,791.3085130919003,53.69356995355938
35.13053520796029,4.74447930273126,1142.5473497513217,50.06804989569456
76.20127839272858,4.1316480014994905,1023.1733516658904,24.559082627756155
16.731076187246302,15.243832089304282,862.1210823643688,53.895785305012005
74.79977804706537,13.155860659351989,1044.575432539222,27.740423753907205
14.27081026071362,18.496785777609716,834.0158160485437,48.49129994555741
74.02881111973107,3.738748738794599,965.3582102222324,39.76850411150944
17.237997160757224,19.46496402004112,1000.4515285055265,46.20673447680349
27.9479348188484,18.96493983004816,1116.4353610834514,48.40234512857863
83.52892498966693,17.263705230555537,1022.8594205642661,21.73245071653632
19.50259215103773,9.338172989803454,874.984003877511,57.32469800052245
27.512644381870768,8.806972642354019,1092.3465419662916,49.30458052580941
63.893367721161916,1.4437949177022817,993.5907496531826,39.389907962946495
80.06059899565952,9.949686865559487,922.1340785601973,23.752524940906675
55.350552667806596,4.233333453536414,927.6916545377733,35.59978421414077
17.50236626835623,6.475117070618265,1120.2311396439152,60.82823319454519
12.58838284326147,53.100556814673475,1005.7256659389242,31.364570994125998
85.21232902793754,12.062742255440659,1011.9723441749779,31.886632815979624
88.30834218136864,1.6033150107361627,1017.8727910729102,27.54582522797464
90.62082139556497,13.020194512243664,947.2134978641822,15.804572246071535
17.426251148996826,16.758192916867735,1156.4852960081557,50.19859981999415
82.95235891867397,9.935429725737778,1126.5502907958996,22.825176455007316
82.20081898016325,8.72273839054611,851.943357089996,22.0874191147935
82.04319364101804,6.1124913022991185,1041.9778840073873,30.31114008740146
65.12013611774424,0.8868679008887735,985.187158757567,40.55114790253553
63.568476826393805,0.8368928123120881,956.8915120447537,39.17134839178094
56.85468663669409,7.8061032493861005,996.5049734756689,29.898715458258323
31.35297771212013,23.25685888492159,1111.1583444151174,47.302774831882935
64.34346820465578,10.206185162254332,929.7644099858843,29.718051294020885
89.47422166898656,0.032233493392182996,982.8234245424501,28.196172267475042
22.42615841596131,0.9997115418731026,1059.5738185686162,60.24424032035072
14.486655842560282,25.997959660585963,1065.2602682162849,50.21730350797694
66.83706272327983,1.296580194503277,988.0779805404867,37.42309327501837
93.92875641566572,28.185365209468994,1074.9090996544874,0.912167649068067
47.956589473124076,3.024381310525278,941.2678462886315,40.917802482837104
51.44049921786788,1.0475341903002606,1061.73167444114,48.69048125951574
18.58306352368053,3.728206627702044,944.0676528605971,63.34285732040316
56.98377052085767,7.021846094375698,922.0814943977905,33.0025631261474
34.72186396055633,5.097860963710065,1066.788494402906,62.45008559654818
14.477601884492579,12.763069742585893,1092.2701610408062,59.15237933366097
22.433689300500344,26.188069554607708,1095.0816123747227,48.02247201531139
16.14936321760291,37.06505215674919,930.7724392012751,46.66836340011305
91.77787152466993,13.823867314314892,1244.7059090538453,26.397729957231675
76.97524436057627,26.174652548255487,1140.068530673042,17.86798238654977
21.113940001804785,2.3114881405970995,1024.3908672624877,62.39626139172745
19.748703465362922,1.9357431073367963,1011.387260221724,57.03854404677338
10.460583823034773,29.66459188734008,1229.3718520634195,61.75290511441787
69.30497042853763,1.872512520185635,959.478367602717,34.499512434969475
32.277361299572675,20.7529703838383,894.8297659751125,48.96390123803749
14.949095730520689,6.907224316127065,943.1888654082094,49.75856407731624
87.07963531180764,3.8982389358124725,1105.9041062745716,35.516241787423844
10.722535600264633,7.420661187772078,1145.0256857527866,59.753789807703626
99.64027188762624,8.616689134198763,1100.3224819352563,15.100689467534135
53.62518539390833,10.649614535486252,1012.4364961845564,38.450590541531106
93.37779621725461,1.9532800014232687,1178.8967789621975,25.385085820891184
30.816005388746547,2.702599772325551,1158.8163268524756,56.33215402507163
50.293806543067525,1.2199503235671934,1059.9931486101573,54.43259702863937
17.97564774169001,25.2375917239169,936.5521391571943,45.56153489943696
81.33916573064006,1.05667640169976,1027.365751811654,36.754175351794935
86.25515542455959,0.06642852476643404,926.0674963020907,12.032017326369083
91.19766388209635,5.367548495621884,1216.7224554950003,24.583529817362855
42.04137243754763,4.406817356441511,1089.8182699727902,50.74253943184203
35.03668618817989,7.464311862209246,1048.5529446214007,53.07128586703182
46.93139782623215,10.72336456274173,892.275021913834,37.1429239921591
37.24510523296776,50.984727333255854,1051.3183093125233,28.396881365760084
28.643525209545846,5.406228222984828,1001.0636463587913,54.78575264259483
34.20590048435663,39.81905966517104,848.886957585107,36.004189581106125
86.7181830487093,20.287496957705883,1036.8144929627388,15.690402050261218
31.445099990139582,9.542236898859082,965.7595390013529,48.104888395878014
52.21743596659502,3.789336971114578,1104.2253189097892,46.7504034198068
96.55179303819985,10.540121113652107,948.6977867682722,19.07311827584123
36.89909699130479,6.616867815391043,1094.737701969479,44.6563522020261
36.39453170951471,22.156038096813184,1082.365897452633,46.76089264932515
99.90092986140728,10.142806137045334,981.7837618396833,18.521319129056472
10.21311966800775,7.569614409990225,1038.521902613553,60.938286863359636
30.061658541771184,17.269424263200943,1051.308576183538,48.40114383167829
11.276663693808826,48.7993786566409,982.0691059419936,36.33127746723359
28.893687340664485,8.156989116172294,1079.5024601296634,59.46488467640547
86.25687135008616,6.503780294555447,984.7697264456073,20.62871835464372
97.8555434448084,1.815018249266121,918.651668335903,18.12999764093299
80.72805907811575,35.18951422014671,861.4560024800061,2.68168742997375
83.80192799869585,61.543438887212915,1035.4180819655994,10.544217156695105
34.77215438194106,14.663837882108025,1078.580244848498,47.02962460737295
44.287703049478885,12.162366803794143,994.3633116296477,44.05667496745695
88.97758443642074,11.768094539207972,984.1235315452246,25.545827108835947
89.0682244991616,0.962815471243176,1037.7137219079368,27.75412670336764
22.3754183157308,11.411095748344755,1028.0735724383983,58.26452454272742
58.70942475965053,1.995672446066005,1023.6863485972797,42.39935727700011
31.592701027022578,6.616042824072402,984.7021883590364,57.6213664526728
91.56588556871519,26.04726015258343,921.2028462758169,6.769996680842471
25.656361127593957,33.064478474027375,1071.4135254796988,44.81195631848697
53.92974318475485,14.597827936870178,949.7201264633143,36.75669045053178
68.1947372437077,20.166041158071536,905.4616919226224,32.45055485369552
87.925117628304,3.6689672875576145,1132.4713797782401,28.47577567743165
82.79490893593085,6.819410165601387,981.4076751009881,23.701405690870637
95.01542677397792,6.302905908183741,1174.1763765358146,22.84912896590194
57.52942778947304,2.8842961335615187,1134.1055121575873,47.63039629939655
32.76622492941877,4.910083888226657,1066.2139307929701,53.60663821103835
26.702878584106465,4.489946781370631,1155.68358858642,54.56186746481424
24.18239574040416,30.74244733852401,1015.8455495402844,40.367833147735965
81.08215417105104,24.63481815723715,1058.85493911291,18.317005494971937
12.919499900235536,4.177628232286449,1036.9954993061563,62.3436872124083
62.10819743872157,6.919684280889311,950.978537595853,34.85067743984377
22.9120868134708,4.732536673556484,978.1997310580032,60.509273164359364
39.42327088343383,11.360228824391427,1016.8127638740361,40.051172413832724
98.0421807288588,24.397756229496856,1198.2889359279486,13.942211511568551
46.18419666750989,4.521409737044262,908.588422929731,46.536057227017416
47.54956539896682,67.99813178745795,971.9233253025926,7.080328879782344
27.159120957567396,33.25320313876104,1043.428403499978,43.99683100862847
79.9724053341258,17.81166704862828,998.3667930649117,19.18816938229829
99.90793131337158,14.415118910763061,1047.8859761489707,6.662857590760115
56.03852630604835,33.82216852514669,1132.3210372648819,24.97548465070985
42.577704092450965,15.749199746437771,953.0450705780439,40.50625803615514
19.49416288850851,3.300383615543087,931.458938053875,60.58721327192787
16.77660099101432,33.882656771155546,883.1156038503,48.49021417008167
18.201909690323628,15.623828039400841,1097.1172173014716,53.6115494311986
31.108287163471037,9.890048944352717,1106.8184565380368,59.7410807039914
39.410553902308486,12.010945583492596,991.5962324668666,38.511276606903806
83.67453944673237,13.498615183084482,926.2506628832318,25.70116134523812
97.86606781725905,2.7228612785987707,890.9144831251975,14.062404416857067
27.78300290623005,13.457268106331814,1140.0808784382616,48.881631019125216
30.53797992480489,0.7590017418005456,1087.807533768526,60.102280836198666
86.06121064711417,0.254906239216732,1175.151036301931,38.93149549907071
83.07739421235598,2.3955866433297306,980.4193666622157,26.489325395624824
61.44386473287758,6.926891800077031,1098.352693531791,37.9738316024951
45.72980115488698,0.6555439827882839,1024.494068488275,44.419738391687325
78.45926035320605,37.322076906450455,968.3921181019759,12.333255960008621
78.74258449885318,16.09777659111106,1114.2905922125778,22.54290890030385
54.51361009855933,46.094379537752694,973.7100493987743,18.803289134263565
37.40873069357386,27.195955770803632,938.5709673844701,37.72940266758383
59.948538764570145,45.90254480197389,1033.632890430898,11.1122264773466
95.37521738465011,16.68710591775198,1000.18417936573,15.695504317198193
65.49925879289297,16.29874255657664,1072.9155661476627,23.4733256694491
50.92142331563552,10.008012788653119,1080.1526814154547,41.859928011521355
66.71259930832746,5.510924958846917,1142.4988556965159,34.53169715213429
79.30169724563781,50.127710265555145,797.5346432318086,8.146728943381296
40.005322339421596,6.329262091652421,925.7532284144705,50.53825125675506
97.89931095572317,0.909028229154952,1064.938027688895,22.35203935850265
25.69832435352474,13.690036464242295,1056.046004691835,57.74578010673114
51.3553293912128,13.278672529906455,815.9599344620162,36.07463839514359
35.264203007937724,5.522619465874544,829.1142948952859,45.01168498775242
18.36674069403259,4.888959657053795,1165.8740055537285,71.74993954208124
45.92368638795545,10.251740388947375,1015.6623132372133,40.70400667277416
16.497773237179942,2.6349554625412064,989.8404483280136,52.58518056659304
24.59310576114177,2.3215366999647364,1129.8546177237808,56.97414996042243
78.36868740026495,12.340807112231266,862.3001610170327,15.98578583137402
63.36301748216557,7.709604977023631,1012.0997781698144,36.81503320513168
74.09603926817593,18.292573043861328,948.0626446828246,16.987335692575073
71.46207202016537,4.756133667589432,1147.9985151647961,35.64352086283048
26.319744437293174,0.5024408109221888,1021.6927460104044,49.492008348522546
62.945458004042315,44.65741698289619,941.4976779987928,12.983404809725553
86.28537850605136,17.209601033115895,894.8712557788606,7.729407652575349
21.13609624147698,13.769232125063882,1074.4230580200024,57.92166286589084
60.49232647515111,11.282547310851312,798.9131798489216,28.058583847558992
21.43671697940236,12.925646657475877,953.598750892654,53.00769196403183
66.20607428189395,8.098275449895409,1145.1562911745964,35.37834039148845
65.97124010323495,4.097856352159059,1141.5608928232775,36.734275422114216
73.01239847502069,89.35354965510341,792.0174010950316,3.5056437136737575
61.264418264148354,20.170102654701168,937.9965332076229,25.4908812520285
20.133394714367288,0.13643933539173755,794.5555541864661,53.43586234795304
98.6732905459006,8.553266275776638,1068.8014936783466,22.201037047370747
86.72796688377147,20.364105125672438,1107.1107237694684,23.614666900475996
82.31328834693943,5.366339766824953,1036.1705998175219,27.577037814510007
72.27848361197948,4.123105220890994,821.7563681459641,22.212335644116514
53.29911758054884,12.101689205545124,915.0746639376082,37.887066576544335
69.35561133510697,15.240842126524381,1001.439228195695,30.399943237657684
50.54696975802967,7.745092317320761,845.8191063653865,38.2565858089854
64.8530963161025,6.016395698072679,1056.201191727154,34.61164825103718
15.157943321203291,3.726827238746194,975.1984373060902,57.83582009382148
12.63075619556502,34.53343134425077,1056.9996633791566,54.10138104686358
33.66786523298228,25.728299906804082,1005.6660836285573,42.3214814705347
23.806005714878097,5.768978503259987,986.3247094786504,60.645887530106094
29.89638331475972,16.73384412755943,1144.7013973626465,43.14439434457434
22.380355515712807,1.2859485873192213,934.4438361557625,61.865521983643845
66.3143614138742,2.102426546672019,1021.4549272885286,19.9148827457866
31.180473236995276,2.9631296008361603,861.5636017303555,47.14337762561725
18.89759770191082,4.350356195416162,1232.2790023383443,60.98644113846625
36.7240553109789,56.68648192210495,923.1569544233934,15.170054106410694
21.238067066004064,2.7568991642760055,945.5791254194113,44.278880107438546
86.45757058053411,11.097234466473925,1032.9036808052185,25.047559339934697
89.4563914888547,1.746568299510711,955.0136292250738,16.442832350423327
45.51322432436844,26.94343128899821,1044.8590439473023,32.11112463420764
61.94480600314264,12.820093388879616,1020.3411039559575,28.284736720143577
71.73092052675787,10.294109665208978,868.8215500806715,23.365307100281516
20.395069193784877,1.8033454238408957,957.0231166312581,50.97821901305675
68.98348877577249,10.54348026988981,1134.8733318807133,30.063526728238863
24.359864784193498,22.32199473826315,1026.7353088211366,45.390080163961684
38.248627901635594,6.5396873412890395,1353.2024830960381,54.48455119190851
17.195555279583736,12.247496193855568,966.0813611983485,53.895316156954664
25.14822862224876,37.53974299564993,995.8971240257746,40.349578434255875
51.50342863837688,11.425868581701186,794.0926757945388,32.04995188930187
30.3794112187813,5.130933432792872,1073.2565955733623,45.39619919792519
10.91571750369203,10.831133153976044,822.4122261506618,48.99317617934462
39.79117758472702,7.237725131191101,926.571362683346,39.98880027311078
57.595480462134304,10.194137204306447,1071.6306097344457,31.986689695318297
45.668439046768974,27.68249394343352,836.2793918350995,22.736708491708445
55.522480884920284,27.477705974638482,936.9401393642322,17.684679917599638
27.463558978294888,45.43064059569198,1030.6238379297279,36.50433427472226
46.91006789759858,47.35747647910925,960.7148145892437,24.37979389660074
48.60712515749849,25.137928673186064,1083.4136899242271,31.61986869262305
90.48938361090813,15.508380264384408,1041.6081992413556,15.463776346852075
37.05997979254123,0.8766585191333958,1152.7637520860903,54.30830254128328
72.72463242363204,25.858961688554814,900.3291032990845,27.382292121272304
91.74096739538638,5.345206000731478,864.4672872504332,21.488035188271184
72.68989691492797,5.127230102426657,980.5652494162214,32.74522961028784
59.50306407556179,10.405080467565918,905.3551778974512,29.02180636367861
45.19622888029472,1.2237234752165005,995.8712716832703,39.748848627935715
98.67136490784425,26.5376720618371,957.6611499602304,0.0
50.69382512301674,1.4805561414272839,1053.7948496411013,45.47380642932063
41.061168015512436,15.386464986169685,995.7039045326537,43.660478177687125
39.02860911558288,15.074988018504346,876.7184509577006,44.27736201701567
67.30801585690094,7.16665256812831,1222.9332445785922,41.31585328127047
40.09393130971668,5.083523958166453,820.930801588667,41.62429804261742
92.00529422517113,35.385461765236165,971.7923643747455,1.9901391467249216
39.02187458722716,30.906654324894948,963.0281084129749,36.926373636944874
40.140476314506216,17.917820075342643,1025.4271560673053,36.62972955942975
65.04456036045713,4.280449408776656,1125.1364665806332,49.74318898291373
20.043014216044156,15.870284319313564,1125.6318228598016,49.60631331076409
45.04340068387919,1.8447396056282404,930.3931914937847,44.40246446549114
15.296698168880212,6.036234223967181,862.8690034263058,46.1955399012197
16.969564468608766,29.73085374513714,938.0844276766436,39.37665130874938
95.5368104179574,2.742002665993107,977.5084396663447,19.732913114185365
82.50030325429101,22.801735986485657,961.5708133755655,30.100484474900064
66.66911124417497,10.311105191369926,1108.7978137618707,36.68028406523556
64.40447797326618,20.336535393800002,979.1129265527835,31.37991941069145
74.99435203481595,3.5942401383063234,1096.710217410447,31.88811227426176
32.95533654087265,56.95674546328605,1109.9807042984767,24.91444856605418
19.828494211204557,35.07595278222375,968.6782872613255,40.445342809946816
27.80202946045988,16.94881176498643,1191.0733919250993,47.36408067275607
34.00135521252338,33.49476864415341,1136.6923691608154,40.70500215200361
23.030559275772763,21.59176764182156,974.7237312709458,42.558170808634465
75.08391276220036,29.556889444732576,1095.4213032940863,31.637152690378713
47.03923805848094,52.36656215263647,1003.4354001388457,23.081999913558686
84.0535054562128,35.68045851180861,1035.3883971906396,10.225802712711111
61.16021996066369,6.349724939047824,987.118328142974,39.560504196521144
53.849754613862004,20.41408730677149,1057.417332899291,33.464610119943046
68.7891293128572,6.866179255920628,1005.8755164155347,34.87510762678774
61.61605268236117,19.18128971610364,1145.2671242205565,44.859041293310305
99.26237400675902,26.763232003797953,1163.000031615591,5.926753212032805
14.212351468373011,23.80951115398632,956.0674855438346,41.39567111379943
91.56897870692761,53.0221742568014,913.0547388424045,1.313369425186505
49.081914099596595,5.1459652207670015,1105.31811861231,44.936036786186754
68.6283620464482,31.408399820523062,1082.214519753243,16.86211310886045
30.045542889381974,12.731112121469204,1127.1052321249115,47.77166065693251
16.96980222573606,12.744607629284701,909.2782715574572,48.937871365825394
42.801562697100245,9.543358925832463,1017.592274832808,41.839964214377105
50.247452819622836,75.54620075431951,878.3354687012742,0.0
65.76583283659828,0.881750799246395,1016.4178371755303,36.283972144878035
59.674230935626944,35.94360811781532,901.0793135370643,22.135143576544237
89.05421010650144,1.5116011674144203,931.1597233287366,20.971032124771618
68.93247723831942,1.1586690608038974,882.5924431260354,33.661583576817776
49.5149532540756,11.701585298124671,897.6352208269411,29.148896596057128
30.804032557042202,9.910447665061527,908.7840381553033,47.00055098450481
46.463438662263364,40.32650466054612,1005.8843669329237,23.220870921467846
47.58796595630118,1.0715289235195702,1111.8618825005426,43.355635334690405
83.15768601183956,28.57299150526572,1107.0561075892274,10.27072668453309
41.61284470488384,7.744886986608356,975.7567822791107,44.05433336462388
27.98641052259772,13.73517125700819,1095.5011191366134,47.54525274320769
79.74425686284812,11.047959981453504,956.4571627774732,33.15000815179888
79.16512003741717,3.4747906969323545,800.8014413587379,17.524987666277376
21.732241859838645,20.32100248560402,1033.9641922143167,51.76513352252788
51.18370349861704,18.500173769294925,876.4732694153273,38.15861684873067
63.848488210814295,17.279735417544618,1161.1660630386616,33.510918858813234
75.68857513277507,8.337865731115999,965.5868053989082,32.070104847809816
61.34973622060031,4.685869905113979,974.0999045643765,45.3379073299708
67.49889655761947,10.116495867339577,1074.054481906686,31.363941002477777
99.36780325890682,1.3944800877964962,1007.8071847890981,20.590729401663133
68.3118823689384,2.089319412634124,1002.9397347367563,30.24568420772398
35.32119631247683,29.55666282860888,913.6888162105425,46.606945436746685
33.25005068363562,13.25828298415646,1043.2801319654818,32.83037307721841
66.10220867588401,48.72187210557768,1164.2620020357365,13.896565197520284
36.36492749743174,21.396198938649874,1156.651583684592,51.13278438578484
97.72314759483885,14.733135814949653,1015.4152158182624,9.983322421299702
19.85856751674278,19.564480834315027,941.6758466339913,49.5781847516694
68.62374303052341,0.5309210898061222,988.3437039027672,36.689761093716065
61.70669789420303,22.86825918153801,1110.9153576635488,23.20153103131346
14.523568146996453,80.24857308342874,751.1369173086043,21.0146073904857
66.66624455900622,4.647300874760151,1154.9288951669366,34.19641128345704
42.05282017780615,5.094990392900135,905.1773882340839,45.62700047831298
43.942482028522264,19.29747341874161,827.551667898501,29.797248586725242
30.014773968410182,2.473403495097425,1185.144084118019,51.55701690279753
80.64422276467742,19.061889756129133,1023.291118289314,19.490596936073104
71.25692005356052,4.921099939270797,1062.8037686883113,31.663191225093136
79.55655725082087,30.950128769045815,1005.6434442875658,28.726739992688316
39.48553035771426,58.251601357238556,1071.6047796384153,15.605140656282424
35.53783284724654,1.45612018256277,1066.5484868486221,50.936208764367464
55.2457962897669,6.139057492133973,852.6435535571413,36.9795979639303
61.14814230646902,6.135710572695147,940.0303083212729,26.755378652633844
58.581420167060614,45.76966026291134,1128.8179627721956,27.4926237536187
32.58218283324561,0.5209771831629566,912.0436514330254,49.224238928989095
37.96163794641617,15.801615243275814,1120.3203050165573,47.11077730053396
11.269180226108437,1.9293631720550455,1025.7392945799975,58.83787588595968
82.68021091015123,41.39782887708998,900.1876855769887,0.0
42.45106565749522,18.457195758236963,799.9358526392913,32.250509240841446
97.15621003680982,22.609280601084322,1072.3383533563824,5.149923125099826
44.6151926232773,25.061369868727194,768.0407817141682,25.318725286724174
63.199094558415126,15.31080737128583,883.0125383311562,18.63423998966092
13.883827546953743,1.5086875527926566,1103.2462930308716,62.43166549413176
79.52772444231962,7.712510067314517,911.7223425191205,20.603721150477476
19.094953412236155,4.256803444404006,1159.3994795776016,68.00556482997787
69.23555050141908,25.35681051769689,1029.5110333331636,16.61995484330339
67.00950833650892,5.16530155816187,805.7667585575977,36.07829715056357
30.05177559620048,1.6939534444687006,981.2976809900666,58.60560793179798
55.555870460407455,1.380496376497531,1019.8733085203988,40.72263302200113
82.14952382772752,10.614834418647861,1034.6998000349304,26.03671770358178
85.70326971959304,3.386037044228472,938.4764986468804,29.69119588163783
67.905756613757,31.934200843126522,1002.9093606672824,12.317649216100254
52.879152233570466,25.100476514418034,980.2267813405862,36.30199017747912
16.166320069571075,10.477518954460898,1126.7487133216566,60.405298695878905
16.434822829507503,11.934276297714195,1092.8201425027517,61.17436275508563
72.01888975954539,14.16776987589461,1148.8897239540454,28.44778630451224
25.763933802277883,13.752507115000435,1063.2734131439026,47.79686831805999
69.42710344703524,49.741618805708256,1110.0125267071755,14.786789158161007
83.21024177057963,5.3649687617325466,894.0513141512748,23.865896975463514
86.4799697603704,2.5806339806903256,1129.8495255059581,34.355635684005975
42.208211532887816,10.791507426745998,1022.484693795453,43.29454581328099
52.231850305307184,2.2092614902964613,867.3706697076036,38.244541952619414
93.10255076152728,0.5105500834301716,944.4766123196505,26.458253837654965
44.38104320948296,0.1309396358193103,1025.494372503303,49.23006628332286
56.48273303435969,1.0602719529429083,1063.0421975751665,37.87949299021832
85.5505058592358,4.762030089942832,1137.2153306627645,25.28416550469996
38.216557421952515,5.39992667020285,958.5768360245803,50.539784056164336
96.0701262664185,17.48438363367656,948.0950489295429,26.041842069769174
47.002337298904436,16.51659636887707,1122.4534834619649,37.473204463507045
83.2852976142494,2.538769055720192,1045.459890810684,22.5084541909702
72.47023840922999,9.324879311390715,882.1513475426364,29.790525614284054
37.80641748206103,13.937203205880488,827.8952838156757,43.69262512382284
76.77818744559902,12.558964397368433,995.2178511796367,22.871884146558138
93.86491434608271,9.376654544938932,1037.77061249227,18.777144700137406
53.100458262653156,10.953764932817103,1063.7166272910783,40.21200024834695
10.8597643404072,17.5069562000013,872.7519176490053,61.5379793818233
31.071986066695356,11.553700824436142,1001.8073052314369,53.435493474767426
28.389299507441276,5.038048967579903,966.5470410002691,54.97661291874477
72.09998049195576,1.4193108298651618,1056.012413913352,43.49823552965854
58.64169647572168,8.525563425528793,1049.3504361241223,28.28178136414678
12.543915034710896,25.798915855486126,1093.1664871071393,41.57587724429409
11.299092322147255,11.626390311462105,957.3995933712242,65.45475862001769
81.61209951639583,13.25812230210504,1005.4242361494761,17.574517998712956
64.70618999413549,19.013096361468513,1007.1390461437117,26.203799089443784
77.15328914440445,56.68550379587745,885.3361038771815,0.06066602426912515
18.7819430487923,17.393401612460067,998.5422264883375,51.876602304281526
53.19678628588426,45.13495657757572,923.5168179130346,29.16731602056629
29.746769200120394,2.257854444029473,927.3084764243631,57.65625300813403
72.4802442493694,23.557373515409136,1059.6364349736864,28.12844320087261
84.16022904235818,17.212056990895647,1003.9519324032425,17.171948652427123
81.97559447705258,6.377439412644,1040.062815955589,34.660409219795405
75.61052542774183,7.663966437048004,1028.8948692319786,34.28695734628341
29.802453808294473,33.61819138166123,876.0302492029018,35.37739789192814
45.02007202047165,3.4300007521344247,884.9326111814064,37.629992045005835
48.043083354493284,1.4038894552849168,1034.9996097629928,52.37745441880676
39.26079130529438,21.50461162188254,995.3951935673562,42.52050546590961
12.125674257446308,14.096101257186639,845.5149166161582,52.13215742338897
11.239819111744566,2.6458801525996827,1018.066224770976,65.90039842947121
43.068005278070586,16.162506120477605,1114.7687478798703,46.8512973122225
61.619475681147556,0.22796066347603777,1111.3880927220648,44.65422425489702
78.70359159504667,0.33248993463171356,1073.7489027047388,32.62663781545334
88.1141992774543,49.633063334167616,938.0883189682387,7.1635830416112025
85.74543375851934,1.3570028324267882,1023.3198956530466,32.26006988116886
79.82401105549243,7.68549209506476,830.265209416674,25.473181801861802
10.986773961261125,18.483918453724637,1028.5680895882836,52.445220038348104
14.121872759464058,12.573489331639296,1100.8254761077396,64.70792027227849
38.32933308536943,32.827994994283955,1016.7885169263557,34.69226385361058
48.42535353803623,0.27029145509436703,1001.819377349431,46.9134279887929
46.939120172790616,15.294276862102638,941.8790989229549,39.35957753983058
77.887812929214,4.834048047884146,945.9089395224465,32.875522523124914
25.459509328754578,2.927790091797646,937.3140515737512,52.18437388412271
37.1755872793434,4.112290929700798,919.880583455655,52.661104082438676
94.64516951557745,27.64992591383898,1256.2602075670015,12.117076797934969
85.54111839649485,9.65856860552287,886.3504717476836,14.025783039072753
22.88149537746784,11.327779252436782,1090.9344182939672,58.586843717976755
38.48490350811285,16.550694558721393,965.2031697727424,41.403602359789645
55.72779078009335,65.21460503393266,994.4467952664253,13.175456037969159
91.41718893926272,0.12976556033017492,976.0310439204559,25.174939367491124
60.62531776412866,8.909338773962896,786.7343179917411,26.911200437422785
49.971830581534874,23.015998996785946,883.9003286243227,15.186536629088426
25.711510102431795,8.560299019078096,1089.1421699433695,58.57548243896397
15.893459286809302,1.7919827753385023,1015.7264893848584,64.15000019409557
48.39419372550105,78.5797275760784,1007.5996961712068,9.590726256650493
10.782851847976154,7.0275115260460925,1131.2640662467747,65.9416745793278
33.400644853214985,7.697396483828865,922.0731923750344,42.640837597365504
21.229831782567743,2.666447999015054,1086.9654067969034,54.36198018724053
74.76775017197647,21.666825121030033,866.5679666629464,23.402734842412098
11.76080503192679,13.888776420606508,748.9954205471875,57.65231824456421
32.60612355915962,4.205445484092359,967.0398276281346,55.273889777518406
51.730461697380576,2.6668747261003576,1082.7365978749344,44.6286176846754
89.2601499717151,14.079357397307948,870.6958524111939,8.609209861903153
43.27564558959168,3.3603833845926205,1001.6268899379164,46.65149415081029
85.51968750930098,24.954508841937415,938.5700498247427,14.3003143033202
66.94523557233717,3.2608993704452582,1086.7421633490078,38.34397333335304
49.70152214724206,13.294976037626375,1048.981523400068,40.28188541580043
51.91970161267258,0.33442039699604287,905.9519514924098,39.22230359747202
24.551719169378792,4.465907836966373,1076.5954939494634,59.23089087248604
30.678547445388986,4.383237518939762,865.444533986379,49.720731036523624
99.73689460242518,7.875487726548022,1125.8648752749114,13.916265363274537
94.99765196924834,4.6030247314459,928.3100396961892,19.856408957952972
17.490421701236837,17.13907618436244,1033.022068098488,57.16872303862613
81.80912672137343,17.94708302355554,1113.6585475249208,11.507971653380574
31.884161113845344,26.158179454624662,1031.4278309730294,43.083644156209004
60.65370378609829,1.0283490836420646,931.2257367325544,29.974567562236324
70.74312695251092,3.1459183449296466,924.1201342026551,38.770078650584736
23.204862378633138,4.927863521506083,1265.0023903651902,53.91864564029095
10.267992504587717,19.675534947786794,1097.922858113453,63.09748356589893
22.152377227354975,12.953709634453965,974.1583667752354,55.531235959770434
36.69173651966335,2.3056184941435163,1021.6359407376499,50.84005038724729
56.94424345091775,43.224375760131394,995.7478911701339,23.574603723838678
93.09058229875434,0.01772035915474283,1103.1476626180524,31.512003330377393
45.221583150033155,4.012340206196565,878.9482030934801,39.699794296156924
20.240325910123406,6.274138525308378,1068.6220984436766,54.422190611063485
19.436559678218686,9.496737330938194,989.373622274121,55.06218858936246
51.881510614373475,11.327341707185425,923.4984885868388,33.3069114319923
59.677458943551486,2.390499881930559,1080.7268944561188,44.16174132861954
60.682658176204924,35.51473386162715,1015.4539735932377,25.390381891331703
51.38375734240119,14.629588391189337,937.5436821956463,45.51435681855121
92.63214599107839,11.791922969446672,1040.2433358634637,16.29266549441163
84.31330990039558,25.73731927533398,1096.1137414870154,9.672462043196631
52.86219912747164,10.172858079626813,1077.4888707821417,37.394695403115335
71.046971999975,21.058914460936936,962.371745805967,21.290047950504658
24.15147373856138,6.106245802514361,1069.8744858780078,62.31044422872698
20.892817269916485,3.3626556877789113,942.9930076692459,61.65705142677179
29.692920371973685,0.8798615076836277,1032.811533327631,50.6264798624493
76.23699908311893,17.200650471572413,949.4336247638172,17.17424799370403
82.71005361588537,7.84172887453287,1010.4643052950976,25.34361028062373
13.684548848883486,2.2770455457591523,888.9786368167925,65.81324060372484
24.481320107697393,1.2765389681623154,947.7192528762984,56.83232156429935
70.82283837581417,13.895961320327798,847.2947567133435,26.565211782068573
48.35257097555956,25.89706558256793,952.3533969046376,28.593968581841878
96.20232382758394,5.138553123874833,1068.0626711315397,21.22930593412015
54.80102829706082,1.4307482947075418,969.9903244442955,31.42937823026989
10.774934268908462,12.515040493854494,1154.0846303439773,56.63038166362525
85.9000780970166,7.422497214798353,1050.1961417958578,27.05739123475491
83.59253502059052,1.3336935569526498,952.7480525960272,26.21803910509371
54.50915365337595,43.5014873909122,984.5311831125081,18.409250332417876
75.5976572887617,26.97825892185601,903.864652535222,11.236592653263887
57.42836714025576,51.5674084326253,881.120136402153,20.536220088403788
70.38565629870118,8.61306221320035,1194.5289417252848,36.31958241047862
71.41029189915281,2.8410013130376237,1041.9866192967665,34.04170453935643
71.08751770484633,17.653921015691942,1023.0074966454132,31.32064495129034
55.294484122736776,59.82980160085051,1032.304784834589,20.83005717047379
52.0695761968297,12.634356337932015,984.3476268661328,36.35267024098968
38.9299254591009,1.4758094481567217,958.8830059228223,54.85455692958836
66.38507299245359,32.53437358406361,1038.2446620908233,19.926517944130683
43.81757288031109,3.326002547082119,943.3790763670504,41.87169982229678
67.00091064858428,9.529450488797647,962.0661079537292,26.285053765132197
82.61389207425248,14.22559372034574,956.0450881953989,24.481580988872548
74.39083514561788,2.805172353138169,992.4124909193242,37.0088558677814
48.63514935053268,34.097805644803685,906.7308258388131,31.2000018482472
64.06133420434378,11.309518755509755,984.1424691339247,31.676413898004583
85.98806719449662,14.822641034345006,781.7597371352608,10.707458660033128
89.49610601411665,18.878240614842177,1067.5631135469005,19.58349286030773
89.10769303714119,5.679692488825487,945.6842550038883,24.666921020854797
62.6395246428246,3.9083325893264504,991.9458953455372,34.0350880128689
93.20641071397907,5.199244686658834,1106.5365314544372,23.23608271199441
74.91983710437458,6.524423695850984,1177.3872792075229,38.97386270580266
78.9932768575579,22.52330582824476,747.168340913256,0.0
47.94854917534037,3.200934624435554,907.0565339300382,41.54667455409149
56.74124549072841,3.6649140944862673,939.739483150814,32.22665873716583
97.77933562112537,3.194801215659561,769.1330967389425,14.842372050808947
40.944637860119784,3.662670517813589,786.4794828805626,42.24106431969156
58.31666618620258,36.29549505490242,1059.1411541375762,19.10479016981504
59.87971587001374,54.13881743859409,994.0310141707132,9.114612391086629
98.51076168776164,13.690511666925236,1089.7792014864501,15.478229645151004
90.47844713214727,8.314435733356886,926.8746629687628,24.499886091461182
13.357994995780318,45.96353365854454,1126.8031251737384,35.231794515068
61.495485633527984,2.3392636791948003,860.781682001774,29.068816210741772
86.73337288439248,10.160393827999698,1016.5371213908725,22.62758337390611
24.18708166617637,2.4982434387491135,851.0951724721821,50.159535613878
82.91537935125906,13.26339247564993,961.755428353488,28.971082756042364
62.83329887255029,30.338409533571518,1139.1054433098539,23.546171763624063
70.4611984470302,0.11179361660593098,985.2717064529149,32.28073179228789
92.26992691808012,2.2299001070201965,1017.1680202330597,21.51006922775346
63.818086365614995,10.04412368311129,947.2319672555526,26.59004945478893
83.24387927799171,2.418129077108451,982.6753596299701,35.7050166654173
26.934567838681954,6.27131557775768,1123.3079520286017,52.663939520191576
45.241676575733194,6.715973472300469,841.107043525833,37.65065921459695
61.533070745753626,48.3041439035043,924.4019197710184,15.636113803803374
61.384078727453506,1.4208516531741644,817.8719623897598,35.126102275153904
33.09793715507058,1.4458027745395556,1113.7852646521283,60.24557387418185
58.02790650254214,20.021806665821423,1025.7528211390093,32.54181095666347
16.67298344396543,3.976695869031737,976.4205829933786,53.6310147076537
66.65237514774896,23.731786315510817,1165.5047449013027,42.22539341578911
54.43631022357815,8.303247784210097,856.1718791668234,31.233595363222307
28.812364673615235,43.92317693276972,1061.7175181161074,26.90596523525064
83.64290946172768,21.805699739282794,1072.8220610897115,17.63059019991986
76.75501014698015,5.246433424388538,878.0488781122247,18.630134882841965
56.03044419077295,2.138650781630231,959.3137920790494,43.1641816460151
62.918502057566016,22.31715855639415,1037.2680664596078,28.26170084780861
23.280752625246095,14.90851372853892,1018.2170453299549,45.307175019110545
19.75465996752676,14.87657298165819,972.462100753454,51.821518268748356
74.51406310143538,3.7142748115982878,1047.6973009109058,39.9048065996739
54.40988881703274,5.622165497284627,1061.5257520501607,35.54590522505983
66.84362622791559,19.53300535422731,1008.4657701328794,23.109229743973728
29.540753783046213,14.123094762897649,1000.9025758003321,42.31291593312922
22.02900577625791,18.946127306060212,1078.9890984505566,51.4801768160228
49.67500330657925,25.115680893216602,1124.137072050823,36.22723020586038
55.63454114571587,34.770387308663246,891.0751878615526,24.59019770616801
76.10307062215274,25.675488464776045,925.0415897815215,18.97220280921292
86.76692851358837,2.3898405123945707,932.9741836178682,16.26602505454138
59.27596676496372,38.75341993211285,892.7775195630095,14.324767875927556
42.90458742025707,26.44293923904856,934.5098821783405,34.23542569866411
92.65825713148067,10.707873646388386,1185.2530539667166,26.16467002081748
52.864062201553935,7.205029281623335,1067.2980883478997,41.75992402105824
87.98357318639098,8.77515580152922,909.1267142036169,20.415175948537247
21.44679378363012,24.014829236888254,981.6433282134219,54.746038814145386
86.41609071325509,6.694671134026739,1061.8814361587274,28.537705197626074
80.75492922883524,7.040106828423791,1035.7413270771,37.87092350033849
70.08773645163362,13.27722694871086,902.8760623683168,19.332782271125385
85.73297104106004,9.476596239574517,844.6069894739709,14.221886254189611
30.61258092864464,3.4180012368339523,902.8885792194679,46.35041673593349
22.219711890428542,2.2083886371721047,946.7848505019886,63.23949835970558
20.800331015232352,4.186428763355777,1058.434263759266,55.0464481165047
40.53283973555037,0.9960011262569436,839.1523922093204,37.70327298914778
33.74810540620845,1.6586535752717402,998.268046248786,46.35166435800289
10.403075580781906,18.961291242838417,996.0543080859447,55.06614862165856
49.20910227716216,5.335731334922576,1277.5080959832928,48.58778966292713
68.47497498291023,1.6742951873671235,972.5137748638078,40.99823771641278
57.33135886640385,12.126877544788478,868.745142287843,35.71862181823118
60.62982910962793,0.14719762450868934,923.2446248161697,49.51660204280236
88.94152315019053,62.13732178063123,972.2654780612668,2.808415412347831
15.551360921182566,24.504197251986994,1052.1990933527231,48.65617607242352
94.21423132811996,5.98167512286595,1116.0752512299225,26.417958212035472
50.41450550290403,2.9434014134415762,1040.7387246335213,42.920378980230176
13.505167671439363,1.972006133056914,1033.3942345837906,62.96800680824851
25.281291501174977,6.334701319288849,1086.9979643288093,54.94384042048077
74.98345632958639,12.61934283482752,1184.856564684716,30.616521086321377
97.78762484901128,71.80167318466424,1061.8835718515224,5.060859431183093
21.870961230398144,58.70556529593599,1027.47583593878,32.87579840637402
51.7383044860596,31.49515920200327,968.768595426946,19.210613971972208
10.560722677212434,5.848995852189312,1036.4686236650937,69.52248108851066
22.352040973105716,14.909194833191773,1009.5368809649505,44.61367347118307
64.50215694609422,7.081341930728908,986.9253055740553,30.219499413140912
46.572906769515335,0.5417207276679122,958.0554142792536,39.91879013565862
13.55002850062024,8.372777509946541,910.4014558380997,59.16101390857759
38.49223994635691,23.32494972731021,1062.5553804912809,36.8649414038932
36.174886767104226,31.980540768144444,1052.8760098025152,30.51688269345583
33.48815603335707,25.542053979442557,1050.5924164936932,35.59252991014675
62.948833361550236,2.9864235280858025,825.3830240217096,37.89487577933014
14.214728457920504,30.971226864183386,970.3273118228467,46.144533386828705
69.9669980816453,12.269285887429938,984.3283797581347,19.949147703655335
98.41391657556618,14.463139833562247,1089.1748281035948,16.668926235241678
44.765397257334484,4.304173274535112,1109.1971131490488,41.62250678252026
37.66784288470748,12.973659488144706,977.8494019600753,51.656976774333856
91.81203039367324,12.76083405934446,1094.9619147480093,24.541815634757327
96.4069387429742,0.8530170501057046,838.8764896545752,17.778672064093843
26.45071344339288,0.46148190655764687,1113.4163929351048,52.642874621240196
43.18489792889159,1.3489981982771961,1014.0304106320827,51.669865109866
21.146373872701187,18.426160746155062,986.8657966366028,49.36756698322115
80.77333932509502,13.844004225764483,948.5912947867159,17.090621801155372
33.79126240129116,7.998360980720137,809.705970654172,47.41681348329834
60.798566194345256,10.958989852269111,1042.142526838276,34.806889966515115
32.87945351175527,9.618287129853702,1023.125642266662,46.453678212410466
17.345969993293586,23.86518804770471,1025.6402763331823,54.27244958980541
12.624998805521834,14.77111264222923,1040.8802156827182,60.10488232550111
99.33465641000349,11.494544649899622,983.6898344938443,22.778293719340382
23.227700219484788,4.895330788576297,973.6769546302814,49.494960475880546
75.29363747673612,8.281101171531835,1115.8302761756124,25.496168035070745
72.59906155980741,1.2913229153861565,994.1985742381602,37.258401731059536
70.50137888601562,16.053920091819798,971.9506291132016,27.94054185894512
34.62574215653038,16.150117793855134,919.6751102256299,43.84822038023693
17.183965804429867,35.23999646678086,1038.1367764895426,36.85091574066339
83.22906829642045,6.746711164165391,966.0506334975827,16.073433635838057
17.94138784725174,22.193397125194437,1022.6070175301656,53.053265953082594
16.39917022522561,3.996696303703385,1036.8734270710415,67.35975228910263
55.06498988861843,1.3914922650049668,1011.8601063261788,45.55964644257537
62.355981825354974,56.27677486260442,974.3384809772995,1.6171683483830126
74.74601458670529,30.480729616525863,963.4926027313442,19.826991782275552
82.50035564252619,16.264812326163607,1001.2593692569526,25.60426270884829
69.06900631630737,6.682979843406002,875.2160276290983,27.869973155456186
27.299053983984233,18.887713359107188,1049.1342103654313,44.83230103261703
20.2145202445562,3.8398882048625085,1111.0322954718304,64.46840913798702
70.9578221419554,12.803640871366074,1013.1343585533448,33.89651678486058
34.320037777015656,43.83524130966846,982.622406128776,31.221025761649855
10.900930041963333,4.072477291308553,916.0055356153672,53.98593597545681
33.456567441567316,1.0581167574209462,885.1696726521933,47.11548445268091
89.73059456858576,18.129192196362293,965.4843399017931,24.168056057671812
80.36094880095035,21.612111634534596,1140.122423322353,24.131679402835637
14.247412764566182,0.6800307966073159,1043.9193651320131,65.19468755052479
33.81845849432837,2.8348522559606946,1138.6088989437608,62.9957803817082
19.542613655221558,6.727511029210445,1154.2795291484383,52.11656767391321
41.396816054458895,1.03506590207182,1011.2355987407724,44.14536297691637
99.56483830972732,63.07620899837453,1022.3804964636846,0.0
44.819687183683136,28.210966686304083,946.2310481104254,33.62813193934884
58.803385630805174,29.74626340145832,1032.6758115797825,22.082801551897155
72.07907316745224,8.866164235379584,835.1788291127268,26.696613249429323
68.76288309806259,17.140193642545963,1094.4936386310062,23.708411039433695
97.67188611899441,36.70985955971022,913.2775970786913,10.338806373639725
56.10440513305205,26.732443964076495,997.093644629395,36.89732835824287
38.18976550008421,5.824475616864681,1097.738402886827,45.63573415494469
26.600534066260433,20.580966752962173,1084.5387199724041,53.97206600645856
47.757461140893554,22.242426676448467,796.9293353955561,36.211134319311604
16.140365759938042,2.9507978632609655,1169.0551696987013,57.86906668012469
30.09229788857397,2.1739296882747703,1096.130180199376,56.24763774893384
70.54924223820024,1.1727266134442527,1044.7262225398076,34.54692960589229
34.08261098658812,7.466063926288373,994.6739797369767,41.14986557318774
60.94472418800491,2.824061312087329,1066.5607021644914,35.23197463363854
99.36797221105677,0.5450481865394275,971.0881273942654,25.252503643665193
42.342303717114284,126.65259710226488,959.3268179209854,1.978505122439975
41.66226791534099,3.056252219139359,787.4619559064562,47.57524367803292
91.98376630722608,17.663468079464298,958.8475538805644,7.765435167562925
34.90489539009245,19.705629441245737,1020.2033294341585,48.43812951316377
14.447779790317394,8.853071700992217,1124.4075746954395,73.81916907523086
53.0285903972616,13.407544810896379,1026.537755058047,33.19409545595332
79.6121325137359,15.039039382510301,985.9368786906033,21.039023448005263
33.59565344470252,3.5961946370336983,1031.559903450287,48.764245235045685
52.53697327283133,4.883596466948482,955.4259835097927,32.00810407154282
62.46689606501114,7.521205309928377,991.8768057932612,35.354842689860384
52.616759271460474,1.624638450403166,1016.5253067231434,38.225021377741804
49.8005026589552,0.6630351184636296,1061.3812200875398,47.185234394508356
69.15572148802937,0.44549500585560603,988.1916486022299,44.8735891821937
15.304913479663647,0.49047177857631225,1057.9714803784993,68.27931608233224
74.64041421644203,1.1532119613819174,888.7058812130753,31.904153308137623
67.77323718626948,25.296511009447393,966.6104863954691,22.974821392590442
40.555591349343935,23.018180144828204,1010.7677092589657,43.55433740631145
74.82994309070874,4.993387919022325,1148.7574699628744,38.6625742825005
49.11738590273144,2.098480003047778,1039.916267022885,40.972108012868965
70.93863181650491,22.077511349130596,1035.8444181655516,23.614080548475254
33.67738051496234,16.56007680717608,1016.313882604121,36.833516102475016
86.70240548155448,1.79428652894968,763.0298571293686,19.864225454945533
56.60206847437593,5.270041712295617,1038.4989803157157,36.69722424844461
96.74528482755963,12.775975085614803,921.5506285160684,12.647809815838436
89.9109345190847,2.4061491156825925,987.1220750007276,12.850959550272584
66.00391619323102,12.242661052799413,941.3784340790587,24.687399555417198
71.17578695381256,3.2219083905308703,950.1855963886753,35.37999626254411
92.05013892264908,17.296140786968415,974.1505415553238,25.518714770275484
77.79871575903869,1.5834413930046174,959.3321433478058,36.47987187485134
37.36801733871587,11.784118450231716,906.9324320530536,40.848221802171736
60.6434627383443,7.074713599654328,927.6577872161182,34.79926273531069
91.54951897930063,5.056533889380864,976.474182678606,26.661230598940584
62.2869051631196,24.71280493032068,1014.8813016754748,22.610803724171166
62.69553286079989,2.428841506020412,1051.4286214854503,34.82911234397631
23.980845611562692,2.494643354025603,1014.5739961017747,52.61791818043425
90.97414023483712,31.559437292934426,1031.959820311926,15.789185462955576
33.414219807935936,3.9723973618688606,949.3412080750746,39.7588621765925
13.450145965112018,14.253784123380143,1004.7805502294498,54.00798131364471
78.70247424538587,26.534984105615667,1069.4679058071276,23.81419012522732
96.76272626415718,6.750837787654859,837.4240198412127,12.390287841379772
52.57520098259542,25.848623713361974,846.6294342587464,29.423780997308743
31.207046546931412,17.114829506219323,846.0692313698472,47.57976380918845
92.44809190924961,7.9871916732290895,1017.5380305089415,19.81279028012917
70.367734907014,28.63757980763263,1229.979407033816,21.145768033016935
27.56344167483017,8.246504953295569,986.5838930905508,45.56796941678721
68.3856338338323,0.7401967961899073,1098.022910960416,42.73821367261819
21.929664615815394,5.411648910439192,1079.5040289103836,61.398046281216025
20.676699381578846,19.131579783744847,942.4253895918561,51.67047985075291
58.21265805297529,9.299236062678789,1074.3099873075705,34.27842669629607
29.781730091904336,19.583069799895764,975.7361993369489,51.09071945529653
24.444489226236893,58.47436265147602,988.2946140296696,19.703928897044186
94.3027008321575,4.59401106307095,1102.1703995695966,17.206333246000163
71.13839095118652,33.10556796596627,984.233071373121,22.50796830564152
88.55581086626756,27.541538890865247,890.6301801182298,13.747288704694252
27.194179436346854,19.142959948652646,1038.5903930454722,47.174445897937375
12.905899071896698,18.2026959529258,919.2665755288992,57.768039165639664
29.62913904319952,3.7642839530864967,940.4444940521739,50.95819662398078
58.83738157794816,48.601568853191,988.8226686359662,18.300766183986237
65.13359567601981,8.157142584130689,1103.4346317352422,32.88617932761911
55.11432308731549,32.06414556765425,962.6177324445134,19.10733227485227
79.22998094477954,6.692601725458014,1262.295812811396,30.21529180965167
18.795803921512743,24.710994769170046,1025.5064557542482,46.3921332211245
69.13820440979131,2.467262600575055,1055.529990387428,46.140649779272366
53.775717097429045,12.393603539675661,938.4922685956881,35.97421298739595
72.45988676777077,24.00600401079817,1073.2947495635938,19.874828866938888
73.54556858731603,2.0405764816707013,895.9071372939509,26.16642232579186
48.32671912904787,19.04918780624401,1152.5546852632049,46.61707508872891
22.772928153779052,6.334824681810408,926.519617798401,55.248472727136125
73.59283451562771,5.864086311647789,1087.7991680450727,33.24711813999465
77.75800511367639,8.779447592990541,1004.4523308944538,22.93873633362034
93.77040697069886,4.739375713403844,1096.8070635165986,26.464607362526152
78.06021014124802,0.48481606705049907,920.999308206948,27.986506838935348
17.49209654591851,1.5241245922325326,1016.2615950199703,63.70075164176028
13.08216609750285,3.669825743561032,960.7593635225331,56.85766784579916
77.26902709669177,13.291211209827608,958.4011724966215,26.80609872158711
75.86049287701675,36.638010943761515,1088.082091475108,13.41167799714309
69.96203397393411,0.18487296378971663,999.1503338826412,42.24834421235816
79.587898642495,6.710811121929464,1136.542747689241,23.771996407807222
64.23977730253834,12.800486074355957,921.7141129642314,22.44758659498465
26.457062228272136,36.87302413411386,994.3613342703567,33.67571277261999
79.89477498692403,1.5854980764995774,995.9553060516301,21.51679452491379
67.69483488682792,6.386114291341682,971.0585722443847,37.22203565229798
52.11701220862214,66.39758380048767,949.2380592920334,6.139981420137078
28.55871713838153,1.4255738942439629,1152.1445129110975,60.96087301701755
89.63644350048298,9.046848138227375,908.4879680331408,24.551832053805395
98.77021578198874,1.5605253881774532,974.5598233032185,15.304859517919859
20.234648188573793,29.3376160025419,1071.7318385992155,45.69687935440193
11.737709059870987,25.135180628585367,1126.7041653598576,58.87717725537869
32.641184800801454,1.49438856552408,1024.4179665256036,49.94926303291896
78.10898579063982,4.143830064764616,954.8729221601457,28.85557082581015
36.607704602672705,26.02451935228843,889.590064356727,33.11777579709085
54.807448572351035,9.396393366097598,941.5866192250304,34.74986820615207
49.92454119937885,1.217541540247396,833.010430526723,34.11129672061368
76.85788070720116,8.219619500725813,990.6832516042798,25.418958088211348
67.72848009294646,21.105672820829053,1010.9246086079304,15.147167334999548
96.90879822584718,3.813284376909189,918.896351055454,21.11924882934296
71.5652800237454,9.92287854119938,918.141220318224,28.654215716805908
41.920878613111476,1.0834256814733718,1169.9163863871331,48.255888724412905
94.30985048279211,13.16268176885942,960.5468462092504,18.00048056484749
25.02857288309807,1.6510743303318711,1078.9868734609745,52.764591010477815
82.36511808369394,4.082202049014646,934.073824659351,27.83158029550522
74.65225712570424,25.157652562928913,1092.1374863168992,28.258609600442455
47.5269382778009,13.378248765536068,865.3106264566436,38.1448696949688
86.36265985465376,8.21858397385717,1025.200063350993,24.464346700304215
37.095829589446254,33.14002991170161,1077.3375290260874,34.08594316813323
39.36889398928565,4.926491900632853,1021.7795056969694,47.022574468201576
67.50351904466223,0.08876179176349296,1113.5607211307613,34.60723017127753
72.26556638483918,28.356780940995563,876.6453786535858,11.644901287856724
89.14336206097153,1.4406217625538642,806.3079867497502,17.606913790541356
33.33639500276142,6.927264890749509,1012.9685921172161,50.16077396329282
30.716076797873164,44.45377569709204,927.1739044240394,38.66891315809269
16.499484259666037,11.777631980183468,959.1422566532307,58.84545854519086
62.20925604849242,42.982297320088364,864.8864831387398,20.37870540563207
36.2481779603865,9.747385919844222,890.1582111195132,40.132687425110966
61.81677342439735,9.434374966082464,1195.9165082193945,35.941829563392425
13.962934381546024,35.11458260367329,945.3434192230214,46.44721161852907
79.5456805770177,0.25983432005401885,1025.5293750426233,24.901032059114137
78.80670619208163,39.19168530862699,983.569115686695,12.907611867919963
17.50825728900188,7.913487625537144,1096.7317585112264,64.24728721752129
78.49526866203941,12.14641612824659,1069.6994745662587,23.06031275247246
37.922467445412195,12.095098191354456,998.436905212276,53.207304991222486
76.913843861385,30.018269118945167,1152.639561910665,25.72157056508125
93.41641629248697,25.937758205640566,1052.2792728361005,1.227109278452021
26.471190302917197,71.06320439530091,852.5280658299199,18.985040693216355
17.374792438837016,5.858564620671222,1190.7416635359255,62.144673203533536
37.61553281539755,23.583176138258278,947.7384535145272,37.212630401624814
16.485851829698657,58.643439531775144,846.3668597873396,27.005777535023743
67.43897940885543,7.37376604043858,1065.2565773238089,40.823573169121744
20.895140022106062,3.1225986419805185,936.3093544581213,60.57555630938371
24.421170290150712,12.867186580819412,1072.5649126724634,52.92024220437125
92.73923716184422,6.679744499892706,843.4522931145248,23.876064456735158
84.70046907830078,9.358676626297884,1012.7466050578712,23.150924929142736
33.72110141866439,23.331801956853074,981.5763641184682,49.47756068927527
53.861541802353955,49.69941227487353,936.4462655254392,13.309033261871305
52.28315537333026,17.56933345210028,1032.734440578883,37.13933795513687
18.796558297603998,13.760162890713076,1043.6456401276,53.90084232470938
36.35860137409858,22.514470339822818,936.0756637372456,28.577570446623504
89.1885167216568,11.421180706521518,996.4207771577252,23.230429804016996
34.958008581277745,34.539162013924,1030.4265158935364,35.074861748781835
22.508372017948595,5.19043373825631,1237.7997565188505,55.29682262479368
17.70326947089789,3.8349887303332193,1136.2388522606095,68.14826188583041
37.845930949353956,0.3453252014818781,849.4103064781852,54.08693577565541
75.88883867926423,18.37682071090639,1001.8968145393334,19.95911771400339
57.56421822292379,9.260933780557624,1110.2414522224592,42.6286800727173
18.114746205356155,7.647601687222952,925.1338835238644,43.17688876517052
81.69004116772825,14.233840089813418,1144.2459321047338,22.43517597511633
86.0280810972233,80.29100823410084,1186.628034661261,5.6979685166217156
65.81088291593525,13.486100096733187,981.2281035774167,33.86450429716844
65.33611105188402,1.7883025076706152,1004.9161413975568,35.08886825843624
64.95011856741843,4.240985686842628,1191.2421562960562,45.17753872282496
23.53430413281319,1.7882246247343714,916.9450131001502,49.14915060620332
10.7430162006277,14.402557016212267,826.692136434418,55.93168190812402
23.136551837357654,21.92691244339953,1020.8855418009334,42.039743629718075
30.016756919283925,1.519864782889087,966.0184340946892,54.80342173673409
43.11876886154933,30.84041160189279,910.2066974651402,37.00407484972686
47.173343812174146,18.319279542228035,911.4288379084486,40.25187783250317
20.10941884316238,38.09164655609335,934.7504158212259,40.489383606147584
53.28568305515857,1.9227878575092967,972.635042867858,41.27665647502747
83.77946337907821,0.05729095726300908,852.0932211300083,24.67069587513345
71.85988475382703,1.5095035698606647,983.3169672360884,38.53479686996131
27.714263935450095,23.214919496184788,993.580291774084,47.9536674997964
88.70439318452829,3.067100268481193,916.5712961677276,26.312667330118337
80.68853140398488,1.3197416767885695,1069.582597935946,33.086873779767664
73.81109870982473,7.045522660938273,1077.577126154228,25.06766725334829
71.8823359024002,34.367450921810914,1115.7789056507643,24.439979994616607
85.65294017739222,16.073705658230534,1100.0492294964013,16.514571872499165
71.36504216355439,6.867539567417459,989.972479174894,27.067346606818298
73.50395770344348,13.333343708929851,1107.9127072719164,46.03512275177931
53.05290404711013,17.48714264851546,834.3432814024225,37.69066961477983
25.895200420519934,2.9106292852675844,1002.899883269398,55.77484615028611
98.94862346037142,10.536008631798925,781.731160432879,10.389879247658614
64.12022313975322,1.8473978174349532,986.8229141631979,37.191758839527296
81.64316593122503,19.421991469283423,907.3338313042993,19.082026310568978
33.13429462312993,14.890279356763154,1019.4736197468667,42.80011295807584
51.0021672091743,4.7555925114485325,849.2632982186901,33.76253848282747
18.22846929323441,28.83152935283455,977.0465901077918,42.80568366587101
79.30822646255356,11.186345524043285,1054.696689379186,29.505534225801664
90.13948651983978,28.45342385112942,1014.7127231389569,14.08027028073819
86.6494384033059,0.6563744678204025,1089.7959376440333,21.70137099463644
79.57530662797684,19.7145767990328,1037.9573995727121,24.2565511415464
82.3950721357119,29.710134416003466,1085.093229376747,3.995750459482112
28.983139531148886,9.782378261571134,979.7523457034185,51.77596924994146
94.29519327880439,12.297912097442937,1105.0695290293138,15.151379990393147
33.591381730038734,43.7729417174931,1027.83167980105,31.921720414110617
24.35424814847706,12.4191080070642,971.7924654358206,59.0707048205844
89.70671885076098,12.20199157518895,1126.0680333985401,19.86367918310138
39.375625539656724,2.8942245644014224,1137.5264855359096,58.08154926248851
59.56909853296863,4.459618312157622,903.6979247987156,34.495503165640464
41.95458073854705,13.774866838328661,1028.947707870345,43.68631559508139
70.81202891561657,6.537525668949748,902.3215894810044,29.21035747563839
61.991674369766045,7.412223885541251,1061.1985695140754,31.780502962352177
32.15158881568425,15.446250158716932,976.0888884961204,49.21870448122086
24.260511523780888,24.033267631226366,870.6864543685774,40.07087724111096
34.08363166711348,10.348159586266872,1106.6581087960626,55.51976751382223
96.59741931254348,9.810414545929138,837.8397263592401,1.1959713133820422
50.220172009115714,22.40556633004333,1004.4765168747875,33.72191399910845
57.1779961437604,42.53950897262517,1006.4906734568127,24.663006434845506
51.66074732088466,15.432199147061057,989.049083403118,34.00915486470498
80.0271683761384,9.167419025484278,1020.3158684571849,18.702449218820824
50.05039434015009,2.5471356558424465,919.1073327665761,46.96682727260943
85.46523939581343,5.669670035040223,981.4996726131193,24.64872393286607
85.87108082923102,23.774294154003,1070.6591649160323,18.409766511787826
32.37863988101997,0.02449767092276559,1068.6511586541717,53.34130589037027
66.30170117753755,17.168638855773402,1074.8282882653043,26.639849286987864
17.810717047159034,27.708088564618695,1043.6184068784153,47.537565781538184
91.04807716672607,36.59802910591229,1083.390695455814,6.299118573687894
94.40624908884688,5.038629590105972,865.4373166583,21.88184309837706
77.6882143945108,51.79674909491216,957.8621017425536,0.0
45.180089321196725,43.332660505234486,925.0302289484046,24.47195033472633
39.765421736047344,2.6472785831538346,1111.8196392587586,39.97356965732597
25.3883151359321,27.28311951574191,1053.1922460025992,39.05539278883167
18.603874664771805,0.9714399966520876,1028.5668670379555,60.60663939507878
40.464256584411714,2.8873599072186518,943.8179253267658,49.28229798924896
47.9731049477396,23.28387276687696,912.2447134702911,30.66972123197263
97.4792525003325,6.753499218885345,927.17617642196,23.804701261069354
22.75713296406252,26.05068436721383,1072.0466515240541,46.248423927658514
68.35156507256917,1.9601523335194855,1099.6959619332679,35.302325424224996
29.547279123449133,1.411221355069136,898.8416845789012,52.69916464454168
22.03215196823891,11.262260992324459,1118.5331147069194,60.80927206857456
61.83918105609219,2.7220535849073846,1080.0203740078891,30.702388974415477
77.23765341089222,6.339686984979882,934.3872986432959,27.032902215546102
52.511280674373474,12.567709722611548,888.7030506551555,33.65101918176772
73.48320546788547,4.37111633377663,1001.516618189221,31.80349563841734
62.017088627472994,18.875105763689273,855.9540801761756,18.272697582398266
41.84373918345866,9.3282110203326,896.6874757504396,38.8018863031603
58.13445637230684,10.728933622595022,919.9560354598894,34.61471956012124
82.61762859851514,4.625092744136525,1023.7629789378354,20.273622650756753
90.97668780919888,13.072638303458033,1021.822447967223,19.43715470132637
92.95746936118854,0.384553967814987,903.0438618649777,23.15695665261975
61.515324787365245,9.205497143965141,817.3549262681927,30.08750662083246
16.693115411428607,7.366386729720602,1009.7112010988816,65.84071396220034
45.48307081831432,8.52004437894506,964.1222948432516,36.69404139607703
69.58754022221774,1.3973007538281057,968.741814975731,37.22725705727132
83.35341876243994,7.380104973378924,1145.5357691364711,18.605119653251098
11.586865332505369,37.44263713242065,1099.7285606504438,45.19313380027985
90.1987377807184,50.883322222342656,921.0261831883931,1.1295976492781892
38.3622493006745,13.32493511654037,883.863622831396,44.73550258325226
94.86826209391407,20.61539789191153,1088.738647823685,12.273100739133096
97.60409020411173,1.8548612737475458,1030.275906189311,24.795451383138513
74.46911394208617,15.746367345931898,954.0004551447253,22.887873885029684
78.51417445190873,11.695116178646101,1195.0036072790044,27.401363006066457
80.73910445372096,1.7278270771865452,979.5571329710758,32.73673787659897
84.65919874926142,10.36942140370329,1016.0561353444306,31.553967943801442
39.75862135279586,17.6305656636801,1073.2770203020498,36.476687384726446
41.731692418204204,18.361046650891154,1012.5553124550638,41.77155584235452
50.41347254332311,0.4726444809125728,966.1513873195457,47.28998606294985
24.332523543884314,45.41080413978915,1139.6567475711386,42.25862125125382
94.03491047799102,17.94035663718028,992.4075669992031,18.802722612079364
97.90948650739226,36.06097973219605,1000.2358546285009,14.265497094513469
16.586178903597297,2.654048823550854,1022.6654415202767,62.93116185632583
66.72334850599644,1.6950913256101017,942.2056742058076,40.603547909577756
81.59907266370182,2.599320164699132,863.7046978202461,22.09261390406572
16.282361060323396,16.74508483579486,947.7502129041254,55.990642778744075
40.065795800364334,7.3741163622022645,1075.7972769831506,47.54162960754198
72.7088819530543,8.236880982518677,1012.6175053016043,28.21223818355789
42.22709306385513,6.0896374721500655,999.6087080552485,46.74269334902702
48.858074856263904,33.97507657392134,1168.771151717895,30.39466838337315
81.48000801252756,12.58399064052802,954.1468787948598,9.247214534262252
50.52388775938125,34.516667102776715,1038.3720523689205,30.313228701696065
44.98449239380108,4.633868841440435,970.2691896400947,50.454597391776275
55.42557938481564,18.814624631390856,1055.6409152098977,37.21937765083112
62.83693528039305,49.22078607068291,971.0892097669065,8.795327846591903
44.69558598375303,11.013313987419686,1037.6336081473485,45.819008534660775
25.88964654542983,3.510990338296795,1002.3228759121893,57.2044606577368
13.752380465896437,37.089613496941745,1162.121150795682,45.45464667561556
18.776118699853555,34.550108474304864,966.4965182842747,44.70189627395532
52.588482396517065,6.446419692446065,980.273445552935,38.45196042443065
63.860112910885285,8.696762680736402,1089.6439089459261,29.607888790265854
47.76372560018655,4.759696071574114,1014.5879625685568,42.110659943535175
27.067700524602223,25.68360831243156,1092.863298186437,43.090079125611524
30.847816577777667,20.79020648818484,1097.2166903952618,49.15363139094529
93.75577282059065,97.99920175766954,919.0583359794591,0.10743924673691235
43.36532862263691,26.587517931078285,983.6640903686224,36.59598772919299
49.56743868705403,21.895244266178924,1109.8185141567674,37.905620428470066
51.60391392327656,6.074267528386566,1075.8631539865953,42.227444676470064
14.577291872928535,11.918107607462325,892.8507901283396,58.5864689374757
39.911871710790535,4.169915598180187,1019.1126234370017,53.125943169877196
61.97858909993201,9.061218262353483,805.7606765043896,28.866745081399138
49.43091422906693,8.154376287475076,974.3327079236357,38.66141413322843
18.679264469244767,11.205040277359172,1130.4898013631496,57.71694985930194
49.170345336911986,18.188835733339246,1089.8026906135246,31.03659110323621
62.715697831567915,12.183183024131703,918.5299599163419,34.274484963090885
64.74047733117511,35.63728997990977,800.7491275961984,18.099035886063213
53.20803806113065,2.878854865827424,1082.457055058498,44.47391112659744
22.687951227401086,57.53498495024545,1040.8837263931562,27.507466102655595
66.00183006417433,10.450365881389729,907.6970892265017,35.76769148176264
20.065547774603047,9.720681005219745,953.5291565019318,50.25931176833743
62.16491464937451,12.555316364384218,917.1201105453385,33.62208961753879
10.221023402477016,37.36855805218946,844.1109742831422,41.22518219468523
70.79168107320757,24.643628375002788,975.5364128187903,21.2154710370269
10.81817756359581,7.704626377829361,836.4717811533668,61.071029786210325
41.87887771277924,2.548017124602041,1057.2647513804025,57.74070526538701
20.970374438716807,4.963811204805742,929.7387514437764,65.30426706384462
35.87715054974787,0.07078191217983737,1012.6409395811348,49.10146065528937
80.56987340118452,4.402177662697441,1134.3970360048697,23.682066877209877
75.54225631052789,13.353035715342598,977.222322749129,28.27595855789971
19.062253326063782,2.147335282852814,938.7403577185244,53.17490392728897
38.76229929038786,0.06589518368813116,928.785839644983,57.05196035363736
15.926886114170443,1.3432405386943738,855.3386826246266,53.61445882099499
46.04831721607592,3.484128748777965,931.5877317825568,51.23699660439989
53.22513642415008,0.4273496717614164,1025.3246286495269,32.321970966707454
31.179388413045984,46.927592125008225,978.9595388076247,34.60012344774448
79.47393205112608,89.84236307798692,1021.6769767168528,2.4255676479342183
67.78588152938124,1.8494086031256183,1050.9383445346732,26.321939485937467
75.22581342949472,23.8189104630146,912.6319307122253,16.199724675768703
13.639023012806769,7.896419886913137,866.5468554686023,45.72700057888109
29.972298302478833,13.495995782206652,1049.0198288695003,41.56189305202035
21.62619915242211,5.663386486879081,1078.8985701050672,50.154573483673595
13.023517474181665,10.236244673831397,1020.240369257716,62.966981931543366
37.2732203423066,9.472771646809719,942.3886301575569,44.8304273437206
14.491256095447074,4.881485600502703,969.3713979122757,60.3796379064761
14.603190553843532,29.76239016794115,1005.5548921009438,37.11089622268099
79.43302558951689,54.18891239207791,1011.8824061720716,7.656192582410562
14.990166406726566,20.624009022080426,1207.1312101607289,48.88422313098777
56.6984553768132,9.88040255700672,939.9921003533424,35.133698414469336
83.92051466528912,4.656097323710309,1078.7477063592762,26.67843293781436
62.40972825208869,6.25632225450075,960.6806223088165,33.23248016602514
15.102874342469317,0.43614965794779237,997.1836730746284,54.5971425382348
94.10238369264765,3.2568289885474124,969.9121351662604,16.63869050423922
94.29034239625973,5.639621859712429,1085.7173274342806,23.832039015775205
91.84284459364873,3.1640984078174608,1035.9971933681868,22.41206844024046
21.940251656216567,47.08894048303321,974.5008495779032,32.25849909180735
11.551675077954807,25.47800055070935,977.5709264602724,40.769156946309224
80.85116639477542,7.0601398126211,1098.5677795598388,36.34271051605329
35.63078429575067,9.314782378128537,1011.839532687711,46.76276208641665
65.31383247366918,20.704926641315513,917.3286054036548,17.484466831190076
14.733148934112474,19.26149246927527,983.5171560132956,49.4159559255486
99.33433879285238,20.37226449574031,1070.3508952883642,7.009376088060695
65.59883055759417,19.099434131059482,934.2245786293953,21.250135225821417
87.40264055153723,8.449415073666371,1198.0985087790225,34.12810410632849
26.396379032893343,19.201082524167955,955.6596921006864,47.69396053981356
93.21153881787222,4.703539395982898,1026.9860389414675,18.3565357485978
46.2702796536301,6.415836083101398,967.814713033899,48.57265192009762
32.84191496191832,23.496928365606887,979.2469244650383,46.08537921659873
42.3257642618446,0.45741776007521245,1075.9599630357054,52.64292414399877
57.08606616027606,19.196601190084635,1115.4298358472627,34.38021206991206
64.08737428701258,47.36185081620449,1110.6017332154925,12.509361263806497
13.256172909158987,17.045224145921477,1061.4370185726038,57.1790289595827
26.61055823957158,2.011017868789037,1061.6825726158697,55.08366571552277
21.21369217937818,19.899618883024768,918.3122579790731,49.41588167098971
39.75341112433114,2.288430755993188,930.9249217084653,48.21844819835799
21.74846003724717,58.28766017811238,1022.0419189900676,24.23964062763669
37.78327183674078,18.568213388680476,1044.0250802703852,43.979726754931356
40.18796402795276,0.5563922256200107,1059.18841259707,49.18924852561727
25.63933732352222,9.851879603997917,1141.2307133765862,60.77189326081782
50.22273882651574,3.899124415296051,1017.832640204881,43.89584157446988
30.854971397574246,8.191533137151588,968.849358124596,50.535760821055796
89.6986375673422,20.06839263772915,1020.4424397296259,16.80035146124833
43.38208184089915,13.625889890108873,1137.7431140890951,44.92561620470517
31.454201585772037,1.3783205626934705,937.4510170864926,42.44899469458247
23.868026330721776,8.087615634640903,1093.4455254544928,56.87546492211972
45.64023513285115,8.757338861145461,994.298138776331,35.595662298886936
41.11806355112786,12.387564398487424,1053.0401965969984,51.30611577102985
50.26777826235385,2.559140886393294,824.429958744992,35.63713178654888
58.02301416798958,13.321466139744187,917.7253021320646,32.118116629489165
55.613131942977425,52.52414811643298,882.7168991600287,11.61119916035754
31.827234156455244,9.785305965840633,1198.7633466080147,53.60208000084016
22.594241754852998,8.797545737239709,1093.1938209452749,57.16686134513812
40.18603791754427,29.246563866582044,991.525738870155,42.547947537443356
18.322718668262375,30.901041513990187,1117.676340036727,41.35014440055093
67.66395875696467,7.459453318777135,989.69779314396,31.51539417858645
99.3308023128451,60.90915022473409,1062.9425026313959,4.95178905155625
87.48059118494399,14.545776954598276,1063.6434730265648,23.015181383426725
47.38335519654502,29.115122407420984,1223.8260171182933,31.93625372608345
94.29597781812977,4.53276477040792,844.0684358345437,16.13752283124582
80.26085327274062,18.371617339907505,970.8448017571253,13.16116518037072
29.83120462233229,12.850217260127025,780.7480322844403,45.88999743185234
95.322616671037,11.420799095731052,1071.4445365411666,12.434879341590628
61.10911976576544,6.1439126389705745,989.758686362545,38.84155279924874
82.9378438392872,21.017621252149503,1086.3963245179627,14.801134179184995
99.48938047204769,47.64644277725733,978.1987609866617,0.0
44.162477405632316,9.89505301495683,992.352934030487,37.64074052781962
69.82526815490502,20.83651410057972,1043.9072358439853,24.18361701009771
53.86953850341906,1.6102677833882166,1029.624953054192,40.286307749757036
26.065545575498508,37.473967010056874,963.6694264234104,40.04801450920942
32.7813328760778,17.88496216326515,986.2255209273443,33.3649044783221
54.23842833087844,6.5993918191181,1035.3561128884894,46.51834025544674
22.092111826655838,16.103815099879796,755.6610835339084,34.921888644509245
28.57255159212965,20.634536677010544,974.0255722355648,37.895630112823454
59.71550518947708,2.2485986014615795,785.692630283307,37.44202553925339
32.628348616983715,93.02938626567658,971.3841496746853,0.376926102215144
79.84517751907859,26.7158586970833,967.1352467758786,13.64132099275852
57.60577050641723,29.98775664910984,840.9318868722233,26.80063850629046
15.789280964808574,21.514447803804444,1049.683590383772,52.40574099242391
14.240942273290853,26.50467051661763,978.6636794312973,43.24201221066441
85.47961706695973,1.2410321078861868,942.6010577253079,19.041793066197343
54.45631125236835,2.1216171657013296,1088.3889600216762,33.101790993943446
48.975791362792926,4.536428786845806,1074.2297127174445,40.55128512838334
49.740510741376674,1.1762957436299577,854.3818995675608,37.417028589478846
21.821683545800454,98.30677296752611,999.0095712404724,1.218161644418693
99.03774239982447,15.072860463637468,956.3740460095819,10.686997156418816
80.039329673153,2.55694895781627,807.6848430076486,29.8721110547
42.61256420760486,9.398209678674858,976.3103683596913,48.44217161365529
23.85047324326722,23.724592871372227,952.8270794218907,47.05840121989282
63.91486517346675,38.569283372466536,1015.1782875642076,18.274575273300854
33.05761283903757,25.291632727454072,940.9635556971178,47.19531455450415
71.59168113222131,31.26578049749584,903.3200722794026,16.429369942182994
18.459918485915807,4.223324768981041,941.1830946514189,59.025941716132415
11.457067942413218,9.302681148280268,1003.7435258767366,62.36244441154421
81.63265702547622,20.65857359928564,1018.8502325904944,27.639934737236608
27.883675069762308,11.046364897172207,1074.1829762134437,51.612059711433034
75.51523491381697,5.669873010385662,981.2302590424783,31.923228427356484
57.636165431717394,13.310704530245903,1022.5632570818741,34.428881122516444
90.1944347563989,24.033319830146347,962.0002901559618,15.921361692186618
66.2850800611326,2.7475965457418456,952.8352582813475,31.840409739706416
90.86702597808394,6.8215233650646505,1138.8335226063496,23.195571765224862
96.27140189316695,2.8161328236803502,965.6083180404233,13.257612770416495
49.75126231653406,8.672089693023569,993.9278987814179,38.937371925453256
82.82801193730624,41.74538098478586,970.0321353873048,4.302504695322032
79.45001785940275,6.575472413468723,1104.9618605956623,32.99616089474201
85.00229262024489,1.843418742095694,955.4366019599629,34.92903465414983
34.7013172686133,5.789129706277585,1004.5841718198125,44.60131422346744
63.26474261527068,7.254409010955523,928.6596965087302,32.64262035977611
93.0251468079889,4.058306762002003,854.896241703831,22.386652463503985
21.112461455325036,27.817687773551416,1093.3736639557044,47.3791793543906
90.1835097173625,27.859510057401714,732.8258207114914,8.289223367313099
83.7800456279134,8.55351242211081,904.2683297739785,14.479471791601192
97.64454134783334,5.582586478049633,992.8956106334872,21.56996766455383
10.000883725641435,17.821183135124066,989.7805566163219,57.99431364785492
32.075833570035826,4.2615269662642765,980.1628586510726,51.41891946885876
21.33413054659925,2.2143696032100104,958.6700565870503,62.438678974090315
56.64555795608397,1.8931762249744677,880.8193070451896,37.03795131091698
77.83268000728526,16.36059302756533,1236.455485054239,36.74851682774035
42.96221376343428,4.960717134765973,1049.8812839968475,50.66152787654516
18.943964725030416,53.09872713252117,1085.1513106069476,39.096009489583174
73.03511092687347,15.098875039196875,858.1055999402957,33.97353650136364
58.851410154443336,9.534903707951315,1164.2931889566626,35.98649231093319
56.16522645122934,0.8346828437196764,993.0792970286893,37.363861129835854
80.71547043688703,0.7994285654206118,1065.961905439378,30.597309212791153
16.572534353340316,19.090287309419004,873.1319310913811,50.60588225234685
90.09917688342922,35.52325595334072,958.6630076169959,5.157326040909842
72.4245599643101,4.322974174157025,996.2444601894059,23.1550319109756
56.24768835964708,34.23671867383237,887.7396991401072,23.29314205969997
71.72136832545999,19.67776937847394,1058.862054732756,29.609194166604645
70.04768392543014,9.105987430640052,1158.9734325182633,39.57584628123723
80.44682213238949,12.36112606874095,970.2775529363,22.433260559083312
79.10111807706686,15.373900880069575,1110.5536116498283,21.62788168704774
78.92800365417965,25.85648631293697,932.6572274381634,10.65989143406272
88.2128520342824,6.136715345461048,851.8872910904685,26.543819545386917
31.706958782063708,13.433175692368472,1000.6847859189004,38.023907990677245
19.779588686173113,8.427042618817039,879.6318400173564,57.090594781450974
45.627911467073226,2.050774130769102,942.6009324293461,37.410940363131395
34.34836884322373,26.09800241651672,1014.8344929987686,43.91808601423029
46.909213930027335,0.4081916803497634,1034.6892612924407,49.41821084583404
75.15933419632827,25.537412451459968,816.9626842887744,14.129456523777058
69.14970404147007,3.075418461302842,1084.6623463951762,36.52259020893435
18.711721803082188,38.55873830801743,923.2307801883055,36.93418282719239
90.20996331667918,29.82284191703843,1057.73933072257,15.455257256439006
93.03595144230113,1.7865618396301424,1030.3080270490545,25.378279476066854
92.89930579532863,13.056946583967234,954.2118006927109,20.441222848423696
71.99237151778823,22.199030598467818,1213.9598239034024,32.00258797240841
77.57780567291643,11.947910529288295,950.4520052054995,31.45249692029371
38.186707524880546,5.775515600549352,842.9338730620127,42.562132971809525
95.5347718489567,8.472797428390148,1029.5790207933478,15.567964102277251
90.73902220925056,10.864313160813802,862.0413112078647,7.897745509544825
96.8606641668435,9.966991425958497,989.6637807855079,15.547844130350503
78.65631137111205,5.282454040138818,916.968086334464,33.68456883140142
63.10117409563831,21.57631188832215,1001.4003093779895,29.762870525808758
29.341281944880322,1.4670634916913217,921.3616523757195,55.07404966558704
62.55363911331286,1.8452156529455142,957.5813908471031,40.14359182706451
37.039465165065465,17.26730812132795,878.9495567522657,30.423226876019015
89.42737038109745,1.2923927433711793,1068.6872608308454,25.45041408759319
66.39759116122136,1.8461221154297731,1094.2483808702057,28.8926617120565
20.348699073459187,13.599459523499927,865.7934365014108,47.562579436380005
81.15921002275185,1.9401786422294163,973.7041207448585,23.407344890312427
43.9981841828987,36.71044759719496,1130.687038302185,34.363758170189726
69.56375026409899,38.68362875356312,1008.4074012265353,14.359404015849346
66.48517179982204,1.6111253797330602,991.5884455527076,39.011040618258704
52.453013667149456,18.436324706254837,1007.3266796042152,39.6201664592568
27.290159607332182,1.3174488144248504,926.3919806055402,57.87703028999377
35.26680757970741,25.913891236091217,1038.4372311932755,38.28291392502859
56.341467270337866,6.318289468607259,990.5844917670343,39.30948035855781
37.80782994983795,9.859392263865349,1212.6592415143637,53.59813763484767
86.40390228545414,0.7794580657557318,975.384027591634,38.69249632553068
55.155545953608446,8.27432174435065,1132.989748392762,44.8467054166311
31.329851327529973,11.74617353794113,874.3878624026725,49.50430216344004
64.79671820166897,4.107207724676505,1021.3971915813182,37.651637420945036
28.41619540136869,2.7839513417663633,882.1203469196936,55.47874034419244
25.03391913280892,2.9214201640898354,1075.944871032856,63.39591921447229
98.36419771525667,43.30797452189168,1100.113315153401,0.0
33.42212906733066,26.163591732312764,1007.1780703157835,38.01473064098013
68.48536587814752,0.12406771310886396,876.2492385222625,33.767817683911986
27.62413980030892,1.9286366899488154,1081.9047112868545,60.88622189977004
35.761809070045615,13.829163472829112,804.1479514357334,34.74887277526862
24.954986527488757,1.2468967590388893,1112.3358252633338,54.99155495131331
69.13274125268256,25.404779131766333,734.6433118996061,21.208846922185376
67.45762702804043,4.698031620064235,911.664710699958,25.640839451470583
67.51234303661582,50.92324898881059,1089.6055956200512,13.884247588686119
38.04498820146405,20.44511379691721,750.7891706498127,29.62748039983539
79.30348668772322,12.870735175269324,1039.1745594140523,27.491007841270875
74.85724822720186,10.327898928444666,842.4280779175175,39.04885025844647
64.01174472669713,2.590014259133912,1166.226667184264,37.29218445389625
17.437626019739856,13.240118954153617,1023.6066141566611,50.92444604604171
94.4772437358996,1.6133105240921555,887.9868485820774,18.697235534802978
19.049694762933335,5.063914674801056,865.2420890006726,57.29111496135321
69.64443651667571,15.573693310966947,969.5550953706551,28.90938731083376
57.802210463867816,20.017606215071563,944.1857022913348,25.7459746488624
27.154704199978458,27.645358419879162,965.5276705730855,34.23772203266215
36.36053203741653,27.61481814716203,1050.6891369277976,40.48082821486587
23.62102693165663,22.294912290668776,1125.8309127597722,54.80304906648471
74.82041493785232,5.914359777833147,977.2373866848702,18.01899225245881
82.63353572709751,12.958328682190302,1063.5597949858152,25.269616617722242
89.22308515935065,25.001468943880656,1194.3350357551308,21.95975766859204
79.021139337773,3.1386931092575248,1124.5385922605474,31.09784070183898
62.02017128472356,35.94107048138214,1033.3148430379697,19.995804641134253
46.0887154291561,8.24515366880857,1104.0483950243006,54.949546764130424
72.37414087875342,4.4830120850795625,1132.260485324882,31.586828526293033
98.92588190142499,25.18396452583296,905.4834590437283,8.311573828748399
53.72552319221747,9.046454839546735,874.4211121661167,27.011150964554133
62.584237028492424,29.812119921488613,878.1918272817951,16.99779509591501
28.62691648956202,35.63345585428961,1033.3851145260517,32.07986827575954
37.45847127792507,6.94290107028273,933.5279159429139,42.4688434172907
35.26782586758262,8.077848355028573,1171.5444336289854,51.03927425048196
51.61142300901909,5.198577842643703,884.6807058922639,31.364624749923124
44.96953081378684,16.74352300787239,1099.0046121318,39.26879154581122
42.80786107814854,0.02359490684384169,1006.9496538156905,47.54559249310338
81.91788983765919,10.782655383904496,935.3828647396496,24.752231046275668
87.11392353738722,5.820811733425324,1092.721322396972,32.230557323684636
86.37663460284094,3.1911143186798263,1112.9375561881802,22.265126202341847
13.921281810409496,0.4805381924207377,982.2084450337768,65.78868088988465
21.726824070855557,0.35866881060316935,907.8166573358125,66.05623305942856
55.87578177707053,17.744812492545964,1033.7725635747188,29.532886664754294
74.19754700176924,2.94566671290951,844.071029622233,21.476107907375493
89.63050062153566,8.725076121006797,1065.8388153105734,14.926541778524193
56.033407948390824,4.284391851615759,921.2157764724698,42.65260145767903
13.650146675722398,36.001531830227975,1034.3342388880071,32.33977565355049
92.86632822661784,28.075047046077945,1041.287939762338,10.851191109827212
22.06495128030234,5.431886147480976,929.896695674544,52.11146173437446
39.92296850459363,4.298945982586854,845.1123514032649,48.11019699411894
38.24868078286125,19.240906808594268,967.7205376397694,46.562090994929484
38.929428026072166,7.266131704428244,1084.2766056664625,60.724135694610176
91.07047005671839,3.088232024480258,805.9250593755286,20.63617425013911
57.613296946558776,8.942865714138366,1058.361446091988,39.63822177948412
60.43718940459062,8.645129157595125,790.1286428739768,23.443486034837967
28.483666091795023,5.0282629092945275,1138.8998294432672,56.095335117382184
82.04684081272873,16.018661115879244,918.6092544537056,25.852185292621105
11.744496503652316,4.555226391622061,947.8010934452572,64.33390709563744
82.33418009420407,4.48517073258321,699.7818747560577,20.97164119681273
10.712234357097437,0.7667347328063067,1042.456132873905,66.46634234315441
45.24386482635405,7.161169987286727,961.4850332271691,46.112058415379
95.70111961810179,3.640897935335287,1035.793715453952,15.354499861757272
95.56710533308338,2.7416254910231252,938.9998674490869,21.98449663482803
63.8409768448725,5.108678237550697,1162.4110240510026,40.992214070684895
90.8147423081087,8.026341111346595,1117.0775435057328,16.052288547408587
20.902182340064975,6.321540442065764,987.9398693845751,51.86923827623157
38.00555672046396,5.291145698240021,894.2608781604238,40.83059495426435
88.77781793358646,0.4670841537251298,815.7464138309508,14.561703437514577
22.27993098166815,15.66300072618421,997.6455481602997,53.61810570130518
89.99310314341292,0.8386592647352817,1091.2340626252571,28.951191155251028
17.131806138540316,12.643287790489106,1142.271630196168,54.08203580676724
59.20604596476128,2.6903500700116254,918.4354422247737,47.73395603336717
96.88653357456081,9.843700596542389,965.2143531540066,20.06281704885474
84.77323540018077,1.2982487756927223,991.228024252434,31.681754970570907
53.395759179236286,28.27962211028077,967.7040232085648,34.093595526874864
65.69960067384477,0.002727247279941532,989.8973981513395,34.571382405037085
16.87977324002717,17.59660958697231,1134.1169870831864,58.98439251081888
27.812330491997262,21.39226920104413,948.9620346844837,45.388479994828465
10.033861512018461,28.055194801835537,1081.4177275966438,44.11680797851549
64.33656133159575,16.310129031574945,897.1661536594017,34.239447381392054
68.28011553175587,9.614743520757086,1042.2863957205316,24.44400663042144
25.25856291323942,10.298332666559423,1013.56367058345,54.0761471565221
16.82228582223257,10.192471813856576,1117.2980347320672,53.27738872989381
13.191198843299977,9.781079267387573,846.5270820510323,65.24418155159188
83.75486259867587,23.896186405677764,964.350039474487,13.625293543784947
98.99090728725315,3.113588365888226,941.1076272260443,18.49568706541382
54.25333407636169,22.233973683631056,1078.9424993165833,31.965685107364585
47.81716817282572,0.1503416782853627,1039.864749154264,46.51953884141126
66.94658332786295,8.45904600768914,1140.372747194756,31.532497601689236
66.86737205443681,17.25626643876832,1071.8791598884732,31.22211205825532
72.42290050563045,19.735205928392148,839.5732252177535,22.42206060043193
18.50349501509139,28.36102620401911,1027.657105824397,51.33664426687221
47.0234652016326,24.16532102416236,896.0502976557004,31.00988591479653
72.54804473893981,4.513086644686501,932.247651602589,28.213454518148286
28.812493064920712,1.7574610866399967,961.9869764624474,52.927979630900026
87.03981287597054,12.947392474819955,1265.3066260732367,29.925423809359177
99.55292296374836,3.8618764602722426,1014.7633376549735,20.165028286315987
41.032590748943136,45.568846130489575,1042.1583109797264,23.933594632114723
66.1395691301401,2.5519163320201033,998.2154759326687,29.437408468645984
28.209699225924187,47.67605025570961,1147.1495807164033,36.18866228323466
10.52307900357723,31.878749864306755,958.7335296694234,42.85042326601641
60.44926591334189,21.50790029922093,974.373292914848,21.663998714776316
10.334346471039968,12.11397570142666,913.7735604840512,60.574043602118024
87.41344336963068,0.694301515386905,1110.800859564708,31.651219815732716
82.25148360169266,24.29131498988713,1046.676068376226,15.684379865464466
58.76874635884803,10.2759809649245,881.275735739955,27.785526069138253
46.46452503042997,2.877511949639418,753.7613515330263,41.44440207705459
51.06029685135141,0.06418703472725196,950.5064698380661,45.2680778447913
85.19098395232834,2.231590736754339,1140.9463835489462,33.55092680839947
42.952044609308146,0.06234591654368161,1098.2494781825885,47.72109340370156
86.69149278746289,14.890728184473534,780.8637461247899,10.541588034527676
78.77587066476666,8.001669421574654,911.9180054893595,19.78568637906025
75.21914658844271,1.378785122066428,1029.899412059046,35.000001526985116
22.88552427937804,20.614838827394642,876.9836587416339,50.21595303391751
95.28757879333128,10.008101939350958,1113.3365565722597,30.437187323663974
31.8717805038077,9.689363421577522,871.6411963026624,44.32550826797775
19.80811553851864,21.722213073617656,1085.4836342031003,53.80158400724019
86.75839354941573,1.0165699480042978,1020.2284106661543,28.73284424644382
38.71670116946631,14.743496319342363,1064.1066078484002,45.272697414236816
65.01151910568883,13.521617101352682,889.0063592229367,28.98554328244625
39.470985420441075,17.846007335394848,818.9126013049945,39.67694857520648
74.0549208990911,0.30096874256698203,928.0008112787497,31.296347286050658
66.27608501090754,47.34661703532699,926.1304563577227,6.8641418958232245
36.09713754791265,0.4634895699738116,932.1760392130061,53.68299218516529
28.24535102791011,17.565610252078752,1050.8695362180265,49.452521994143574
67.30790058463441,15.518914719672443,1068.818470058478,34.219334928954154
28.35401622097847,1.866117700167782,1207.0996830812749,59.23518910255226
78.10858063909036,79.69315638137091,917.2793495871454,0.0
53.676470762558615,9.587899954546044,999.3956448572819,42.6718204211682
87.57837940067981,31.88206421572152,998.5737349160571,12.711124892992776
10.812169524149041,4.242334556438614,1086.8036812643772,62.61461309455417
87.63378675160428,29.686006602669902,929.8049148062925,6.474688079470724
33.62756234960025,47.830596090972314,1170.0760946979897,36.02217291011296
85.05918788607269,29.36580456628463,1011.1258573956641,10.436114445177061
52.07366966629325,0.4181284089141025,1054.7683865151573,49.57742267978678
73.69079657607449,27.249379748040216,881.4701608603981,21.28415697252312
86.30388488025656,5.128429050206867,902.692979329926,25.889688611437265
74.45710090458358,5.928985385315382,1023.304121276318,32.37730472317729
78.28867006280078,1.962441682644994,1016.9443555720516,36.624695930008656
21.304610745128475,4.269009887439563,1118.7330470062898,57.613493658228165
74.94761130206491,47.43058483973232,942.7859466480247,8.429109986152845
74.0011637985614,46.51480893903907,1005.9701146319741,17.661490208147384
19.122124999709563,32.038524233791456,1046.418654851947,44.59494405566458
87.0629376196925,36.00273974284618,845.7209088293464,3.815399323998637
75.63278580286229,2.9839475146586145,998.542290708558,28.914565145834423
34.36252508161742,39.73659747846056,1075.0467200973264,33.88270817527426
72.17311129428838,5.588735505092134,824.2793024915724,30.77263530632381
39.82406402473407,37.20149784258184,813.7803440088546,29.4468845004719
77.92664165067819,0.6167326394315112,872.1050857396644,31.87451843841209
80.36075138165035,0.0340356983970653,1118.1529400911222,36.298996189786244
25.225313212906663,12.046127997603268,874.8334500174809,50.740183016220186
41.00276069000422,2.5827602898765543,1057.1706376846587,51.024262633082174
97.01348481916934,3.1621569455131513,983.9483344157059,15.272249525104723
28.54853969679967,8.711778613993587,907.6968552233401,52.897071996368716
65.91907621376583,8.017214805691241,964.3195408633478,42.18398537655417
73.46651905242723,63.853942982778804,951.6103798650139,4.478805545012767
21.06726603218346,7.406394131471278,1154.36912709308,56.26529300668954
92.78067184149127,6.815512726405548,931.9318238075597,7.932093410681738
89.4537439939872,10.939294209886265,890.6650651901172,22.766666815387882
80.33350025629206,7.703358406240112,1167.4434531605884,36.98172130848565
76.47391502416784,28.91028792071635,1138.399813239364,10.408515280647714
17.214961892092134,10.979239348151895,814.5260201441596,50.86297913821823
20.782783648645385,13.3297292065377,1162.3612313032243,60.72013615086375
17.214582184364147,9.170416711000835,916.8229466929306,50.1287824422185
99.39320558371826,27.70815250004009,839.8833993473958,0.0
75.84886229218223,2.4427167823953426,948.2164126462071,30.988977744121673
66.87652959419347,3.367441712784261,883.8949013337694,38.59657402924561
72.90769413446483,42.13518889257754,867.8549786545408,13.651757683613132
88.59676057477657,9.880275446068639,1078.6976237370263,12.506453948546367
27.109982309137415,2.8800844953456703,930.0300918673128,52.897088263483376
48.098998891046364,12.807287625383436,1054.1298132695758,42.470397291318854
60.8957840085528,2.6220793056152862,911.9770934499292,37.75934251253533
15.986054419409605,40.65554381060757,989.3463955912288,44.07084325783023
34.27065121786085,11.508279149218604,995.6199254342966,54.33435753603432
17.831408403934383,13.140357209852086,975.1515622252373,54.18327828753381
13.109058034585491,12.575544542529952,1012.0134127621061,63.449623147082065
40.31721281729932,2.263925643280817,1214.3501348085194,51.099853530209444
22.771771258129373,14.605470382308571,1285.904005296984,62.86415575041098
85.5102154188417,12.776771201837184,1099.7100714888788,30.670054528710143
16.789143526496417,27.222006957990654,1113.1781342523564,51.84156285090852
72.1406442798235,8.526764800261653,1112.2606925478322,25.82272751384449
83.78816020026231,8.437144998942886,1187.9288273287739,35.91415577898276
41.83489107074378,2.7695453815469855,1149.7606098194728,53.931233579191186
19.603533598188925,0.29728652210147244,1053.8240243447417,65.51310541401376
96.02346666755653,25.01657828355399,1009.3616967716036,4.729054563773617
79.19935132877828,3.361377347076579,944.4291494990703,35.790332284358016
47.971543953702366,1.0578854543166982,1032.4697770555133,43.94186981831356
33.711733436172054,52.79358031244397,1089.387303185597,32.80580280124872
32.74733615151257,14.85906705291527,1037.8835731017996,48.39968718355501
99.0167705868277,1.418360377791968,1089.3783285509203,22.64228103856448
51.653047629295635,17.48058119163532,1179.2679481217308,40.06234512804403
76.13351829817758,3.7304214063547643,823.0807440695822,23.928252000153265
50.39735951815027,3.787469562136367,984.6071627796456,48.853126986077484
53.9118244314947,11.315085531410055,1013.8365028320808,39.33958278234802
50.65650185980161,4.070928877916982,1011.9859125493307,52.719645741422795
21.28863913457706,0.7704095335976823,1233.921871917813,66.12487337576644
90.59509098819623,10.8869689941926,1058.3427830814646,16.223002445340036
25.516304725761472,8.13773115907244,982.0767309614886,55.478641794137495
58.674483391043374,13.855498739439764,1074.529954631544,46.092938538150165
67.29980339964978,0.721763218932707,1160.2173541484487,40.01708229354681
76.49472700200668,0.9884869521295843,911.7766018357669,27.779680449397215
74.99485742955557,1.3447285087527319,1009.9973580251191,41.39966352274987
41.23121268607156,25.626145802702226,759.5769869677133,32.12002761132911
50.19546479942416,52.91601942903064,1096.9556279569551,23.284905371036732
12.896431011644303,7.422608206355968,918.522446493618,60.64017942731224
96.88429447658727,4.472771536651906,1061.3914668478005,17.337412664032524
11.955774672071408,1.679324173007652,799.0950802946745,55.540490579150514
85.2118735565455,6.6601926700983585,982.8921746105788,24.0539409307316
57.973578131874774,5.83298666164297,1267.9689901007507,52.29772184639265
59.27497980916461,23.117197586577127,875.5207944483593,21.909319434882654
98.11460480499377,26.950618934869684,918.7308662360091,4.039759485227388
77.00308027466241,57.519758648461035,1154.1853406472885,6.09945007783248
76.52486624185883,41.17535038321107,988.978406188654,10.056669326950988
27.267762434070956,14.525607711417361,1011.8013268603657,42.68149071597208
61.117144726210704,2.9155674963480775,927.7225975409835,37.12749576336534
79.19170180888489,4.031635099904242,1136.7037902665281,35.333776028642326
60.38241879357328,9.570816986761908,1155.8139232806157,31.064351693970885
89.41910340537346,30.363890624268475,877.4701312997238,12.020440417456507
25.940943655280186,17.283263459705037,1165.6829953979945,46.06183957423119
29.56114290844012,12.970500050131864,968.2150258716808,49.57885285720253
69.69679244772908,3.9665872966758724,873.7535010485288,30.73726334468764
83.27715220541705,7.7603499473540065,1102.7056425067046,26.390886197591435
63.425272299102545,4.590420662213187,1038.463364049146,44.284905763240005
61.15402825930359,1.9073361951800774,975.0216759364455,33.513678343955206
86.97524178938832,7.962728568819489,1120.156378636777,22.758641542474464
65.24908647842915,1.2710191278750347,1082.7172015359042,41.25015697175351
67.00535426116859,20.019531676738065,936.8015799567573,27.86891119701572
76.3187833494361,10.857824141559217,999.7471788722995,28.63260619810333
17.784141816217513,6.0367542373627465,1025.1669076423539,56.0061263227188
88.57338418153563,38.764094418786435,953.2286025284653,0.0
66.1140625335266,0.6319202955566787,942.9289588376456,33.137997953290416
57.79504768840225,6.857169428833404,871.7242541450694,29.042302638029405
96.20755747608013,8.21527514510844,934.7655097635945,17.82316359289117
77.6846773437259,3.0068833664671013,1031.799586638572,32.27857885397469
73.6373893247459,5.256291794637187,926.7581105383526,18.5133976159207
97.35711681765473,4.957531292745759,966.4655998260044,22.02710512902569
78.86487658309615,7.2162322842557565,1092.1003995367155,33.17996478285452
73.05300539836023,31.429548637033026,1207.8213380013653,32.173497951768454
78.94846992123743,3.1928957785498095,927.4511551373399,25.376128396147287
20.7536582734729,24.439827582603158,1007.2673336193845,47.848465646860085
44.44314648825385,18.720344353133036,1025.2120072188804,44.65133392337173
89.85539723473714,1.7257019854738709,984.3427208387093,27.316627789222526
22.782481404667504,34.552697293342625,936.5109224711283,44.399594115675605
29.5219264344144,16.348103415751545,803.0314133984286,49.48613849487185
74.37701210587936,18.253852929085358,961.20607265482,18.97462764736775
18.439872574837494,4.28043125160951,1144.4907962512889,58.69461711838843
95.98317227488077,6.8159901990175324,1012.7321653061356,19.01636578943062
64.7242866112776,10.58912779985467,1071.25456686129,36.57000560297867
86.79271663409534,2.4170425267291917,993.8373233656203,27.4788273786409
34.454372692665004,0.5539427635183956,1124.7603006464692,55.27640162459916
96.35607968399485,7.546466806212326,1170.1394473547173,24.288408531908743
46.17837666282838,1.4408441477785203,1188.234952774141,57.788644332503964
48.00562383737091,1.3531009662313553,1034.922501199263,49.187087687435195
54.15069847871935,16.39141207563359,906.0468245257125,32.47996409633565
82.03269073869912,0.8669692671164364,1097.7676301319698,35.21274217251216
37.10955378498403,30.293134834880956,987.7878376006802,40.46269754937239
54.412690875368,8.510024007988703,778.8729569445709,36.92283827669593
38.05815566069307,45.360825948255304,1207.477831132264,36.56401824293371
18.123144544241804,1.0425273644841597,949.7291847656098,56.93934405983145
39.75139588593329,15.06360187876535,1047.0384376716045,42.85716495137459
37.166161430491414,4.080808323384159,1091.2064967039205,50.45719142141164
38.7263530348462,41.692682619153054,965.5441686557597,28.98387719599962
60.406920969510416,23.19479798692053,1002.6492228405295,27.550162369921953
50.31024577151871,19.496648429353304,900.7566250402218,32.801727303635
26.25532704546915,56.673487620298616,970.4505664161685,34.2664220032315
38.55454955693301,11.279851313462732,920.3501500570117,35.63941861063009
86.74870945855159,4.9799710685481475,951.6113822342303,19.6073334497333
73.20529044460359,2.5838121905951232,1024.843248178068,29.642128867368264
80.262072225059,16.84359189734357,969.7825905626275,23.270467207018246
68.9232900656669,10.915982490612164,1128.389612248488,32.1861013100073
45.76789912486618,43.108287171331966,1118.2007694448316,31.160802511140663
20.022940903767505,14.46545464504071,866.1451548536843,55.99650711038642
23.486856903551235,18.089897997976646,1208.7124802548212,49.87584916227223
40.694406917603885,37.100233883570965,855.1871004169717,31.510775268842025
75.84281557917312,7.9898504950903,985.4403434810575,27.249274890592268
32.1071052250851,33.90366906552914,1078.097234865025,37.71593915146809
53.20666963336617,1.8550549462262198,977.2036456251683,36.04051489763007
67.44676303672765,5.042548090434321,1114.0723225127592,36.03704041762258
44.0974344064823,49.11981042304783,1016.2726504737835,33.88991358555668
72.51322586257729,1.5588496253798765,1090.9093989118028,39.454463461182556
90.9616951415268,6.081950465974389,1070.3060072225453,25.32772361737758
33.0271101279422,8.599391298699333,1026.1638793751254,53.07912953909204
24.55863348133422,26.25427924678046,977.2050971717549,35.41570480633432
41.05915609513795,17.308178220389113,888.4668515589858,37.68259246494568
50.069584845185624,0.9757756459455756,1050.2304152506133,51.81522808260343
72.79454888617437,2.3932018056898587,1101.0449537051427,34.04952946560883
19.282464186621088,10.895306818556897,982.6731850948881,52.64930708564657
65.20689692264898,5.939724021673716,981.837159318754,36.68455618476814
12.471129098642017,26.793728527548698,1118.7106882458672,53.472926733192814
61.15935713075804,1.9207095841911899,956.5581799823448,38.75343992900996
73.71951310777169,8.079799665589446,1167.5987483698964,30.565637126357785
60.699380318450935,6.483038882695378,1078.383634817145,40.68960677723738
31.247358403712024,24.611967419218665,1203.9030282935482,47.95202443566972
99.082627857889,33.31310613784289,869.6561178482415,0.0
72.42261211635096,9.036550508104712,1014.0834593420086,36.61469390616188
63.281632266666215,0.4956088037731056,1027.146687049426,26.060304215014632
51.99758581727351,4.536598465580153,1029.0752561435784,45.95254429878406
49.16809467990983,10.349254467899224,1065.5895800741382,37.55393078074031
89.02943362388301,8.527965985380359,1051.1354367358676,28.237641633649613
13.09550247437598,30.562432767269037,836.0343127817682,48.39676173097343
79.33970229934317,25.467327644362154,1076.444416613477,22.308138969843657
90.25727165678529,13.935294215999662,906.8472595980143,17.744060506715172
39.26021726357827,6.452653641852627,955.495832234798,47.094762822978325
71.73138267676532,7.349417260522917,864.6823131421974,23.90842270445625
21.220222784571405,25.64599263457279,1026.3981481715696,52.589630104162104
56.64853680600123,34.264630117490974,1161.5441948252947,30.309330710819925
47.40287416892682,3.3538419809781206,838.8278344896245,35.63766361150952
72.52856756397978,0.27969357247526033,884.9050822463169,27.337525323365117
90.42722716096537,4.1306067345483575,1031.595916297244,19.254262562298003
81.96426645520908,9.160103177856238,910.5835571107524,15.948013565918302
69.29600077848744,1.3458407134575994,973.3436376288536,23.72471795799673
43.32158270109841,0.06833784340902666,1061.12032645611,49.33593981702948
38.613622282730596,0.7529995652491199,983.0419105413392,55.669810823965314
69.80756972733312,18.27409656852841,958.1913870631917,28.591675621454577
13.612139958978688,9.949796986378862,1056.5156730046883,62.1690216179314
39.82733736943467,60.45042221654152,1015.8449189710501,23.312659339368683
91.73516694658974,2.620063839297297,990.1594798456031,20.637664649567338
12.24738460823829,5.878193347435263,1187.700205350849,60.448371307176856
13.430455108868639,6.256188410931533,790.9531074407623,52.907023365725514
36.67965290807749,0.3230667749927739,1105.7238317687745,48.758945842067995
33.662209883064975,12.988726487517841,744.7303046611712,41.52141076316897
79.605616330534,8.980775774630988,797.9677032796819,27.983742887314033
40.84419307738224,12.113509024534196,878.3556296544991,37.98355919647112
38.840157960840905,18.52981769857386,1128.2758550353706,46.26970801485707
66.93942999189545,3.962914783089439,910.2067508560788,27.602739750398285
42.07418516814356,3.9446654793591716,1037.8137343684434,49.20411615698021
50.980177075753005,35.50011139087752,1055.9976375875851,30.8950938261347
36.37648188398455,2.4096850267426384,1020.1332964589734,41.76711104863335
42.90228675788171,12.350951852570319,1009.7740619702105,44.269540732288924
65.23544917585255,20.855234865043375,985.7579404285657,30.25254078507513
17.56473072844348,43.273263738365635,909.8254648443744,35.26956344590954
64.10928583575098,11.827166789902005,681.2375771575221,32.143967968442425
11.635683124541353,2.9673389745539294,1229.3535385807,71.02587614308862
71.29060898923171,11.494641363685506,886.701737098084,24.594052016593846
57.972951912173144,35.46228139810622,1227.0692981095756,34.824692348049524
93.1008245548292,18.604337465741214,899.150217735805,14.366741505502343
75.48204681740283,25.805158143567645,1057.2173547608004,18.23937560764491
17.55650591440214,8.186827784189969,859.7318984725998,55.50231240704448
11.668880109029192,8.944588239404752,936.5947644922454,59.08248959509768
15.68001364800112,23.7799168168319,967.3813374602375,53.65220177994166
74.04029996679854,10.746162016572056,963.8094568855984,19.604449898003352
91.35138585833414,11.294261829090523,894.4902426953878,16.80299334700119
71.50611170421712,1.8865100672797699,1135.7966917918352,39.88456167466716
57.17167516543996,4.963672673238946,942.3868077979696,32.879826146095034
10.721314949624608,17.71813088162386,1103.9686608342483,68.22752759374391
89.46891933923524,18.638274587850624,909.8434455641662,9.585891321087654
91.02385804314714,2.446484124896545,1114.2432988486041,23.310562450777773
18.219443556998367,13.037743738478884,1146.428591338946,56.75617103834866
35.413815932371755,17.633715727820363,931.7038393118856,46.19591995802484
86.0489836899351,5.186236766763523,887.5041319665283,16.36562963878025
13.607808098672537,16.4869009180921,931.4933282509958,44.09217757987026
82.44853043720903,10.53946996773336,943.7115024817,25.484483949354292
81.16707582721327,7.09495772561142,801.5991359785868,13.888252705924765
41.3908271344257,1.0355189506040428,962.4120467712842,48.84484047014633
76.11602035340348,16.231676386211262,923.0847292145166,26.4099235700176
15.095110768765695,11.268497148282778,911.2434745395375,52.911568036469696
28.965477580538987,2.90485336595825,1015.2530476310297,54.54655444802268
37.473277209298885,3.078391270758937,1127.3512716584012,61.5226021157078
60.54497696231682,55.09179687400399,1143.4015721752253,19.77565038695737
94.68424596599445,7.780349574758844,865.0769591027943,23.180716357533637
70.75161888060731,3.834517414231082,1000.8549909908262,32.74473221703751
74.22759108826591,2.462642312822177,789.7547893322821,23.219116322552377
98.12138185146891,5.926699310915861,1007.4935578926968,21.125705100231727
45.06203074506546,23.199123802486962,1029.7717931125055,38.47799144691872
37.09804612918933,6.532753143893764,1143.469450795428,44.89127754551328
56.676684874304414,6.114813741465959,823.5367853491082,32.34219789688168
89.23057406385824,1.9561940216607834,1150.497791983243,27.874866060047736
42.33992338888859,25.039842789703588,952.0277126085948,36.32479141453272
65.58991447123711,3.1264576502029713,976.8725396136584,37.41341194619931
84.41641511970593,20.43444940232074,984.7119065305523,20.299717146339155
99.33836815345416,1.8642064858390661,995.8406581152319,19.420104371078626
66.99369541804913,0.4759514372076047,924.9894021003685,43.519403789136994
24.334087216368207,0.7217426500989115,1069.9855095532457,55.40252901658644
99.57780930044274,8.85526657692419,1079.4653106701257,15.60090871973961
31.50475593870954,24.40356285224366,918.1713783396599,38.377684512721615
22.140102179854193,9.274205466037719,1135.4354477545432,59.171337824902864
64.48771018708695,2.0172437316783753,939.3541200579429,35.9161061110705
72.17753403352216,5.026819609387315,1058.578097087233,32.91511630977548
45.052565376633396,8.0472080195699,1028.3798480964417,42.87172234290806
18.03280073447133,19.3217345334557,1066.5230252792037,46.41846133757638
21.352364307451197,0.12124082870907231,887.3889015019704,60.10206201249919
54.0565003496906,5.077277796653749,922.8661663695528,39.364970366524645
83.47002322997741,1.3757023843440759,1014.8623535579654,25.095256631159444
26.31894351880975,10.069709054535064,1022.5391963756834,51.68666256693275
61.74255513461627,9.287459614320762,964.2221118934696,34.656606142749304
81.49541168221472,27.659996823530477,951.5624636510448,12.305512915779845
51.92023915265651,29.721678935407542,1027.6558625742136,21.576667231086862
84.09830042354153,2.8922252823677206,867.1410159797099,22.983539316302394
34.80542492620265,14.184940127122562,1238.426512020973,56.33856400200215
30.50533472733172,10.16954653140772,1033.9691454871677,44.58977328811154
24.295692858002116,10.68188684810706,913.4299756249851,57.77480306836908
38.699158487832676,11.55918154282719,1135.8571393018597,38.75609627685457
65.54484020845914,8.949736812821255,1051.2701053391786,36.4310965540859
41.01914276223035,32.810532715851856,945.4560166984609,32.21064336930446
40.80177673592317,21.690091944209218,1023.2047290769942,41.299433976486235
13.025355589310031,9.991235532889963,978.1106466137834,66.7989571969282
80.69200484875876,32.84330604610869,993.1951831604945,17.52289649929702
94.04884084505223,13.040606904020636,913.8794108861596,15.28248418151781
93.20822331620758,1.7041174002735442,1131.5767982445252,25.942231338238226
63.64865674532448,2.8538627699222383,1028.5508447357172,31.580466878045552
97.63808808869541,1.2601788634731217,1074.811472663718,25.44251526092932
14.305604778917282,1.3992290963038951,1016.1473563385495,58.833087432706996
90.44348922500903,36.570123940373,1069.3269934480836,19.803699169303695
86.05779862804977,6.513518297584985,937.9048631020005,17.994764903182386
59.17599998740005,11.429815087963048,948.005497017253,35.479442020325294
44.371242374309475,3.3752657055990176,948.6563405508786,40.23944074406639
75.84170344929836,7.733911362273612,869.4692932876484,36.331607883958014
77.74914707561209,36.960658714269705,1010.5031243382235,16.97156814940395
81.39633600021645,6.042813117548603,1196.7518612565373,23.68976058730376
22.39165574866438,44.17586525535492,970.750529644534,36.279351439867376
34.65051028977625,5.136412459125587,1000.9147010735697,48.57548729140563
72.99883332771266,21.078530112348997,976.4183257039736,25.07350205203526
89.86249304982587,5.292340415943909,1052.1042131398146,15.78391602406182
95.09037974227734,45.927212494169595,1037.2161788070239,11.154661085188595
39.99129758486771,30.15199294404041,929.5441615944176,24.35742251403093
10.720415119046768,11.14340940644148,850.4910643586362,56.48593245732687
54.37384500106025,0.4132868352189223,949.2411788966474,42.601324859995394
71.2136878633302,6.905138011825341,1193.480952858448,27.621417629289876
13.579646147607853,25.806161858879136,978.899442564199,56.37161483196252
26.98024772036414,8.523290633809948,954.3785078192984,50.120610305375855
36.5158853978516,1.9333691734147709,1186.8416754847738,49.251049556149106
55.321949498428744,33.942096444676324,1011.1696781705501,24.107644583613254
42.422495325551935,19.953274833174234,878.664063893232,41.886536815662794
92.27950175265204,20.306975599720452,959.5723797875355,13.681098025305442
96.28591027909384,52.76748658167284,916.9551512982617,1.9759753313288075
44.32200935604975,3.8116614155087456,1078.458676796033,45.45421666778054
31.757577904735335,17.008380748449206,942.5994364907988,43.39205907664681
73.02641744462014,22.60822273583608,1000.471913601671,20.457571664910418
98.25901327046229,1.900357520670148,1072.0596119663664,21.920749835378125
50.43368232175627,7.825384776217857,924.2643084223137,33.02735262325006
45.278895140912084,4.869447839200685,989.4118696579403,49.964512378362464
41.22700300067294,49.26341254248157,961.7845092119416,16.134975304178695
49.737066926077844,10.737958730855482,982.6947242099794,42.82239035713219
37.72356204567622,3.688796368624218,957.1524630073436,50.61432987111195
14.425539441511582,10.72856686382367,1093.6066046878311,59.40759661165884
79.36298654753617,19.852735531057125,947.9148574585818,22.48894392005286
83.78143203620473,0.6382257385791931,1089.7739457337295,20.924832669975757
64.81635236502487,20.69302803974048,898.9089587963264,27.559304039856116
67.61464761621286,2.5152142847555963,836.6322649219928,36.183921595456724
63.43538872311843,35.41248470513686,991.5966677531528,24.060003310012878
64.59935473159553,22.34888279385353,856.8358687191436,27.79319809953059
16.291617222813876,19.157557414587664,849.1693836886652,50.15579424382065
48.04646223914417,1.4926886736338523,907.0518358471679,40.957409321454634
44.24651843763161,21.609234215293554,1016.6887087529915,40.55160790188362
16.978651500109883,9.02007668324118,1066.936018185007,53.64846734108254
58.65603341328943,10.782949418263735,1075.979866396309,38.30379227293796
68.36563057746784,9.292536393879033,992.6273675242816,23.702250084704517
69.89017751052893,13.98294000428064,839.8663617671855,30.617077974572517
37.29046559059606,5.309997248326731,899.2038441289736,45.72925967387573
57.859875480893486,29.058111280589525,1069.2233673367925,34.696854598251164
87.70479399822597,18.847265801187486,1055.265982754736,16.930240185031867
52.04490389568627,15.82781434341892,1030.5227083727755,37.74663302327387
92.37317534203211,21.138285050737213,1035.120302567349,10.884582463868743
14.999874346417073,17.53224079140912,946.8070989410529,59.04898492930332
43.63154694723082,2.7532441793494353,1088.8892802695705,49.191258600184376
98.14156090710189,0.24329672878698821,1068.9377586859312,15.238329087783953
30.520365341572113,1.042390815662624,965.1435388543322,49.72791675520546
51.50132336544497,17.117533276852047,955.6416230738986,36.829648655966196
85.6984642053297,8.521862644171359,965.3548081829795,30.084800402386914
16.39888466378261,2.6587215614321735,888.0971116180705,66.37467855495878
13.424233512313995,47.54006077019705,1011.1174689551211,36.41057493327197
43.03869232218133,5.005427479015358,1044.2891152803631,48.393904003492985
83.19723733421027,15.335784070527353,882.4297056919679,15.666961787783668
47.75689568165515,21.80385205449235,1089.8203628600727,31.017709533269944
73.28271726747059,5.61393672175986,959.4454919537875,26.557280955270897
76.77917986022773,29.884508294311107,1193.9008311222117,21.899325091446766
75.2808883564037,18.406030923392876,913.987137488476,20.63250988245185
62.59885758031808,2.0350937491780963,1031.465851683521,38.34621924835028
44.67619070802709,19.84300414075077,981.0165868404471,38.954936478587236
53.12189875472217,16.08656187336363,1093.3805190762882,34.56872888842959
51.680086307969226,4.10826574671308,973.5215411469925,34.99275149168848
38.66367782831766,16.817582405548926,848.0115222229765,37.75617265484679
54.1791793373201,20.552937831013637,1016.4325519961692,24.60354006368419
19.59212917615661,2.2873280279005392,1123.400562398151,58.302118848672436
61.26066070068937,4.97633383222828,1001.0668260697021,48.235910346251075
19.93025630696284,12.719408108001328,923.8658709537484,41.747921842305715
54.474635726481935,3.357988770368524,1103.7868384912006,43.38158342720867
59.82490792318841,1.1402339235889007,1057.652270490346,50.84602068093715
86.40762806232142,36.55964617704512,1079.0308312349143,1.084807251341788
39.108367829411016,47.46607984097704,1025.9516218494837,32.768524563822105
60.60355120554554,1.1507349956794404,932.5395875513341,38.64403388799266
47.89247413912412,1.0864713482196138,1167.3347145060877,55.9801140519744
74.87178121067642,5.554897121501227,810.8314540724089,28.550495469063982
81.0892043320211,8.941172311981314,1129.0971054066372,34.168990784041796
35.41268564150157,6.624717737013316,1053.8626197787635,58.53396651419257
56.760908951642925,26.93539705084225,1022.0878150593142,27.983492273578594
27.45910617313435,33.07286648270897,1059.8725530028642,35.59435674043096
84.12667143075434,16.953187397726893,907.0233712271416,15.61007921885838
57.55509623031379,5.533461155683965,1020.7137296143021,38.60313581335037
47.47679950872684,2.016951743135249,877.0093670409855,45.44402578408075
53.218921532179365,15.085879390588786,1092.8652287798752,41.5027168293756
36.650021442148606,4.633847692858905,1140.5044553991347,50.34874577858761
39.94951454684255,7.103738005658376,1152.5618062355245,42.299347738941705
27.332752475912216,31.758763898389965,1159.4623471474783,42.11866015519468
75.1890299648261,52.38298906037125,956.9989721767325,5.118829392423479
93.65693899763242,52.80241617765807,1101.6550306229933,1.2596808988840014
50.90220819463627,4.7093860575870465,820.6095178086033,39.82656399856948
30.38369944343433,33.37895314482476,944.1274990519959,39.06232700267016
21.670849392306856,0.18123795506866322,1220.5567258313645,56.20266534157963
37.88171126885504,26.349922136939977,850.984058592271,36.093966075784266
72.8323209153247,2.4723594931955963,1116.3985516282053,37.59841295541481
78.51792234584138,23.67439207482778,994.3038477455276,13.864529180538238
23.13702505752528,33.08954035202888,888.2311104215777,41.27901558634161
75.13569664185391,6.038085725068421,1122.8665817500817,37.21548686249728
77.42188270784293,0.390364886310034,1015.7803104968734,33.83120257719036
23.718625798804716,3.116066832838743,1001.4005589148492,54.99257290412808
56.741334420450436,2.768462678582105,868.8209715286325,34.712545061297206
28.759604045772473,26.31203399833355,937.8542041997471,37.17619390478419
73.69660827921001,0.38952879614192215,823.6218222444489,32.228987418799235
30.936250436895367,3.7802413492408196,997.9536879194904,51.87487030142272
26.3225538767867,29.118683274205328,1111.862784652362,43.78813396500735
44.21053829202785,5.878139323634783,1074.7979525382066,49.21642698032292
61.10041267876527,3.9195223595927704,808.0830291865242,33.23351963312465
96.86247986520561,8.358477541020042,774.0700041315918,14.132416674682728
96.88564631337503,27.81609964221741,927.1514564534446,7.975087131568972
28.751913737218917,22.73750380395875,956.556255952308,38.453367910205536
35.759430339121764,12.551433222514879,778.1122429168352,40.0692275498798
33.16086978114822,6.255189371458111,1155.3095534786232,50.756611047322245
21.749037516521753,8.428011743301276,947.4893956519167,49.776865370230375
45.240570480142544,4.188556393478411,1092.393678171633,42.87358712922372
43.089587376414414,3.0800207637244257,1044.3090392051029,42.71897685401714
39.431305658127854,15.096618638398985,992.4088521159183,36.2250168184198
86.57070139904691,18.738419542340914,1178.1548496730352,16.894231382609362
10.379781582562295,4.130756961506798,972.127451280337,55.54019518121639
96.92141002948338,0.7817456873717871,920.7678528790817,23.257300770569927
54.72178444131174,1.3445321600386588,1030.1912704909641,52.05749061427592
50.017495667925544,14.906130044555084,872.4986772119508,34.15182391797903
34.471343381003486,4.2542013695653536,1004.1166229295893,52.875015916912446
12.432327942871654,5.519205406326243,1014.6517310784374,57.82585504989167
33.281544791943205,77.78711817716714,1144.3874527710916,7.776075882842784
50.72888491340704,14.541334070663522,1048.3092749086286,36.63217677948324
54.148622592582456,3.288727012688265,1120.6897165498008,53.161713111369494
67.31485813014461,36.36719084061391,891.104968868492,20.50696613651079
71.55027974750462,15.60893848225999,844.3286789956712,21.221933323917384
62.86949713269705,18.74898484525491,1030.72857486726,33.57144105521836
31.048044090360424,30.07585334715702,914.187681850257,37.189033994674794
26.919440988910278,16.07517039724833,1036.1259015252579,50.83383105262498
73.87003008368862,4.689400820211771,1103.814452720501,29.818515572984953
85.67158993949306,12.72069764829673,880.8743888428387,17.302827247275676
66.35969903790502,1.7891551730763757,1029.1335095422446,34.835185659337824
40.75701924701896,25.85253881822978,1154.4547303093223,43.09483783775732
66.67356578064059,9.278229727255665,969.897362542316,34.65571596664324
15.322667374350306,27.638064801177045,964.983754244412,46.83658454841479
90.38478765868506,36.1273284550836,937.9784284610319,0.0
39.55420927648587,15.30672300590197,988.6346176608822,38.600669540935485
89.89970977311062,34.695993663685854,992.488241648524,3.073987169476493
99.4727009731563,3.0190030045114544,1022.072371909312,19.42568010760684
90.02034341413163,16.682141979833645,1020.7505414027971,11.233129496380359
47.43352795420771,75.49565106189864,1094.0084835808514,9.547309131554066
31.354563541591787,7.144281015736487,881.1267488539032,51.76875952064141
47.674140177020945,20.464637644827135,1015.8423849919014,31.204341917591407
28.55082274999955,10.39530866660816,893.2549937025808,49.796580659058236
83.74567655437707,6.912611098579101,964.9128713935438,19.460338521799102
72.69767241408724,0.8069821723394861,965.7635980381558,38.54616379800464
36.78373436290438,26.352249888304883,862.835680251844,33.862196027035495
78.26374358722767,10.480471217667425,1130.8288176741823,24.166662010847677
58.11378252444327,3.6714227284339467,983.9111758832238,38.686785031678994
37.466363877856196,3.3340361506168565,967.3338310548539,52.025561661332816
24.195621631361483,31.413755005426943,916.5991498301876,42.57914682616886
22.329586582089185,5.458549978944671,1024.2377259164894,65.21715029603342
66.18870044905094,36.69621580306662,1100.807131495567,20.875103352866148
74.70043785470061,8.97728323665945,1190.6359320810034,31.56544072629431
36.16527447167389,5.022347801625855,890.2811255746503,43.72776816324948
69.70226710370235,5.694101483576005,993.7050185913479,38.946055516893445
15.079014856333153,7.256427148714285,1204.0581922967383,60.61509452241633
90.7661481672475,4.4299074451059886,953.7148155082305,22.762076869797493
55.62261775739073,9.09790563372939,1021.4225344670491,43.854810625979106
40.90457998458325,13.024442924946044,865.535927888038,42.158884523091125
57.465648155612634,0.7622987253136264,1050.8175811494093,45.52587362083428
63.156427654381744,21.86064032163926,828.6163436645045,17.38926221472763
36.70070958361798,20.76717297999881,810.0460761002334,39.13245550241139
86.37676146472353,12.710758163571775,944.3731054102767,22.611948554620867
55.178605689756694,3.8676539527902407,993.4388260253922,35.15540030266846
19.05620667396267,15.780618614224306,1184.5598179811914,59.19909585890918
61.106369500447535,0.5018765726230748,877.6919234655988,41.33737702559755
23.81410160290583,20.68423388880389,929.55611042571,39.946775119570475
93.51949895265827,12.324222959312195,1032.049989007178,18.181972486173578
68.67910592612341,6.225181938306458,992.6234109642022,31.891754100899316
47.19631984939016,52.21922363000633,1111.5545038718442,19.410853076439654
17.232567453696745,9.645790058858235,1073.5851712695758,55.031330546451045
91.2948278991802,2.533440603989947,977.5193145100653,13.201201842781064
65.32422721941523,17.544642468835868,990.3270407654115,23.175102238070384
32.81003974288272,23.317085014200437,903.7365992810251,43.03699694596289
51.898555262508275,17.16740153691473,806.5193798313751,31.014497320957027
16.236662320211913,4.2501898328822465,948.1444299971539,57.386550843516176
97.05729669993568,16.0827333899966,954.8312487765226,5.107832703507064
79.08341016971953,25.18245353534081,978.2022624868212,20.522965600957246
50.09714187690522,12.051211793962956,933.4597115233632,45.39090393897559
91.09005338689163,7.011732301248028,1022.4092906156874,25.30258527219834
76.39093537823656,23.561093928681814,1084.2136610279817,23.247516700396563
31.855317285562915,25.32699177874558,916.1510289103405,39.996630802958656
29.19441912675179,5.328579298738305,998.6244662998066,51.0141325380694
51.86057126988202,6.822796350663694,780.9695711190566,39.379010644298546
97.26052342199687,17.1302328273252,840.2621339242562,9.58764787811395
65.76801501690919,33.92584739642814,935.7810231070423,21.1747192426765
19.13758944047163,7.507240788063635,1029.0451314422546,53.734112195706274
76.16727824752853,9.042404210989764,918.9186785868001,26.409156400231662
91.51617840860621,21.40589475696059,986.2125881530997,14.056563532722745
14.385216355920718,0.6770813404485864,995.3875638486301,66.85803934085938
21.196787535304047,33.74549041819468,984.7547356289521,36.94262926228054
92.32674261880999,8.205248893624889,929.8933742551441,11.037541702628289
86.92207502273118,15.01950242926509,1072.6557610372454,20.24110895129552
76.11184164021013,2.2770710377252126,973.0708770752952,33.19384979902089
11.76405588922846,14.56124813725219,925.4255695227193,55.73970495497741
87.78683385988063,7.734176908114185,894.6957197834489,6.067491577315792
84.58929723624827,2.6382806567386408,1176.3167067428478,27.92369928288251
21.60444735860757,3.2277497868780025,969.7654748125473,62.10313384333155
78.12701125822325,8.629766310194608,867.5522756172273,23.709163749967267
87.29422728910451,22.876451621684865,940.3590685913246,13.013586596364163
64.92243177297892,44.217788295739304,973.7297857984779,18.325859015435856
45.817719603957904,7.327081478956278,961.1382577649456,45.933920713573904
21.857180189891498,5.751234839889181,1075.4975264818709,53.44560739814993
31.11114680298522,18.74110333500033,1091.4658745542426,40.78845419568201
47.3816219608868,46.409789606376535,1073.399657156315,21.57775900377306
62.12225836489163,17.89722187506775,1005.6181605192929,19.587287878215598
45.87672769014946,2.9961535946398694,996.8789611240775,41.5549864294808
44.725447842487846,22.183206250193056,1006.9807756794479,38.7029402773408
64.07000532560522,8.73829121316107,1072.0868021220822,22.519797573158986
57.2603991017271,6.6672253151437255,993.0448495781753,35.11253156617419
34.99257608493551,40.00618787969679,1082.6779203789247,37.678662809877444
17.339348734056422,13.904016365090987,1110.8138702102187,61.12280210700215
43.35308948200865,2.986196470115449,932.5659452327106,52.58612873734927
92.76318672374428,2.119748198969279,976.7937061313834,34.92865164843726
78.01564733984075,10.206345094256998,1094.7924227972942,24.738310012249393
81.05941051949233,3.2986757627157175,990.647052113115,28.790510278645456
67.00542469929633,0.8897725315447716,1032.2623999435793,40.664528996753724
71.19174950145162,35.07416064311661,1123.4755068771867,19.77361135334896
62.90030970588308,12.763946533644186,1065.5148812416226,24.07826630787692
13.348875469248007,25.230036922364146,1130.3820200753105,52.50376447915436
40.20706581212488,0.8302317719325042,1107.1586559174373,47.9595746438673
74.67213826703792,19.027673003516128,875.2875960552308,21.951529925583266
45.520011408230566,7.494282172025485,1013.500528392525,42.588951986322485
13.548879675123956,4.731140594646531,1101.7944091537986,66.40159471577294
89.17702309379695,34.41041950522157,1095.1515726848293,6.537699103315899
34.0444435112649,20.51618483233011,838.8466826623205,47.42646067179637
82.88873576697891,5.286555383642956,1018.7820562760684,23.133148638827308
32.0343714153355,21.241475255915496,1068.3069199490394,48.50598408819597
82.88930044187376,39.08322937269266,882.4670588125186,7.164356012767975
97.6416114157147,8.273755485251764,1041.5428190524449,17.850122028585208
34.58914936843166,8.664736766557526,993.9180819240935,45.05888681363618
74.98488800264961,10.567648305526092,1017.2289904789781,19.67398024332143
85.99028419942402,2.925048498894829,974.2811163933352,28.21545857408836
97.1440965439106,17.31854155192653,1059.8821509910522,19.322477640320926
44.567450625870705,40.832941910133194,948.15696357594,23.66714052909839
81.99003890313843,23.85809856458774,1041.7728054026127,17.99515868201441
38.99472078249035,1.4988768583003802,1100.5805284388396,56.996721345618006
85.43463701717297,36.62809537264206,807.6877856974183,4.142733929403311
86.44188200112792,11.177973064724961,814.0799295865746,15.809080142696732
49.948982980284505,43.37055638830774,1052.9864281019695,20.422430450877695
16.403378982099476,2.4657169830988925,975.1596659847919,54.8237251359565
20.4071382318368,28.04835537822634,903.5965768545847,43.44089764022647
69.5669687967483,11.795127624369231,1177.4204437230835,29.410485374688577
59.14532992225635,12.92352293144971,1133.008188164565,37.23790467937886
81.46009616795628,22.573680306003446,852.6677719455763,19.759419676928168
73.26283362260078,2.1004665975788925,1028.7290676866664,31.55209871618083
74.7035585857048,8.686454324650589,1115.1318562192578,26.89007846766471
11.811609044903275,6.990517007281383,1079.0019930218098,55.96650035158829
59.130231809045554,11.491774742717825,923.505071306117,36.04324523980119
81.99565398418089,41.26433247329385,927.7854767289206,3.729000166283287
32.437312543516335,5.798917051801495,999.2270648285274,51.25589902998851
54.32496419081464,6.586651540160253,726.3571279006381,38.121925640503136
57.51142781934252,25.484282153313732,1169.9400148775717,28.308592368107952
29.445244626114054,26.076180172858987,963.8414723518276,45.62838214003952
90.88259464028901,15.180053397481814,912.17413974242,18.057540529976464
57.112910295890686,3.758755288648487,923.3597948515355,36.56187006988802
80.8787290923927,3.5397837817389073,953.8717872384502,29.09814061182266
39.666318361813374,19.907740881966077,1038.6884166783495,52.91773236263367
61.11334949152136,33.50441597598626,987.6151338059316,19.22128399549301
67.13845554750388,18.513806745785494,1024.9480003460098,27.212608789557628
39.05470362902659,27.602313283805497,964.0260303482872,35.96081054226064
71.574801760555,15.685628629257767,1120.619919330408,30.08542313872997
10.535830897887362,6.469521875274566,1165.9542409040876,71.8378190066876
49.03249910886066,1.9923725583417378,994.8803346943304,52.296485450848124
86.81024556997187,7.326947690699335,977.0581273395342,26.713828650997865
60.57636013473012,5.960350824694604,889.881406843578,36.6741573691474
44.60692473845337,33.5696484291442,1050.4054208070368,26.448402038929846
83.3857508686549,1.4029630073186488,1062.1349137431391,25.377059017575537
92.67449098720822,10.297216423532983,974.4495929390737,19.184544403308994
18.005235616438014,25.23105967622742,1157.7962376888167,50.58872687497043
13.170407606500536,14.853428874789087,959.7356826669709,44.80438597802563
98.88952545483136,22.22585535766838,1285.9309760349352,12.222923555681259
19.771511362006173,45.74357825372145,1043.94740550796,50.40342351546308
44.60620084807788,13.205346434942438,1034.9706034930202,43.21205224703902
16.498121348020216,8.972459597298549,995.2039235897572,61.43971378059638
75.21529623117762,9.94254458377828,1134.812221848555,29.11696816003536
78.69256727496514,2.3317995227922066,940.7397268233412,31.633216154771613
35.310430987374446,33.13153795870511,984.4933966776061,27.074365561786657
41.116688285151184,6.964178955791729,1103.3658164773694,50.89242792203456
84.14243042536086,17.674345600272282,902.3795430972067,7.818448486954807
26.44500426887935,44.75572387021104,989.9449711527307,26.6294383079672
24.717155781355547,23.819974820766102,981.2629857998317,40.25077025681103
92.23365603713928,46.897680043319326,1194.7952783344429,0.0
69.69127176586969,10.625360689459642,937.8386209366238,22.104903703582455
82.79619586051966,6.158808184315387,877.5356625886283,19.294643697149006
35.808730703394545,7.241748837740009,1032.886754914651,51.59246915140712
93.8554508244232,43.226587588766265,948.2476692786561,8.290247327423709
29.923898451031675,55.22675399706136,1109.1338288241227,20.93767692561046
99.87621460395609,3.7297090379464497,910.5731545471386,10.158458925700412
11.247394277999096,19.278392035967165,1066.6407562352947,56.637025520332855
99.40414898328,20.110906440123493,1109.6834063897359,16.643435472647024
96.15449228830323,7.823604395447948,1042.2491043727587,19.078607214810425
35.019092865163984,3.2042051040113524,1002.3979108368351,43.4623440452381
87.38685596620628,4.999964534901609,1043.992053627928,22.282168822383905
50.73792674667325,5.835180234157796,922.0801521219101,37.515509882021014
17.01784207747316,13.191537777561209,1011.7937614135329,51.31157447085806
35.431440216748896,4.896246280351597,1029.807226999866,58.591774582305945
82.57812539428997,17.82462745441449,1096.891997732613,23.488562273283645
99.50885162679423,19.420723478514677,1101.0221639586855,11.358202227363106
61.031556645782,0.8227920198679943,1026.406290341947,45.696038609456124
99.50930535657074,38.68281099768205,1038.4961957374496,2.7810783403148314
51.341278465239185,7.141626346408468,1127.286573182207,40.37238304977144
70.84517041929841,25.203126008221073,1116.0354386468337,33.63920342037174
33.10391265798719,0.42926247128204437,1043.0699121507587,58.270545129188534
29.908223187333192,12.83843668401468,1161.401385841788,50.21725298101786
59.80685901400254,1.6472078632617395,949.627024422108,35.57396884491571
44.07996874580546,29.520915858555007,1248.9406336061052,37.47836049202567
72.99902579809317,4.510320608082735,1145.7045407295343,39.012145829529594
62.164571372781985,1.0926898984861606,978.078086955032,34.18154193652912
32.1261318575337,5.311187965242385,942.7229437990627,49.39709870521084
51.94103361007009,4.426023726858946,897.7279987117464,46.932807012805526
71.77474765444958,6.400782791415343,1205.924786778177,29.4238886558572
86.6080524724428,5.026555901056209,889.7174529574312,18.626997710163085
97.50847713169388,15.174154183859068,835.4250879514248,0.9971757347466585
42.96473606609692,0.26917167291390864,862.2415985158858,43.20265657264413
53.31315198321728,20.198607734100758,1159.8135318516688,33.759453433900866
57.95543872855899,9.824939309310615,970.4253088000193,44.494230025624546
97.33730564655842,10.789065082349708,1035.3059770285086,22.614010689600786
53.73249020471034,34.163768858488744,938.2224560954268,29.703832564023312
83.48916760918353,2.9248213811142345,1005.6155541731174,23.591823927589957
55.88724992922821,2.13587949366474,766.465909681868,42.02714311807837
73.25208790355687,5.577980075243587,781.1305386010251,16.0613093633945
29.667809115154423,62.16100406377502,875.9407295078584,21.713948989938565
86.41683039893847,56.92113697405176,973.4745409369216,5.0022599855509835
20.68995487995038,5.807612613922543,1090.1908603043007,58.48854942906887
21.5018016348329,8.101485970524003,905.2631876404129,49.506423561850006
38.5026756057564,9.78872389442543,1074.3925643786972,42.310550611695724
45.435258940836,23.872838089536998,912.3673591613217,34.048427801504
24.44297620360705,6.5518319910890845,1053.8406352141833,58.54509486205939
13.963266164734407,9.802716719139559,1005.2741915509381,52.84384995710375
58.08199594360226,22.14859960126977,1009.7326311161598,29.321947865223134
82.82730112261014,3.6600973093648204,1040.708073695864,16.138417620794897
74.25222428603043,30.56400125736914,1086.9401289309333,15.516902362843735
13.135176399570934,7.3589129963123225,959.9290389145467,56.645199877697415
95.60378361096056,0.2290371831944146,954.5396506883934,14.831605613600603
75.40401993552443,4.262472443197083,847.2460619862519,33.99455877598287
70.88538078590304,2.4745919544993837,933.7558235430816,25.72959440420673
84.5124512012174,18.317835530995858,961.4163293008876,16.310682810743202
51.03145306249927,8.43042571886659,811.8079481802188,36.4218996750397
43.51171401575256,14.97886514853791,843.5344377362281,47.64744249314862
89.20546960861108,43.977953249228065,1375.0631143791536,4.437997335963502
89.34860873267489,2.900028053974647,1182.1176640081849,26.06812855161359
90.70096382149913,2.7813599419791957,1027.404987240268,18.513518356292725
78.69773978105982,1.992299038558578,954.6485972645451,27.301450578914388
20.56411406566812,0.67220321734835,1056.881910562708,57.2357814128009
82.52359561793435,2.190402722681455,859.2873717149516,20.30341542933187
81.39267911746352,33.27740382243694,997.7628718984903,12.169585845036853
56.78828331849751,24.98401715641262,912.0010021995222,22.890851391980632
31.75260322954698,30.46252195570264,910.4636278516036,39.03491540078155
49.03629737365242,3.9186029653319245,1091.4630449788322,42.772992890452535
60.71331727869803,0.8505454566179305,937.7835107758291,45.38308571625766
83.37366097800286,4.3413117936013785,988.3587745202831,28.146180816997237
64.60750071980789,9.423691003990221,1187.7162759333244,34.812612686602314
63.58235713137313,39.10210973600046,1019.3210140544091,22.866875683406885
73.10201093436477,14.964843670817398,1084.0475701277344,26.40365222193342
41.040642633947144,26.42568389028882,1110.2269488718873,29.656055821113508
96.02449989282698,13.195350542449043,1080.7149474762111,20.056534465509454
78.96747905409195,10.604242668789826,1018.2520366548641,34.16770420506833
20.41441218244868,0.1940089279213051,994.8671624328082,56.054823586892255
48.68884603424195,1.41339833719729,974.9446495423533,45.15117858827934
55.28181558238339,10.112945658160776,798.1666910990693,21.38912488051907
87.29284199902122,12.806091523058054,1001.5538515342795,28.66225575085145
71.41279439140979,6.5588399234959285,1004.5068805474484,39.27548493745481
68.8591681081717,24.555170404815435,1188.3573955065385,19.515901002425785
57.03551876183406,12.238851206717504,873.6213684613542,26.887344506849605
60.54862537131852,14.138583120425483,1187.7490304259031,37.65567261800281
15.954710683128324,1.101237576571413,1070.6418779037826,62.18757894204964
80.88514970794739,17.753609607691033,960.3092727740184,22.405235323088736
68.2938057719461,14.27627774834791,1077.683729847323,30.343438950301394
75.89403404706133,9.077701195318982,1085.8017883627329,28.723372500750983
69.40725495408367,28.85389819880634,1081.8348318796968,19.96335938586098
18.31727029300408,6.352575390381941,1104.504850562235,59.60101388687483
91.84940077845592,2.867218733372537,1066.2942794054666,14.644050582558911
86.4492613064232,8.738129000299283,944.7670492521443,14.872412188660135
52.2872525818217,35.50631972466512,923.4948074760565,19.27272269617452
41.64518753675859,7.515265919356972,1030.5201754468987,40.08574763184938
65.8321117260771,16.877813423324387,1062.900956562556,35.63597555266325
33.93501797026515,1.6318911597696402,1080.7224338419337,64.36201324242501
52.911864234352166,14.573312699103134,1150.9123569483427,37.109883574528396
43.43921737602442,8.967342833483812,1050.4061039730304,42.88350513684494
44.69478096509063,1.0149169076818587,1066.0667682510068,50.18772141140999
10.379045652446628,24.422300530415942,1052.1342861329695,55.98214811690528
35.480713999712535,25.65042961490349,1077.0257800688676,41.69015906755244
90.43448523809363,19.303676281787403,1018.0988739582857,16.424674947119208
60.10056877115675,8.201356485686674,902.9112592220874,27.832124579035714
61.38571045549863,1.2049441589546426,974.7334488122469,41.662083066243056
68.45725822556035,3.4367821905001406,1108.238576614413,34.95807189082339
78.72811209059522,6.584795375282008,1024.8479100233023,20.71182524781904
84.70911722827954,11.62393757855968,988.0384724755266,25.636483381395443
83.21629125973057,8.814684417230088,1155.0462302783449,34.89009127583921
96.44364493120909,5.970569388709707,984.1133990870022,23.437474864145702
90.96738013756372,39.95606651508017,979.7968053524078,3.760967228416046
13.96099135868167,0.7690297849734526,1013.1376931117687,61.883853738000354
59.420057401987194,73.20306346070586,938.497742284299,0.0
30.893566122821294,15.23561124230294,964.0904319279739,43.11625522200428
45.55360827766444,31.163627226736082,970.0159305882845,29.175333792581284
98.39147349272326,32.98714107275518,1077.9587150669227,6.683812073800513
48.80417276419003,47.12605916039294,1102.1604831520583,24.774127137820674
22.278793803219756,22.89685640776043,970.8052350414189,42.523643920074484
33.86640332069027,4.708478720080208,1053.9657060462503,60.911369655850024
68.4815866691497,6.783777685601043,1096.9577476186478,38.187862991586684
15.726027367519693,9.294126778756636,1069.6109931995393,60.45978388565149
12.050612858759022,4.156603077372032,1009.3248616437108,66.80828730972196
40.932083507090844,5.028261404440712,1127.1974136035255,56.20692782769417
37.04151413792556,42.999831661304384,1096.208957898914,39.12702793181051
38.24817498738734,6.509293171327573,1120.5268352118294,48.560000183994255
29.105644309296547,2.561272364569546,1131.666665113312,53.57922790882818
27.569419735205482,16.762509764760285,1036.8001994589195,47.99095209056496
38.56728360495694,20.72518525433948,1002.6756580095263,35.06682065493618
13.719402839992188,13.168605482810886,1084.5658318836854,50.74959756481747
82.46135084645442,0.6160539847243472,1096.198191888533,31.077689020193002
30.39914851160385,14.30120703770627,898.1867744073021,55.78541399546168
77.58604157297079,31.54457697238062,910.8130215451531,15.470292875201523
87.17133848876728,2.155968895281799,1054.69738178813,32.85334783597936
58.62231358288046,8.037162059484682,863.1704817107927,38.66609278357006
75.8550687453479,15.013960541241016,867.1447966628258,24.527670466506265
25.022552593540567,10.750806645215736,1133.6286673605355,60.23551069945964
86.60553343992713,26.97534306013277,1073.3323610103562,16.11626105929012
93.58643937854454,18.63813848932727,774.322747622241,11.224047799336594
77.26298664165755,0.3314430611682892,1071.0565383184576,31.921765588282998
96.95605499359104,13.869247781228019,1083.1492501811178,16.92774630677504
56.11897362998209,19.16974952073559,978.7876898756216,22.6179006595933
44.40617937896683,10.338007058329632,891.0124210444687,41.61128890350931
94.5125814456597,5.180103862839109,1042.0174326571218,31.148565930875446
47.71814482644317,14.785266908285001,1026.854798112706,37.09197694232471
28.84630922507189,9.026143368071168,1020.7287616558742,57.140618768318845
84.60827456821791,9.452128745025345,1017.7582413777304,28.51236794252059
14.234381322278143,17.341481332918367,747.7802841493396,48.40689502248694
69.66335374689965,3.674723264250935,985.5266007544568,32.4920171870577
48.24724140504231,21.90408887342112,871.9013640772586,33.514102224861546
80.35867016644902,1.6842757811573976,1104.067974311297,26.45267180476097
59.28412491740154,20.436888636549558,1123.302079095579,25.004643918105806
64.41150128885573,26.72165492248648,943.4630071453514,16.97660091166616
44.88849754453874,5.055807158045078,963.5043146850567,45.17078056392025
81.86404681793289,32.76882165831269,1146.5843545647133,14.041450889277375
30.842482896636348,21.79078333887867,810.5873145585716,37.60235102599603
50.12243612071864,1.2080944972211465,1030.3929698228533,40.484270994641136
16.394734663402584,10.002156623786728,903.1712663988374,46.23973642529634
24.930056380937657,21.370485928206893,874.0170235968006,44.32335066770229
25.55114222954392,16.714700115883083,1087.1801832740607,50.28706887586922
81.2347267409199,9.737410760069608,995.2242765243363,21.184839502424417
26.67895595499669,0.438503935578311,1043.6801125537202,55.988127252007594
22.085373031848764,9.436654773224056,1016.1146148005563,51.639826418258004
79.97844827407091,18.206902153594775,985.3809683091603,14.711682953358185
37.29452673723304,1.2315283687588183,968.8676384013935,51.8398841477744
91.27976524089681,2.7825588406214004,875.4048609263442,16.927443284209573
91.68907129851215,11.236153422598656,924.4508861828914,16.0492843497847
85.03039528060931,0.3482512735787129,1190.0660029648577,37.80248367629539
21.107040413719243,86.0032431768894,1137.9327964738754,22.90356479206957
93.54131685484963,6.107923452390218,947.5907659176863,16.15367090088271
81.14250480385408,3.744105263128075,1120.0908912821678,26.858453702839714
67.751419781066,6.7730281335120734,985.8192993316624,32.10204787677365
16.959271571089122,1.1842681609747285,992.2413544594158,67.75113031724638
12.73968231477253,2.8948063075849317,934.5473572522335,71.3331366302015
15.472369873523846,45.52363605433202,1081.4714027161474,45.59072529439122
46.42689462196164,2.056015559377607,830.4945691332728,39.56689110630221
81.61590131748585,27.35513820444052,777.4081536097849,19.655537653006263
72.58493121332663,2.9077873802774623,1202.3150691754831,29.019972284947638
93.63431196107042,14.798986286012102,1116.755650433714,18.81620368500385
83.09564427981326,9.698942168946816,965.665853803185,14.376407898208026
87.78762546337117,13.076513334503938,926.5834543356195,25.3440859115595
10.816397558858784,2.595563264954997,840.9028787793698,61.55518246698121
80.62319582566772,2.109624684108417,1067.7589525301412,26.604956534717267
95.36918400284706,25.188095525486343,953.3971479859638,5.863886939813236
55.28355309313263,15.300770719952796,954.8013984386962,28.59692182035936
53.18960576414774,19.160087185232868,880.7251075784495,42.552447303670924
73.6667010205157,38.70519591762077,977.5114646569879,14.948130469277748
13.016744374397565,26.397416891880525,879.0635034859928,43.876509715419125
23.141482300677886,38.766002643564065,909.862827843947,38.88764390764813
63.428483163665085,19.106412186667843,1090.9047058056276,24.460229216271827
79.47963173691114,15.96370703045907,862.2679673250834,20.515139569794297
35.32292104131304,33.87908010052992,1124.829556162875,43.09927194141166
28.87953888546802,12.994560742085254,1046.6709824819598,50.302927048150735
63.127441539840156,15.382453753855067,1027.9906724188247,30.393862463886343
75.068433865227,59.84576415732974,1038.5298358875154,6.322556900768943
90.95191628459538,22.047614043577617,835.7194388967645,4.7448564496994265
60.40968500361057,3.69916053690938,985.5180819284326,33.86349719845786
22.693737806738845,1.5700944744388003,877.4206935042877,56.487876827500415
80.6396658144523,8.915497524887526,910.6931745429195,21.9190499710315
52.79219897917836,1.455552775158102,849.233496577285,42.90696762610195
61.260239940993635,23.221558599851498,918.807130200509,31.172617583695335
62.16312164089416,3.667053706023005,901.3159268298602,43.22491852883159
29.346878938549164,2.8584626432740903,1027.882151075713,50.08639853282789
81.47349713047026,6.672881422730857,1061.9010456426322,32.83495792183467
51.993248719130456,26.451658105516145,968.3409353919825,24.50812243818633
25.27194328454305,21.172195102351683,909.371180855172,39.65286901216938
16.895828289501495,9.37874501052693,1099.7887940808578,51.74870501142608
65.53481776034332,9.425337583897576,1129.833602758361,39.22452270697354
65.88847641495042,13.735865773965905,897.1728883310591,26.772137077538023
36.52081051668253,17.328664555826563,873.0525466739133,37.8621396567611
62.82453435725948,5.096088009161397,1151.048105806422,42.59742037203356
64.41153152010955,23.16392152625814,959.646262265164,24.11609042902159
54.047671622562916,1.9244670966671287,891.8860251079323,36.86766544168514
52.84959673363958,38.71913598291846,992.5454235688493,24.096277443398737
94.64847625150392,10.482949504992904,1015.1490410904381,11.942478493127282
23.173815848804644,32.73523128172786,1024.3970819866474,42.7971903346317
80.3195027461004,13.856279170031534,1017.1339815125048,26.06387001516118
88.54232674396138,13.419392150947258,1085.2133136492162,21.92195010729352
58.43050556183046,3.466571869281252,920.8179765588504,41.215938090497126
97.75596269815728,25.31500968998432,862.7405719643492,7.478816663341874
13.509304747711932,18.407673774718557,1007.0076682350688,66.25750365550361
92.67238573429576,9.822715332130551,971.4892142828182,11.255623960608514
89.57203027117117,30.337619096618834,1014.0254179161,12.892556838943458
97.22965263230464,13.27877636945256,1241.3244754538102,21.54263310701087
11.376353452460751,15.142832864060816,1107.5901538432158,58.24570397685446
83.25043494087065,11.457336942430175,1079.6200862563496,23.180789012701702
53.914768354161396,16.858162992348028,1036.1435191334767,32.58741545475579
92.04209760667536,11.797999118183679,937.947951239279,18.164373939703925
98.55349440402004,11.019783260194478,899.09078913391,9.26632712786153
71.71337419449138,33.14459658346827,1173.6336248574578,10.498588448955235
41.420566728967486,27.038022277545608,947.8213348615333,29.661305785335493
41.6583986501747,14.611397221622877,1022.3960789920744,46.36196437428106
61.725233667749244,11.025279306548658,937.5720802715311,27.354599360591045
56.56749945733926,38.60849683994215,1089.0461784461033,25.167808775891743
77.38567233911365,7.441524474894084,901.4059946976446,32.704707645113515
84.18377114757645,1.2719004047037903,930.6630538713683,24.413540760388386
14.993864274163972,62.744713898113496,1014.5543909263381,23.098395450668292
33.82643927516265,22.310876018929967,1008.627282719218,42.3633893352742
86.28771024552815,23.70541801202834,1106.4487476573856,10.535150568247222
53.66119608707084,26.00361060898757,1102.4074239190259,26.934709586876494
68.61531213001948,71.20400330672554,962.0803508302731,0.0
35.98381279966084,25.513407856783605,975.5512924807002,28.540289601192175
77.13237569209194,37.37218178289113,826.3070759608788,9.771551515227355
47.83368169618507,5.2525190213266315,941.7956939932504,44.59124678664169
38.94368941555427,33.09946195531262,875.846291066448,30.595620028770792
63.784633401461555,1.8855104783438739,900.007512059306,30.50922065699128
23.10570909355006,12.385968905363274,1073.6648648964847,55.43060502905998
56.44927592746625,16.56253744204105,1007.4075151246196,38.455257059014194
94.25102959136065,3.536677899655214,939.8642505797079,20.003735509710992
13.723052233572606,7.130340884737298,1072.2050540910311,69.25255970519983
38.13873113264172,28.847798705162003,1185.800152658331,33.4810501826036
11.617619058381948,13.363593908622963,979.2831323170947,65.11691754781275
47.135450425687274,1.1886906344641148,762.2465193827644,35.791341982912904
93.98752024460426,26.466208712410978,1111.4387617397667,12.564949355624876
98.29146286287077,49.99521536693603,880.9865686561252,3.434699605612104
65.84015957912575,24.12329226087736,861.9575813479413,17.4281788806719
30.931759865703672,4.244056370071473,791.0887324359575,40.77922442945356
17.35017659645568,3.10058379185129,1031.428907867947,56.45366741762802
36.85582014444793,13.494140978393187,942.875383452974,51.57998711015307
75.5336961693054,7.48366490357257,878.6135743383055,17.592805602882954
88.17129126688916,5.590476590851605,1103.7515302435313,34.08298031803719
55.2072257473749,15.887681245335802,1033.0716044286585,36.62001791799028
39.448273220129984,14.234527523497478,969.017659023791,41.75486446508643
67.47263821055725,7.549918279684613,904.6182922150605,35.57476587279182
52.7264422318493,39.94453001157956,739.404567076542,23.519853783879118
53.48027585822904,9.151068712585413,1109.3419047546718,36.70570225839851
66.5191046751795,7.091742471215957,825.1769851022473,25.459240702603754
75.28011029375203,3.6352741332951797,880.8360636204823,29.595394596955
51.36607446545863,24.154049161247652,1095.1227155395675,39.01947406763671
49.50772431107909,6.8216720789754115,1022.9434776958303,44.138435186029724
12.793321204969814,2.412425030562853,1047.8401826796496,65.30430062744023
36.854193551517554,22.400110240606562,1019.3400234404514,45.540106243828845
76.9934717934982,5.45450844026443,1226.419657883594,40.51585019975044
41.916727652177585,34.38792900299707,1020.4274927563091,29.081864769398337
69.99695503036888,31.69717617957122,913.0013815635043,21.946422928333725
27.07492388887513,14.397351232430898,1074.2450384571928,48.606371515735226
12.509196320930322,5.754139661543913,894.2836266898125,64.11424750180447
50.37725894179085,6.966744255105624,1117.2433732971817,38.855262444304294
36.192887869828986,2.349358856450306,916.1811190469373,48.150353762745745
57.912271378988756,9.97623506778883,1006.9667607728426,28.25819590112723
15.256375356419078,4.598801119026608,974.5070230837649,57.87820795712117
14.223062673481483,7.540037438631529,973.8041483767502,52.64378393121049
76.36590167754919,2.8201511551443956,1038.487805264025,30.86811900815397
15.705096412742584,8.53932197498165,862.012582180224,50.71025235596631
13.653978304566127,22.48847320380699,1006.811739861906,47.73668390348339
37.61263249521018,4.6421885258163575,1033.214540561289,48.97420370966068
62.87976152893964,28.696838675672115,1044.5192471164958,26.404094181453278
77.49093305537242,31.344243574852385,906.3392612225114,12.590791421209547
62.87982749732594,46.77577234127058,1080.8752848660304,17.74754582724714
44.33066811235644,7.737299815475509,970.7214710305267,46.47688537939536
51.257145054057865,9.444554809781419,1081.1818624315304,41.55585792337495
15.693040525257935,25.65976735121239,1200.1498314370508,50.1851471917487
95.01616837877741,14.214439228006006,1036.7268678696394,22.856933771537513
17.863676328757222,6.435434379418322,914.20687309285,65.4577579607235
64.79822308150915,28.922225833179972,1045.9465164663757,23.77517965459176
28.14439105229175,10.24798331356317,999.4666428601092,45.011211853875984
96.85067016308142,23.48179689078193,1139.4361299236607,20.861997376617786
70.8681276454294,14.938256847040462,1002.8970539011639,29.472689055543132
59.581078470317706,29.795620778102705,1046.7284075409198,26.025716954118522
94.78639560655377,51.781176603967594,1089.9243833438688,0.0
95.97710881117578,2.3419034664851424,1022.1275520187229,25.17387243210999
77.07245556935848,17.795232291212923,969.1894572076116,20.658750846052957
69.98559721817348,7.766373612884454,1054.3312197109863,33.14006018312572
18.257400169658524,33.3113157675201,808.9554931952458,40.97371476870172
69.38431884654017,15.017140629252076,963.6283008816873,29.34946930043409
56.309460882572765,2.6664948387260226,916.0418934868525,39.41400915230207
17.183639493984444,3.102784373918974,810.000888149401,64.26599055542138
51.95022956452425,18.174460690325187,963.4768576863847,35.188018868212566
84.73023505202436,21.02277190966379,930.6393877761866,19.04172182608646
25.376777636138563,15.190827691384744,923.3616411970572,56.88328953680991
46.645854466336644,8.326773824825429,1178.1445757956594,53.43225786485783
92.23806984359888,7.5459559701805565,934.042601550874,13.331995527664022
37.97238342048066,12.486114121509054,1129.508982959276,49.634048305191946
67.82880677802774,32.75547388448345,993.8449079073959,12.52515593927581
41.18604082808089,4.801399414386219,956.6513180899332,48.04634273735258
89.98581897127481,15.083671705917679,1174.991947985342,15.824969713343004
12.237353854632632,52.80135941825524,1052.6382397720013,35.0740351377978
93.9535685869036,16.632150152155575,972.037616747595,13.655764440266173
54.85276583548632,25.59425781798495,1015.8587216384668,25.009642261978883
83.75554250391598,8.339225715857399,896.6509422470234,13.67860805082169
28.27060929974926,26.084473584259502,1021.7194310293096,45.506760635298264
96.59585926907292,19.926796988428194,1097.2143190560816,22.274096844261223
69.34306269103813,43.61121107951596,1119.891985845378,10.88403185826655
95.67010026448588,54.49882212026493,1097.9330493107889,3.5453685252380307
36.523890907009445,43.94157140338976,1114.32376661687,24.26962308263648
59.804273492514774,7.843835630741941,1030.4283958946519,42.31608639850343
92.35101335729384,6.597418954868546,1047.8981644418375,28.986507776584254
31.162651939532797,26.95057311328991,1030.933894126656,36.88249380532184
83.69379404105626,0.29902975124631953,1077.1994031206655,25.95176454484255
80.23378953318218,5.030857358922991,1026.5290047195654,33.31151431804611
46.48966671166722,3.8202510084704486,1164.015772565675,56.91430141033858
50.53740834882479,5.989357028141224,909.455009114273,37.72836173636092
33.33475869926835,17.120512401810597,922.7021391768974,42.61501453332306
56.25101296380847,0.2875977090446574,1057.6658796750098,36.62877537328228
91.95017224317263,20.38378902286997,969.6888262624873,15.628018070146558
35.56788616337863,3.44957681460204,993.2750388234268,61.95187450232057
58.00920634930726,0.10703533929798384,838.7857072029913,34.24767448855788
91.95201835438358,9.818994791422629,922.1652859921045,22.292266952682787
58.45122329161743,9.967241681595745,1082.3617237273913,39.15144507546243
40.42395241713912,32.04585000644212,1145.5439816580658,33.215780696671914
96.6596337185328,3.2268757874832796,1059.4576690647193,26.639262611773926
80.29536804943045,0.3760321753276342,866.7114270979115,26.398500537663327
54.642314918896176,9.166688589957378,1021.2905221600341,38.12911930093545
65.23614306844607,22.124525096770252,1017.4205442195638,33.96782726713571
93.7214427183904,1.5658412584812937,1030.0352615536544,38.19985444226458
80.2037503104182,36.53838251209597,967.6377811061957,21.29472281949311
81.32916181756421,7.429233342782483,1052.385379188733,26.48859029299978
80.1003881749427,17.003082509103038,1047.9495577045864,24.036851248697268
57.262841976375555,31.52363585183233,867.4960550175518,13.2383935498329
47.23443702735343,13.61713741092354,795.647649638929,36.3443702530122
25.978046421454827,19.80359685722415,807.4254065332835,39.61439974403248
97.22010941203192,7.563968603430772,859.9427987210076,23.81850226063746
96.16427108365812,43.841694126554515,1024.3959557861492,0.0
32.27544750662827,14.779601589565221,1089.0366058629818,41.91296777282603
85.6196148001345,10.387870932328747,1075.4748371771595,17.674163656996363
72.28937842656418,21.904646108769953,841.4902890644153,21.264282152719375
66.15674341573708,4.486786806346336,917.2640258958461,34.022227382467456
28.53197068790822,3.646813483939008,959.5723886131377,56.246665521415565
60.81452218128981,0.07858529371715486,1091.9486097060255,37.67813984816698
78.70754995144225,16.40536987763825,1065.6021185529505,17.353729156976755
20.183460553587423,62.47864464271502,1167.208789443443,39.38447819569955
66.35972836646587,9.608944289045153,961.8730247670352,32.65685760949452
56.92807043681792,27.975947015571244,1004.1221470993266,24.354275235534825
57.66535599559255,33.55447111735379,1102.6079223157801,19.826507753189574
92.25565684265834,0.10939841330244408,990.1278178248917,18.70608486319719
88.62227824415865,21.61043660943768,992.0186807246446,19.700682053747755
70.6590223013539,7.558199832804649,1068.5777570851003,32.991139965730426
99.53391095825123,2.6370837591332754,953.5964260112414,16.171610652140288
36.92794834071509,20.516752910655853,804.2177973689916,44.492098508951074
30.80176307725056,9.488234955175008,1168.2663832525243,50.10990359269071
74.25601506760101,4.209689361743651,1071.6119776083688,28.05193861539476
49.5804165938507,26.7200469162032,973.050584599309,32.467696636730246
61.21225622118047,13.37454157647875,912.4382363768137,34.014978241646055
29.113984026684978,2.1696090106877826,971.3030633667306,56.52148704151594
66.46018062164762,2.892720261216355,1119.0699760376083,37.12697018321873
47.515190051908924,3.6193565886595227,1164.5094117405167,49.500055561694765
78.20388042198819,23.88923586527644,1073.2103923034713,21.482699996796335
96.00950534596687,3.1190339705021204,1138.205469012427,30.71575942863906
23.489521937946602,0.20573190142892572,884.9270233872954,55.30889327068501
79.7380966979998,6.110233184323431,1063.8999770255507,35.34032893729006
33.46769226687573,14.085080596512707,903.2303012702756,56.48959989434737
73.86691136508867,9.486862409571467,957.6296541841992,26.926349475685306
82.4310565808193,10.331414666554547,915.9461617512685,16.086546902457435
22.66315277417078,55.3260884759438,1097.2065705910147,24.49851600616609
96.03126580531297,2.882837014746498,943.9343385197667,13.683738495057526
52.67383925932327,8.533075109722056,1059.270741449594,36.26112111050725
98.34970451544673,19.522319358247362,1032.8152483681058,14.384482609986442
91.13597338419,2.6216453169430842,819.0567120615104,23.875058964669282
36.8417299336782,0.7049941357761549,1044.147746222717,52.91611295257617
37.96834691729815,2.1556974220939185,1028.6838471146705,50.52752534281524
56.5168190938924,7.380913554649499,1055.482014650458,40.809383638161805
97.43225902192987,31.887634636105165,920.964902030151,13.760829626140671
27.297424111300625,7.740227402391955,1136.6841264345433,59.090383251579496
90.78903115898724,5.697890108084943,1081.0348604411715,27.943246446560625
85.21199355936113,28.982227773463286,963.6558457820117,5.4580739375190515
15.758457340476003,10.0264795173544,1045.5811269192038,56.11662518877586
24.994569471108917,0.8698396244303088,1045.513195745123,62.486810000113536
47.757835170279506,16.80727289292804,986.7595079308498,35.82941025902227
75.44290711282882,0.392632441954158,886.4278432392573,27.68649324262397
97.63926697724095,4.111359448872252,1144.1698509351304,21.284923509907127
87.49558323725978,7.373238386987348,1131.7332762510337,25.995570120493475
58.58555169103405,21.77046679019795,1006.9155520066699,27.052562894854596
54.23657272936201,66.22363166820341,1028.6158691109097,10.949807412894016
19.58749392952226,12.786196918473719,997.0953424214194,54.944338320651966
45.974026855914495,13.859020467715641,947.9591123236985,42.59016030129214
41.87418586373359,34.744903792171,889.4829137600386,30.75740669016213
61.429451425007706,23.032472579141775,1105.0046209087118,30.666710833932925
16.142000446276565,9.451158916106047,1029.3724934106403,50.20892497061575
29.291356349439017,8.728464537647332,1043.0075750658568,49.285005267321154
83.25048272900983,5.4844167575197735,784.1900104305078,19.378439233893207
37.62762577241652,0.6008285633506132,941.142786977415,39.45823263526396
56.55684987543881,3.016511456727969,1046.8086604678945,37.50835082852897
90.9514286836145,5.924534838055886,923.5296736993558,20.37463977089424
45.408611126425996,4.606996869051879,923.1238772699576,57.47890418512011
94.15302704350003,2.339494251454974,1119.3206607238703,21.467626016044463
99.83847456316337,27.73337676142091,933.2522677933871,3.7934644132002306
79.00306429711652,4.112170428640959,1028.551926982521,21.77541824136023
51.769440259532296,5.358098457306497,1026.476690232399,36.205495623047675
79.12049071124628,6.753974227328395,977.365613646876,14.968023968458338
37.69019450981657,12.432482839078395,1073.9258676205407,45.89763820596069
55.67942726818992,14.193212105158013,1072.5361951926163,36.244795897676795
92.65355298923514,9.679356852533918,1017.9390523556199,13.2112491465017
19.920178239330316,38.143695047597056,874.7103552845588,41.73543569041739
75.11494018114641,28.46442421887958,882.9282780394255,15.175591191572392
80.14832144871247,14.673523599710052,1325.3133181098492,26.102892574336813
45.23038025650164,6.172156007472756,1040.4604015511993,48.69997247590112
17.57262978152001,20.115040836082475,976.5530983005235,43.91707406137279
90.45610903983622,2.4285678773109964,1035.0206367185392,27.037293541337924
40.10253430517164,23.462267645940695,910.1609333705011,34.17681297684561
11.440099629709174,30.199783685017685,878.8374574903625,48.305364995513415
59.83360610602833,2.226904429134703,910.9649862314538,33.23708682905902
66.24734233251966,2.917058189032768,751.0543501086186,36.56569005153001
55.11723756436803,1.1611599631556393,936.5788691323602,39.60659614015574
54.08583258463953,11.818089988068682,934.4080457279226,40.927589292827186
27.649220469084135,0.7372587408293267,1045.1680597614454,53.33722417913998
56.735058120716495,25.499992097649216,929.3793068474478,26.912911620363907
13.810708443420996,35.02003703756017,867.2964096198289,49.6376959018433
16.447379125222245,9.163331494946867,1036.5245086225061,50.09522349441742
38.97981807898947,14.305235667604059,1229.2446942978659,42.66871914360365
24.265241196125253,47.51667289423087,1141.2260051344203,34.81470953622363
51.60563521167562,2.9406967654966647,955.6854115625559,52.28960451530075
78.94563715270115,6.081885004439746,933.3556847959516,21.522518841301054
98.63015018157179,0.2619077477446486,1077.2718480305605,27.926314190575752
22.41065196118111,10.795759457330716,948.3452638284756,51.70461308347079
89.77611230462392,9.575952310351028,990.6859510301169,15.83972310176852
95.04178744891004,1.6331470766052731,916.2081259282116,27.82747217787979
68.77568248465504,11.369815180289486,1053.9610531089,30.566357756174224
61.4136191088083,21.09487780145018,821.1075923258285,17.591430971980092
70.2891520380726,16.545596083403982,1017.5815607357905,25.247301514540027
87.20398858125436,5.246835822224107,1102.870745621223,26.160985895215536
98.4896538137408,1.7140408118096826,1060.8975809546575,27.53177150044152
68.24344037987055,2.2015694482241757,1009.8066050637681,43.69754728016746
89.07079734186979,27.144256673140617,942.2270300713093,13.283249911791305
29.443869023145933,38.81032649480641,752.5315881277966,33.313819622924136
22.711973199015773,16.733935083750236,929.6025840419246,41.41334732049668
11.653107781687943,2.0285191474205417,1055.0364611037426,57.34532617237273
70.1725606343968,2.5606196538896104,980.2957606289752,31.244367266051775
73.51791176761765,49.177620754043815,941.2891299994116,8.637285260993705
24.36968535190325,5.797003451600718,956.8342714993887,52.58624920154323
45.85231690916669,5.348056278715126,979.977236601387,40.6545003783511
38.274876462272836,15.547918536132721,943.2458105037338,31.721265605551444
99.08087837693189,0.009102870236362899,1055.3412442726367,18.959321364815246
77.96002003238735,23.301010393281643,889.6662629358925,17.140320065690187
30.199729486330035,20.390780854269476,997.6598985156307,44.9113900531118
67.02370731380807,16.051079090049072,1036.2625634736219,23.163983674351748
78.37520888528415,2.8358126358205054,962.9916018238634,31.248209860487833
67.7259028729134,0.14351768519783845,898.2477814487853,30.121206363701155
86.89599263967123,18.933093449224845,1157.5852614017958,23.948441381212085
49.98895465441809,1.0986417978926943,989.9244079148818,47.57048874110904
73.66945650319232,9.812320478591388,1134.747236833944,30.35284622095919
65.34740598638416,20.302881123948218,1123.2661577012325,24.258732951449886
66.96031640967414,2.450446541507114,905.3034135776461,26.517813729082867
43.858429886836895,10.533350129217746,1024.2762917552047,37.33330951255458
54.530522747252796,5.149821915928804,916.0122895003796,39.33815235358689
36.061782888317566,0.25767312286636646,882.4631800408386,46.499848443078754
77.00381527457976,1.0854539148106461,1020.1138783412963,33.12016390523565
38.18907878838479,46.499843042897226,1091.0113429751218,36.063052747699544
55.68840376310266,5.7667014227959275,1091.7751131114485,39.686192521135865
85.04345752028435,7.925793733727095,1074.2178303009148,25.60211281551999
23.16078890001202,7.319287413023357,1008.9850220394545,53.608428202297624
97.44338177232945,29.694933222263714,977.3783260534634,9.049885546114613
50.650456933308696,59.392285226340135,1139.261881559079,21.770774416436286
93.1522047780456,2.691855493249625,964.1259291078386,22.40656456084174
71.1076742944548,8.798803375602718,1063.1053725362876,40.78492330640533
25.12015586407705,0.003261368887158114,1104.6635197088488,56.28383989379288
93.3538633816966,13.660339751650193,877.237411319722,12.06488199361155
74.79472315126006,1.859119044673229,952.808568208322,29.001235261078882
89.12952409047705,2.9386409965079077,1039.5253485596843,32.7220812399371
43.4513295952594,30.634270461648406,994.0876285064505,24.95331816462331
94.46623651629164,28.968399326652303,897.1336035721876,3.8627244089557276
58.7948607456471,2.755653839394889,1175.3357952508031,57.61957333020721
45.93414260036006,7.527153392462317,1094.6403537222457,47.22776811780207
82.67973859374831,16.814109924205752,932.0951660893949,24.84278536369375
19.469278042512787,2.262100504060327,984.4601632768308,56.81735077377697
36.24586595626301,10.031919833938677,795.9389668121617,39.62661330773599
10.868373849576027,20.14650796867987,1064.1439375853593,56.903802285261825
55.28349161427839,0.6080201258394695,1092.7987691962785,39.2510997761853
69.27780991068934,24.835828767278475,1041.0067905813703,30.63004700729024
37.96526905651339,13.429220603680907,1009.6615271471509,52.75783673906494
40.03539097095131,22.5260491090419,930.9263152618621,33.20484563140816
42.62429116179316,0.6840576349517553,856.922496518741,40.33777117046273
83.24447277475174,6.817309675578203,1095.8321180079533,29.299652760886875
16.501504669087375,97.50579639239592,1026.0750852211183,3.28655930003692
86.4511793079642,0.6505859316560539,1073.4305271091043,35.808951929659
62.82021501642017,6.146835476627423,1119.3256157350977,28.413874543118723
71.89712627282094,4.2378242141738465,1029.4932543310335,24.221468900299993
72.1254655145892,18.379190475998847,1049.5670500891893,22.656996843598876
37.49632443434311,2.617451918920243,1047.7815271034121,50.03045723342145
58.754122691193295,35.125692280640045,1072.8222250151523,27.659846495200956
47.50944743364577,3.2080358016266866,862.8521692281072,47.52707363479672
74.71041045494047,31.178610308803098,1045.3830938903154,18.77945691806815
37.145525472795484,9.983926281620723,934.1981215849747,51.70727615336807
92.308191744848,32.83792200224592,918.651373930338,6.518736793452504
19.610417551859097,23.04277958205474,1050.693106262463,45.11198371547257
97.45515847395284,0.8475645052291922,775.5348252832226,23.43702356326855
59.161512702438394,40.69599086602549,1028.495598230757,27.1959831631045
87.06532958246828,8.961341144440569,987.788833710592,20.693745141032
29.037183909952503,33.68235046656315,942.7663455649247,40.17453527549835
98.74547961999355,18.395001165742475,850.9681332181535,4.401822152874636
56.551113350032466,12.639995374042474,1186.093736318182,41.359064702194374
74.36685716763954,16.8124453730334,912.6342130020005,15.42672077251561
69.81403231454233,10.807193183666854,948.1755881058317,32.13245058583258
71.29753527102713,5.492606323068662,952.0432285621657,31.41605986547211
57.3111467990949,21.128933072622566,1039.8459953655172,34.05534791923002
95.79422207012232,5.482264892772559,1091.1031808096243,33.402781600359106
49.428919620852675,14.090654739589333,1056.9226603372824,40.344144400762666
31.77223958852003,2.9312919078986486,1049.6556964742833,50.963173997376074
67.9165648167818,3.7900283323256385,978.0025663715394,44.25136290847874
65.87288896363376,47.641250622659065,1141.6071082208725,19.58125436729519
41.04452535513016,8.949877648748256,1095.008274700845,41.48501157542236
37.33219420381927,24.0772589705445,888.8850782423798,41.93026375552914
63.74109992472666,12.52425689008497,1049.300623148409,38.94594163942524
54.22804856852786,73.34691922022114,1102.7853647480974,3.809680199260902
93.75061674868576,23.387703531238238,1124.9816876770235,4.918492973034635
98.0073261206477,25.56635269612273,909.8231262054196,7.1196580292943725
65.41513427968673,1.2312033705127947,899.3320251507455,38.91553994073937
46.3688860663095,22.297438977706765,1145.9610185858369,38.63609513872082
71.82477688439428,0.20449131445016097,944.2620875153656,36.49780995366222
77.07856283828416,97.46618226455256,1059.100392798807,0.0
41.41785857870078,11.941396437507732,925.8933160964111,47.11323305930789
16.065901388928314,2.4438027085934557,1163.0301909525303,65.4008393121552
94.78627297419021,4.005525508642822,784.8080125310971,7.008011245554478
52.108798270828665,20.508125761311092,1129.3178805997381,38.540761672118265
89.80100711787352,19.233172662408666,1013.5597952485808,12.441342201084101
52.44259024770701,0.06946717173239095,861.1906705977532,39.94159407267668
84.29832972116982,82.78357554306314,1025.8224982722443,0.0
58.38660388025821,15.604503210980434,1074.6674595036404,35.812600393776435
75.99471185212464,18.540547244438383,1051.502913950678,23.8287802758927
54.958869459021756,28.720638535094658,1008.2568255892351,27.690543506658685
28.952810937446863,0.5368835401860425,978.9328987880199,48.35110479139006
47.13919165978975,6.267798321883906,918.1927683163032,44.03719078081201
33.57078750746527,28.54850021409368,869.294568488592,34.54787198418174
21.421319745369363,20.890245767616136,1041.0854579303423,45.86613808968632
22.483287872607786,35.4943203429526,987.7348258504986,36.5928669210931
37.31544447678377,4.782338073683775,790.6986011672227,51.58117193768102
45.00749703204544,0.33135926701014,1149.0260494370928,54.39919941532507
11.036545265057978,18.50857537394239,883.4279937473623,47.11223939935446
43.2562816140465,36.46009911734706,1144.649554616226,38.27263962411912
78.96185812396021,1.8737553800075089,1180.408951986472,28.214038791460563
16.648794378358218,3.787303797915187,1201.7773128441859,55.128867851800905
86.5670527401426,17.907369884417104,1064.902740963089,24.98486366263488
94.91469560338285,7.322236784228754,858.5822569123196,20.32141723255822
69.4468807501272,4.259768209143692,907.4188410152484,31.894462618753714
88.0584061586786,0.43713595162805463,932.7578002021553,21.454856631680805
95.72301704653955,9.535515982831866,1111.737718975371,28.91048625366018
49.30368735871422,21.03669762444868,1126.9191500698137,32.924407819398134
49.42561584379471,37.1194289456812,935.9488437553516,23.67939639741159
60.574171131134875,12.450434358168085,1042.685139623144,31.230054106888748
81.68671054449004,7.677560325603728,1099.2586944080158,22.95471462735454
20.672022279085766,40.6245401525017,1031.9248885275902,34.02655822281865
63.53200317433209,11.061756253907433,1034.166083283776,36.32758247670303
40.13052067723848,4.295664244495008,1020.8977603064274,42.209131629221424
51.88513087570693,33.46319825925354,1151.8137199760902,34.398664307837294
38.860670728655684,13.831424294669718,1169.081592809506,49.42845399615006
16.849753496816387,19.498004218705304,982.6456914734758,55.03249830810716
14.256454867872632,2.231637150874073,1177.2399312999119,61.17224702069506
21.196908063995984,2.6707096837566233,1039.201592690156,57.40323769615185
59.978832274316076,2.397095712397584,881.4291172541474,35.454499308911124
36.53390156719209,32.8018561270918,961.9273873791445,35.983415755819706
90.63818863036313,9.898445511968989,870.4456230736785,21.16593634483256
18.397332874967383,59.420639321361136,854.8917076010965,19.49674799110163
71.7634797855661,16.51606013816538,966.0069067316108,25.591790108611093
39.39385198007737,30.16213166802412,1115.3084637899728,45.11602586908163
98.18889886306229,39.76955742726754,679.7035285766461,1.2930740885474592
89.40906611209888,53.38608311270807,1015.9614859332702,7.311644264976509
81.16299818905802,30.86538611427665,939.127387487761,8.486957122428585
41.093372082659954,23.54240450084332,966.0592769504062,36.79249746524852
47.651851871179474,13.804219718382909,1003.2697628057119,36.86605997102949
97.33553142993112,7.367898102190752,1005.0754086073084,19.946160168817837
56.15737227060872,3.670262500607408,1148.2002609277215,37.14361365079168
50.638675339735094,2.20569652348453,1050.4485159180035,44.62036136751447
28.721221378973485,3.4692072975337043,934.3213565421472,49.92239434935009
86.0464750071891,32.974551454035954,1030.0597037373798,12.651642952717058
23.234934922226614,17.864554154192362,786.6104397131828,42.44458698491472
77.094982893943,1.8562932812901423,1164.3384691149704,30.27161386263973
90.73925192041366,23.208028577294524,919.7045739800037,16.409178008562346
24.27131356927597,0.9382809810578665,977.711561333115,61.79244668703982
54.309945992964714,14.897642149222767,1024.6855688632877,44.19557604191504
29.45917591706122,10.643166399159586,1028.8891531547047,41.827423580758094
41.22971396345498,0.9726372332588762,947.2868095821584,47.78145483054284
84.25596062303143,0.6805166826824887,1137.682030809916,25.33511589394088
16.13490098657978,5.533759977341022,1001.6959157281574,52.42935401099998
85.00085548351166,13.450988984560112,951.4298532591761,18.107613553267605
28.2996094196746,30.9252470874576,1110.5741676397158,39.14238793468824
27.351330335520448,2.6446169128582717,1111.588136004043,50.280217374467824
85.47875488382441,19.033276374958707,1032.5937423082162,19.049220592772016
32.484765408063055,16.68629396014661,1119.354871373264,50.94952446810692
79.14231944259552,73.61930682066378,1150.2069698504279,2.548568117435524
51.9425710368618,32.83457047378063,1049.0694598060181,28.203775243988062
64.08232622603984,23.473960717971327,1104.1115169867762,20.74278120009037
76.3365612559765,11.075709478203416,804.7783227403417,16.39112993861159
25.668290283787353,3.8716807630273924,1056.4687780855363,60.78398034534415
89.97464523212648,33.19269061851281,1149.301233386117,15.094231071745446
20.78562556107773,2.2888904490641817,963.7864041312257,55.26571376299541
66.21309366069602,87.98128394824113,1014.1788576968512,3.984889998980612
31.248742535229756,10.029619792273262,930.8254998754865,57.84104075086434
23.904128513372925,27.885294454144802,1086.7138136665847,46.65381859617555
73.32061149032708,32.18974486172254,1123.139129468903,23.582131077172434
57.45974938588777,17.51890169460963,915.9215653686965,29.79606223367988
27.6979576144335,6.1235918715423585,904.2395282577556,53.29994025573513
72.71039587862978,1.2482225193307244,704.9738859313431,24.46672640293151
86.01713241986197,40.72960315151885,1056.4474083360071,9.16620721051801
14.819953401502381,0.32715584118748525,868.2077398433335,60.60708564447576
34.711817747857545,0.7327996905047071,907.0616250329929,51.73214698118859
18.99478158612687,1.5922780070966331,1170.5817589645608,57.37360913871845
97.95679630097929,0.1507544563178595,1057.1071226403792,26.060183847927725
35.0249914692651,32.937318581283876,878.3357011744613,38.96543271205749
65.77789179546104,17.11857669544824,1129.7778414707116,28.248577384168012
83.07590465895912,21.947622846252948,1090.6565688211663,9.412740182417776
26.223708167451935,2.941021737242748,797.1847338960301,57.312964823188125
89.85291676977009,1.883295843136489,888.4082309639563,20.996634610282708
62.82668050416679,0.04644596288683429,926.553065679053,38.577090748996426
70.61388842499531,11.423585653023888,915.5555548283597,24.51294351438919
48.23378176964603,23.451212950500583,963.8502788805592,32.00098244506751
89.8972131334889,10.481592361800015,1141.6487274029428,22.227817653625912
37.39690126133317,4.47609506441317,982.6177725061456,50.41983077266142
93.06779047560332,22.26831809979524,1022.9853989404544,18.638113664482788
20.918173595651325,5.4007300885432175,926.9086034677948,52.90843756475733
43.378228360046926,8.760417417933521,1133.4410073268564,51.656447262930996
50.88267687559158,16.27413696823363,809.8557475041265,36.2909289412799
68.08449703860859,1.0099446379340624,955.6588085780941,41.82991889572111
62.45841793976297,1.935190990726291,900.0465867013475,42.92014216791412
91.19058900567828,0.19729642691438104,946.7989239844901,22.34943248696258
98.65669822455641,33.077086511041166,951.7986325703407,3.975363316331538
59.001139133713515,0.647659133564023,1061.4323409951846,39.259233317469906
10.368029894915026,0.7155499031940532,1077.8261928737381,63.3687284141559
16.546202856871588,25.369491509963456,1038.5039193697207,51.31368147242866
13.270477024717726,2.7304491872558594,812.6474257291673,53.661507804267785
63.817877001556184,4.215473813467001,1001.1631447856007,37.04385917511405
63.166327899799626,5.154059646495601,930.3120720511603,29.098407742180964
41.569174328265255,6.9165127211497985,1103.4098035235825,53.97983259352568
48.530095435422254,30.121461287406987,1044.6919129378482,28.18875665805
31.17378816785582,2.1671736329581393,1115.4844152407093,51.284559977867026
41.35064022112073,28.677018480754448,805.0460151173819,39.516465829821044
80.79005389061801,18.129074320598455,1115.483568296789,16.573144369244517
99.60797000596484,3.420935749195003,1061.1688387241445,12.483687057688988
57.85121209693626,33.73171197563639,931.3997053626496,15.423464109806785
47.99280650408218,22.811963397177305,941.9419120964947,34.89828091296844
69.15918692598294,43.54913438474857,1340.6285933181684,23.920126741282054
37.07503066302891,133.97808439304504,1092.1862720600607,0.0
82.05058835869512,13.303413690941673,1069.4944698069655,24.612732263128567
21.14840232127134,4.168799548428225,902.1475754555427,62.07751192033669
46.73254153262201,9.272516000943366,1060.5599226872612,37.15142077230099
79.96798759831114,9.15301773855896,1004.3636923122153,20.029080917428587
53.85396441601765,10.235267473559427,1147.46353843332,43.7954221154152
55.83138823920125,5.578660255847491,1045.558763037251,44.519662585977976
35.55582815810419,7.5196759995534475,932.3098020192011,57.39824164790146
90.45081036074912,3.9364420001227542,978.2627891468838,23.009576688695397
28.91094896795199,21.515595777280115,1160.5150592948758,50.20849668032953
59.86839990949162,23.284596990538347,1120.2435612355223,34.08675909456022
12.58924675102114,7.8193298802352915,1044.857108677228,52.09474219352316
12.948622118344568,6.1944671049517686,871.4534417691259,58.002485216372186
52.48379886221497,9.364611834871047,1074.5956421654191,32.701981307577555
88.56242139745918,7.5019792851103215,855.3107104078445,22.709920328160475
81.07743895001407,1.4274954909555475,1152.1404300375218,41.42078855736153
49.92612725156242,4.786941142687084,911.93728977277,43.842414762133686
68.28054167871653,7.723554847720421,1002.3165768602832,39.81685824700979
63.08297943925952,23.068328627428762,802.6005295727239,22.91548628338157
98.29558442259537,32.240773015957,1153.430155868147,1.745191750972121
52.38419227584812,15.356119652105239,950.3733661076501,37.27318789560349
18.14918221073131,1.1955996475851043,949.1204522962001,60.58395024805102
49.40261583814132,0.17559612369497082,955.7848546590046,44.23442603543023
45.71519107236205,2.441764613086476,864.5326315324435,44.27268336213943
93.27075237706778,13.352244318945651,1026.8467776500029,12.315986526967208
74.86764408174908,4.2339989773835365,912.5999187061049,22.265012368252258
67.99056455050359,0.1543428123959004,1022.7677793501867,37.15761289968854
46.42803965522448,6.150249303574243,1071.5047222502576,42.917870962178576
52.22323106977201,2.0426721378221515,1051.4247660797282,42.82931821998738
10.430605406662421,37.3735061147914,1142.540728889155,44.764068752694314
39.548979819129514,2.8588559100184106,944.2894252599114,46.962155264144585
39.93387461815748,0.279454745364384,942.7872293206417,47.907074717062216
42.777012241259754,141.69949891395473,943.0390443658114,8.203639656796994
96.05256558268265,34.22035467438302,1119.4136885391756,5.108172629685391
40.17410881388215,3.2388777405157363,969.7635971892352,48.48957016716363
20.968503506527224,15.128926984056491,1051.4417232513654,49.84635760017562
97.40827947036242,13.138838937904945,1071.6866689438168,14.342013806850803
71.9621581086592,16.71172247773274,959.8986540516569,27.62419358820698
18.476609025071674,8.71740219404199,896.3583641456053,55.629451051810555
59.285256022273536,11.348116337605761,1190.1192989972435,36.38620180550849
59.02074350764279,24.4485813768176,1115.331715339699,31.01735229664514
70.47793497972167,6.997362300310362,1005.2958958759936,20.402203424124618
95.9063871587161,10.585621886228019,1053.5753027317542,16.373136331404627
33.06939354190826,10.643673056526046,1074.18676710807,48.935378148462
93.13253394850503,4.285948860324309,1010.0430087051806,18.342427432846705
17.407644391023304,15.907313493374856,1008.9045880916582,57.095505576238025
87.01988737427097,30.654036238362533,913.9833948171756,10.720680247339264
37.02710145356616,3.414767030982283,854.1158620992683,43.988933547649765
72.29080091300666,9.51722795995852,891.7561290860187,33.75361110100128
52.34517587972734,3.172687449173669,1046.223405092127,38.72269288416418
43.824354470731784,3.884557660752204,1070.135413140543,48.19646526119899
41.02195747163408,41.96185266522738,931.7612023120726,29.94263841070827
76.38530871221877,13.281561073926323,1017.9653302619072,31.908095401387293
14.23410466644427,2.5627396009109833,1133.1888489747157,66.51167054398525
88.3041031748791,49.21697599894666,963.7951800080165,0.9239143799927267
24.811149470842082,4.940618378474063,929.1863526104943,56.70656230974032
25.37254499652797,25.267165718185296,958.7401618573933,46.66779299661632
16.347344417412614,25.64332485014356,1090.4636937781922,46.62487126630702
54.283516463689075,3.8072118842863207,1109.9362856826792,28.496755898620346
60.745314260920274,5.192561783666517,1097.3292248650682,41.942630201769646
53.098356099203606,18.69976809122411,1135.4715831869958,44.1358180050013
43.09282755295132,18.011379101495343,852.6097594574106,32.42984778914203
84.06742740234235,4.13575864960976,1114.365878891557,19.641655504856196
54.14267323850782,27.529196491379874,884.4656940361564,31.20510073241549
46.88272549484136,12.222744358799044,1089.328851581455,40.10165004114317
11.42401569727035,1.901549466017208,1002.2170283275849,58.84096129186038
44.524173193736395,3.0875524856502103,953.0252213548737,51.214794772426984
57.636464008953865,4.917410912600893,1143.5594591939275,40.934339831933755
66.16514567182351,11.536037404881263,1046.1381634700144,38.28373586988003
34.38511224736872,15.353694832815549,1104.3522819056188,45.88105205644279
87.3703925518978,18.845632140811333,1069.1687598501892,21.601284123273924
65.17929425370757,9.536648979817224,961.9720291288695,34.3487845932511
41.99612861367187,2.295647080357669,1064.2518004652768,51.94992563984636
13.649462755151722,12.813612203051989,1188.3116640587723,57.953063628687985
73.81096449621471,0.7373594794702858,1025.8373931763956,35.75094971006899
16.224542281429706,10.869178967419003,970.7490854981203,59.093345195035916
84.42238004545575,24.150643476424534,1080.3934654398527,23.615792373793226
78.92583907152797,35.33933700852079,1025.2689045599848,13.82644148899656
42.97180188025409,8.784896265208832,1099.8412939796624,40.799594853851524
91.73985496409543,7.24808951747135,986.5337079132518,20.52050821465118
29.54843634549665,23.372618795133445,1134.0542254633122,48.39691788840888
85.2195545870609,4.794027955842826,1022.345367859607,28.065660500877225
13.686281177810493,2.808442653916163,993.0350478871313,61.49334688822647
77.00904163081543,12.561516570276655,1070.815305616709,23.579945641987667
82.34759876952138,1.893712394954973,877.4761498266218,28.05501851656374
64.00319858921496,39.64040070389007,885.6396710851064,10.554743540507564
71.39455731345933,6.512060509450201,1035.9979472009436,28.377450079606014
16.909195223998754,9.005008776516569,1020.5053752796866,61.54782191291514
26.401450819509947,55.60735657065373,965.2667151773987,25.56994207132352
50.998540259874815,57.67485366051233,1052.0130315234296,19.61777963291175
59.00458186634909,1.7217368346856958,987.433169565456,48.43182290863387
62.49248079613144,29.18792382178692,1129.459995001195,20.366802977797512
71.65105551346895,4.442071161870139,888.128769370647,25.324932992827723
20.713109592875274,11.284285396373447,917.3649814788613,52.28337154049259
57.85726330838882,28.01926482474352,1000.2963869048803,24.31376917123888
58.80686921724885,9.517452520393935,938.3283881748018,41.92136014215407
26.092816520406473,3.513444566930437,976.1641866387215,53.830034581087894
28.182236711094916,12.038817191548484,861.1843867324052,49.79048167858696
66.7917237772148,13.699381427481303,1090.8684068892965,30.332588729576635
31.151625814693922,36.16622902128418,1061.0416275638738,29.795392365148583
56.81034668056334,8.343843235789155,947.7954048840849,25.692382606197516
79.49345835768452,13.56962733878332,1257.7918215216828,24.63725376893562
78.93480790955259,1.4632241516116313,1052.493120048644,30.186219941733412
53.7642188917046,14.363437791805055,1156.387019403097,34.14839590370738
82.58147660966547,9.67192994352607,1013.7600824997178,27.580774018710844
17.344959902214654,2.4909183302466156,1126.537100930183,60.79599544304969
19.659790709640493,4.0084154252892015,997.5246012432166,55.27503202391185
20.198088508895076,59.161738076189536,1058.8604133353497,28.973653873797534
12.459508429185266,19.745481899094834,920.3218548495219,49.61105902916725
72.79230357638089,12.891182201337879,1099.4828818564063,29.934895854840853
37.88806710706844,5.653106779473326,958.0664696007207,58.30753059787232
39.398305646238406,22.620575555383624,972.9727805359187,41.674188464759546
34.545723311394894,1.6594642871417644,1135.3096477484771,54.62723506268686
78.35500885166569,23.47143512287227,1130.2386550927886,29.857598763798748
45.00431383383561,18.079374590277595,978.2377294974763,43.99993069703015
16.114096761530703,13.250497780605501,1082.8490655180897,59.11848767875855
65.34660824317817,2.734657902350808,1035.538161033948,35.245897825233534
84.26377130264804,8.747536875786786,1023.8511800064202,22.45978606862142
87.52524741013818,7.198462166898314,1252.9438485001685,14.154951073668808
46.789694447853705,7.135280973000395,1113.087484298649,41.19373745730411
48.88546662548784,20.32981958537634,914.9268660942009,31.19231701984934
60.34833664751351,25.54621604711422,1073.6400001154582,34.483148243124475
94.17376715226725,0.258573546581927,871.92015956259,17.3243146585933
77.82092067854992,0.9257733823689026,918.3879504315628,27.212195835821273
34.63712656639039,13.07644086258516,1084.9692579166451,53.3061964055691
60.702319474937816,5.477995413903754,907.6192505122398,42.081784103368854
77.47308956287128,8.551843573648686,962.0667514186007,25.572648968493805
61.07617908577283,15.264093707729957,1125.192256040889,33.77414068867713
63.89810121092249,16.270122844703586,1113.31146316785,36.1070514359929
46.740500077421935,13.532757819418032,1055.2034120694304,43.302325272712864
95.02211416001003,23.287509876556978,968.0201264519308,10.17498851413173
34.690148209725905,6.226242293060681,1010.6799970184708,58.11724622827638
27.53125517302991,39.986259807025576,1050.8104376123285,31.330963747254703
20.888088537320314,4.0150119342346615,1002.1639188070654,55.315202851942885
22.717505617787964,7.499756640199381,773.6515443521876,36.84669888766057
16.986621580512054,12.800509735246663,736.0804659959873,46.42850108408145
28.973244041996267,0.16458225783761318,1082.637164813368,67.59642633974376
93.05349132206709,2.264179073708672,1004.2780966471869,25.61429073632495
31.193084455851622,7.138547126168085,940.1482783777333,44.90010185019003
58.32177323684968,0.8314482652669873,1183.8509178833085,40.56718922057538
97.3470887291248,23.74758774897512,821.4845333024043,10.219918604787207
92.39254582370216,7.618740744479011,1065.8891114355933,18.97327101777339
80.82214264176788,1.5828841687626516,1173.619229773814,29.550641539863854
40.55578443844051,12.872408560983594,973.6019879460964,36.954423666188084
69.8393795797835,32.460068550986946,968.9169890185519,16.84246936642402
71.95628194198744,21.107715167212852,824.6794908909187,14.056193564522891
41.05041599920291,0.6473102539222363,1072.2743187902006,62.90027953622054
61.02439594731795,44.83112889914989,1031.3535425031794,24.182780708400003
15.432096841065253,3.205091600133814,1016.2756864613833,61.89245214942727
96.62919979130524,4.506740943199989,908.0710768567283,14.72826510671648
17.920918019128592,0.27029103151984796,885.3765252327751,63.256983280476994
23.418358183538043,8.622024655876322,1169.3133126113876,66.79295965353671
61.612292088907445,9.829406015833943,1111.7715075555318,33.273299738375094
10.733328326847985,3.7680561265064805,1047.628762279948,60.621250730687734
22.543978424739805,9.758558220694137,893.8374019722119,54.690217314235845
43.94674997500208,30.717616926544277,1005.5109833443543,31.66535217862937
63.32622535991904,13.770283661629174,936.1381879731925,29.888689757376397
73.29476659769406,8.537099233394901,1006.6616632152918,24.248920704707636
28.80924058749218,17.103961550833557,1017.07211189186,55.69454209745083
47.36306868413291,10.730674725138003,1049.1601459820054,41.24513522973657
61.14686046582006,10.534486495747958,915.6663811767114,35.48164579841687
66.08386761023372,2.118919408131035,1208.140033930088,44.58838554616133
72.4597705056938,16.116391190220902,957.8666303384113,21.416196637678112
97.04436145365352,36.149237199549695,972.4293107953092,4.86406777469943
81.43597355532118,10.927322311478186,880.8788616939921,28.71199042303356
60.540417905748036,8.848380235955682,1095.588600950397,28.10804253359686
83.14486299032279,3.170258552543302,979.234972492051,22.414985891163308
50.299976579114,2.5962141232318285,1028.1984190118567,46.1800119219917
54.628228942707146,60.13442034476348,1022.872401874231,17.19587790844352
88.69281994474417,9.05957086433563,1110.031710840249,31.985660834978997
52.07869752317015,5.362388088665297,1170.448832273728,39.46486074894588
64.08076904321624,26.779451797407216,990.1136012226509,29.71860612471977
95.80917684119346,5.943212210045413,1007.722801046465,19.6773805368477
98.12493305270077,39.38894333754152,1063.9280007672382,0.3663457148507776
80.87793110135277,4.119453839456126,838.1383046449703,25.791867311923934
19.166118104158357,25.348422748465435,904.3939393214043,52.23158994076413
15.46059754247215,5.048106582022849,876.6026646945455,57.11578397796334
22.600131435247437,16.04015650891165,1016.3939240131413,49.4688581474635
98.21036856647557,10.596051665214889,982.2560731837845,16.454266573674733
19.459407483704815,21.824135883869815,1071.9953100173425,54.450211278377225
45.4620844664578,40.505907052816205,968.8541168836721,27.055075263082713
32.293168741946275,11.022957723594333,1127.6491825693338,52.983090324087954
70.92865358815408,21.07516631954894,1054.565485465656,18.63058288063142
60.23163466452181,9.56418636291097,1195.5588816721126,34.375516181960585
53.879983280819616,17.42752466338148,879.8757189703744,28.567243901424515
11.557409802551861,48.81645036154142,806.1381430333407,32.68420505994089
62.26036198093474,26.516756100789447,875.5990419222272,12.480201980034938
20.324261432338815,4.5850498323993705,1151.0129653488098,66.21047303400516
81.61314688589677,25.83443105962261,1052.3281759152221,27.62763754890208
71.77184813432345,6.293065012217284,1058.274319148881,33.53333185401642
71.43601879402716,13.256440592228332,989.8970412032469,32.14012721725571
54.17375445566098,20.02180988713802,992.3011147488041,27.35160697829065
32.67192573575524,15.484693480073972,1012.3987399633509,48.76443080058585
61.14331932678299,21.136043915353714,971.8795129595749,27.590125328623255
36.49569016857731,52.37723357780748,1102.19279975212,32.50927162276938
98.13072015851624,14.992555359659574,994.6968426244096,17.874074273653815
22.403042665672924,18.633181254115087,1028.0934860977093,59.07049486303442
64.46034039783424,15.328602215841045,934.6279307846536,26.7800800016688
61.80320727986016,20.50929945781327,985.4078261541102,32.67496675446334
15.219849163022985,1.8086375575580624,1106.9802514419828,62.85145752679871
24.15424356923614,4.881199237658891,1061.7117839457233,54.45662081475518
75.30303156289747,27.36690437931295,986.3135006874004,16.973462321513118
24.480386791275027,13.750785917391607,927.3383038933846,44.360184940312614
69.62204372474795,11.026494829074954,925.866057207324,18.21660779663847
94.51993688694199,15.478291525386648,994.8786059464259,10.089191717150822
57.8090897966808,15.508785813290535,1088.0681678669966,34.12436823454719
71.54393206004526,12.520865477516626,907.8134903542186,22.41137416130922
58.82855991871272,2.693109147997437,1139.0623347659582,43.9780277883633
89.30759394554187,42.762506540358906,1024.4685481604358,9.161474969777005
33.637845654432674,7.579417030940679,964.5391860080952,45.098309130347985
54.204294464245855,19.860398179129465,994.9050752349148,40.87887661501292
91.02150768964881,0.2046153710581987,1050.000367891348,22.522942439238534
29.486375583428096,26.44359138682784,901.0027710314391,33.53916230110238
93.17422567488296,10.06136517570999,906.2806847640845,20.375774897514106
17.335967759232272,7.500901387857405,1109.1248691217454,58.376026675485285
10.561736540202837,8.039771089459771,942.9333747356702,56.58617353602545
25.293338605856242,10.863715640724322,768.3236839262443,49.526245287775
17.313213783383294,27.163860433242576,1048.7462680201047,44.26915810906818
74.70999540553517,3.274709020964589,1189.1955429910417,33.21020299269408
24.028052231641624,10.386764182309143,916.0824397955541,44.015512643787496
87.7995444035207,25.874653244728393,1033.2622824362509,21.74106893575701
81.38016753943502,3.868379246203645,944.4667783493063,28.929578879950686
71.8280186587011,7.6259806720818855,980.9176521899896,33.99611191479878
17.30579107867539,3.5939145001730624,960.5961994924662,57.17453557690768
94.2786449605293,2.2134645337736925,895.6911895863005,21.386709873123145
59.73580970484651,13.37183322252178,954.9229746215767,34.80020045301376
57.50159443798347,0.3301437200052166,990.1258020608805,28.5056604342537
41.45213624433011,47.86018953145553,946.2597520724242,28.721595406424036
52.67345157902153,2.715905854796501,1051.6012638849368,48.13245121670667
84.86412825619567,1.525310690021117,1128.0201620157493,34.8679063610988
78.93418662277732,39.33624334564083,1034.6599518848877,13.293912303751252
41.6532903946991,66.80837858494998,1122.2543063188014,18.907115466680015
78.9460650023011,32.29031688096113,830.5788037758668,15.211389816222358
32.51127200260051,12.496223289082655,997.4908607233247,53.48133945545068
67.5458194254121,19.558555172468186,1094.019100222685,27.2627173576747
16.75889856516902,16.37679078123532,1058.3517110819544,59.73177237489066
71.06060061034648,7.965823146633426,951.2182448208304,26.45816626269208
67.84755350663957,2.4969659930016896,1030.3375502269407,34.11014765820846
56.67589832209936,6.825605996523919,1244.367557259787,39.75891152259078
73.91824691114687,12.875704298445907,1003.3169858738387,27.54961919135766
75.82109926756544,12.13083293241486,967.9522208124287,19.22453369580215
47.98238262856644,10.92691287859398,1174.087568421863,41.797879159249604
90.48829022091192,8.827669683984059,958.5125983058721,19.97190367839205
12.677129647150757,19.719541603823227,1208.591294151173,60.77947864518101
45.393941213421975,34.600374725705755,1036.7102155587868,44.065638932863905
18.58123404938079,0.641327863961712,921.3257588228619,56.59087958539335
61.0342063450371,7.304275081824328,1033.6385766940382,42.526035139722914
95.82039120847783,35.98826643751121,929.4848880271129,3.602312939192324
63.0503422767351,19.481560376918285,925.589624669485,29.318389390810932
78.72984216426205,22.94457676752782,1008.4512553703876,19.95279132875029
43.26899763236759,6.4091599485661765,990.0638125087906,46.50338809189635
44.83771353426954,2.5611136909940737,1098.1487330077173,49.10276095327477
75.1336424022466,7.3929122610193625,925.775599171078,23.61136638601788
22.27370057598297,15.017843374233598,963.900809345524,60.87528019478347
19.524436334698077,7.614505170844971,932.214662434088,56.75728425616968
48.573925314999634,8.479066666541302,974.171380252538,35.120719061781976
58.24211834443031,9.599093065857012,1149.842091296058,34.523661669405605
53.05053282463581,19.812981702842194,1082.9012070811934,45.385593018834314
21.749949911327377,17.869706551433723,976.2567876647367,50.51654512932652
50.559422162146376,9.826471759600164,1077.103799999551,40.21682040111145
43.992510051670656,17.728039458551958,1088.7631293048066,42.39132420391654
38.172629575330404,11.949678611622339,1058.5129391338082,53.84052624742933
26.548819260962457,18.825810582314453,919.6911498483528,44.044482738811396
39.3116229655667,2.2639217706163515,863.0259573643059,38.52904973473635
70.3637582560998,25.9400095386343,1004.419593304474,23.654367348503726
44.011714562619886,2.0379743394884717,1082.7224407848703,51.63983044562054
19.11058133803556,28.455503208415905,978.0787112534634,54.666592923347714
54.97505297189849,25.571892934368947,987.9180379432056,31.45303302301191
13.777398161898436,9.27163755308896,818.6951350140164,51.09439509190753
27.17580833553037,0.6816792494626085,1076.6461269784813,60.27379947342926
10.827620585118037,30.26308757814119,984.1353799446252,40.12828626525822
98.39440635597268,4.169824354399844,1065.119990855134,13.364855035671923
50.07150863941899,20.928739926905994,1127.0253874190394,25.62160591951407
19.3749142710019,9.398995760978897,1090.2335526482964,58.926291016193524
55.590963685013556,1.3663001412628997,834.4746595771793,36.613254301084204
29.02566096751011,7.6041357200563,1166.8729685606716,58.850720511882486
73.86876592242996,82.50676578744131,1105.2233422539693,2.2436387810378995
38.13395289743927,21.40176552872089,1127.5753380277145,45.51995833603254
30.15609746660363,0.3190083472096728,1047.8363498693418,63.68696813487945
41.12440066704353,0.14694645843535048,861.1703104785653,50.066888281674814
36.78190363620434,1.4090855971011602,1114.0013110207412,44.83734316351379
26.23357446006239,2.8684158255403305,1022.8395362414776,47.8195316662152
48.537755379717794,13.258830133997675,1039.3453879907693,37.675335993294986
99.686902226573,7.7402167699611395,1127.0791994385554,12.484920485949436
35.81508175740543,20.943558443359205,747.9880423945721,37.507444140847106
25.778427871152687,6.1975066769937674,1063.610568016873,57.894152243059814
17.316079872349512,41.00859945497126,960.6174351405361,41.57625222152927
99.52338794524495,11.30248030018515,1046.9375969721805,14.796089179805564
24.52391984234639,8.192159160519962,928.4917674877131,57.57766481058894
77.87162227143135,0.7373425078959721,891.0014232801758,24.896474659285683
84.89208495802893,40.09219954424584,853.8156966416242,0.0
16.021367321470027,30.024807482075467,1129.558353260181,48.02737192744999
92.29898758641784,0.6244572880274826,1049.4218262173895,27.556919313463087
57.83270254484143,5.976270057056086,898.6191526421542,35.79036222046692
20.36265347477847,3.4598403748979227,995.8771990248634,57.133262441741195
73.29318943760235,26.124047737089995,946.5528979130969,31.322627351456433
97.59671254334391,1.848713232226931,999.6678954194009,26.570718587193944
50.60846434163422,7.869989830892386,880.2606371320372,26.735967437872848
47.374293617121694,3.9788440613543794,874.5987427799727,38.44120371095214
64.49329360432333,11.091823763107758,1030.645405904477,30.73610561962376
94.40464267245518,40.40991019633579,805.6191978911415,0.0
96.52776338049127,1.1053511861169067,899.153804759769,25.645619342233275
21.283358581232534,14.66544438375021,1046.5779094754182,46.828206814446695
35.93124985559471,0.2628154848745504,986.0905399337383,53.00862099973169
83.95848986800114,15.645952226617666,1090.0517189446903,16.327686631574643
19.803807828777913,0.621181687457638,1216.2723534709112,61.09003862377174
85.81507719439823,0.20001420266780334,907.0428230406565,26.326111592807894
78.28436318933,4.852220842837449,1137.2167482429224,33.4660702434903
61.699847685298806,52.884748337768855,1136.0646982378216,11.958086961534658
44.85780578975834,0.4741086665231713,1089.9781848723208,51.37254214708585
47.20463795557624,8.050498584612711,1045.313055127285,42.55042632319958
52.17238645678105,8.916211104799613,1027.790037333622,49.428670689638594
12.12880508605969,3.1102717332038257,986.9458575231203,71.35821731059121
81.93154337923994,11.331725353871729,825.8764754160579,31.65065508960144
62.60119481232252,10.805887090815189,1128.8881698831615,36.174975417862456
39.539189198061294,17.433883070648562,1093.9690577712938,39.144891938839784
36.1393606540602,1.9584015852892176,941.6226182222115,49.537786060120226
72.9736546753304,6.527727876609866,883.5820546300888,29.758822921853774
12.937156907116426,3.8250076740445342,938.9365164397824,53.09073066968627
27.435963080099242,8.450924869422606,1130.2103511136072,51.74738811092213
82.92954619209762,3.6371705459323347,891.9320633945296,20.69884034990795
39.9718852081003,10.496055089737604,926.790834112139,38.45175911026122
36.56584725883857,16.127246004349097,1016.1599555318542,44.24754293009709
86.9113091425094,12.678007114699168,874.2158657007627,15.027027730237775
69.39155096246489,4.397189433463655,1088.6169493272655,33.591537982352605
21.97735807815992,35.229801302845445,865.0640871598688,35.71218576367001
17.84837595145549,10.688022165318527,1085.8897723899463,60.463589449806115
56.936942806786895,24.848709664979978,855.5596507701496,28.17263051582238
74.20361463422128,17.628140045929673,936.2312426680476,31.755797681045827
52.502119125043464,15.395036380928559,990.0079133538583,33.598486886331784
36.95123593412197,21.62298266988935,894.510090183702,35.63227116996373
31.01915377241472,0.30510298155690463,1090.5735509287738,49.922512118077975
50.00966974113744,5.149151761841531,1045.408057318015,38.80213316013531
53.17493672263315,43.10498960268918,1040.4872509782888,20.991393476188346
60.77163530496937,10.44182841969137,1052.5963607781794,33.938311048238695
98.8889266517676,26.39146298238922,1232.1407522284248,6.060638860920356
51.68919811115353,6.800165191077271,1118.9553869352287,39.7975588363398
99.21355873905772,2.082777515180687,919.8060361692754,7.787035804529184
79.27753621484149,2.275784648300716,823.705239322284,25.533412041249044
60.8189357054672,25.192084901454166,1069.2632435979965,19.3605275067967
98.70664450869938,66.50790791966809,922.4787428334488,1.6818351598828938
46.047900125178494,18.713163416481148,1134.021239496294,43.57128984571811
49.98523118180369,7.4701456777262685,979.0326329810368,33.23854198921196
41.77709636279129,10.22469684914206,1021.008910702075,38.14933666460777
49.22046619517063,0.9755419120112436,1023.6014758870449,45.79283806648312
99.69029749155732,12.37785037921547,1040.7049735725361,10.024655413950773
60.75051956640369,8.799761632983428,1168.2579456245312,36.16727693415978
21.81208502656879,12.009123669752345,849.4600096087958,47.127130942461164
36.20270960305407,3.1390373435653744,1115.3906237968272,50.88287828276918
46.45202815237693,2.9627277964371093,887.1339499417805,33.5980356035426
46.96358104397096,26.69935985464803,810.2702182205135,36.01011518815781
44.91133830766904,32.027719387140074,1104.4770509735595,31.907741672487816
41.090982704588505,4.6044129786073995,996.2510062496256,52.20943987189223
74.46239606168592,10.449054126530156,1091.8654760256054,30.04249684455532
91.0919997413731,10.130198387785205,1112.0202232142972,17.39978751274564
94.52502680929709,19.80520731818371,1076.8436617875286,11.894003803899441
38.49116412229583,4.533947728383823,1254.2901893315013,42.13667856984718
98.79602252329626,24.687007901109332,900.8551424068003,17.890328236810532
74.64194607801848,27.957072717198486,1045.899385405599,20.988767939982363
87.80204111837641,1.5263220292498705,861.4219536453065,17.314967619874082
57.18414621634711,7.9872530983180035,950.3005362875776,44.20950692354701
40.40034707776663,1.7519518778803729,940.3752468763065,46.15237907496842
84.81001376939642,2.2520752679313167,1074.46656869894,23.901173708517746
34.84635527811185,29.388850801108987,1020.5666280840184,44.44507289664925
81.53895198879691,10.015392956396678,1130.8041217899593,25.490931130147683
49.6790861584806,28.330711552420485,1177.7941132093392,26.017413581715882
37.87872586920722,0.8426932529723195,984.2817350262967,52.85965098288008
90.42197195898797,43.27390845821603,1019.4187210444975,7.509090255121874
93.29306575534142,7.598475118433062,994.5314311931642,15.192546157095979
94.14474752651843,3.7682025681611204,1173.8888816075792,19.20039570734732
69.92642298906654,23.24732757186552,981.0622034726904,23.967077636085936
56.1497246264816,5.479694019735212,886.5993460035345,27.873963914269943
86.6726477028581,3.0507904303497946,1052.9329459350686,22.364611856152155
75.63612045554781,53.532901993670926,912.6312351896106,5.52874365418231
59.12973126764427,15.066777125190745,1076.6377794452194,27.377712831955627
44.42084766668643,17.058003363895,1041.3255345994405,49.34409659503018
88.22527832718147,23.0293088137008,1082.0226063766424,16.272528743912176
77.56703340529495,0.3854245528881213,795.3772062218884,30.907398572857993
19.423169252878814,14.60826287740002,960.6866623832007,47.71308654981088
26.181979392629167,19.86039216563925,848.0594234073277,46.66400918128487
19.361302148164793,6.085629025921468,1030.0796667522268,62.11010439807303
39.99554439472344,5.304472801986051,1068.9038661491704,45.35363075834421
29.77200930699125,13.245974204290833,1107.4802230241137,57.15720138464735
20.897805966753474,10.822669642500419,1012.994777222622,48.81164197045727
44.55101558446266,4.433802428559025,1020.6962207664812,44.60499309704136
69.7687182778059,8.591234889883472,1126.7201664260108,33.6407107172381
22.78156682977699,8.727243275935345,1093.879072180031,61.31680150129945
85.07135173002928,40.21864834051819,879.859388494019,12.455859298384508
84.9230807473375,8.058366832490243,1077.613938346441,25.885057156627703
33.45970000808114,3.117801863634677,1115.959651378201,59.83203628023501
34.075390563107916,8.357920193286253,1141.0924669407198,53.24471877678835
43.10853546801513,13.873922770871769,942.6387170874659,44.09251373348309
76.62124891051546,13.064655249593052,946.0710130177636,28.704724757138383
72.9736737452042,0.1499071666303441,947.6832688969602,26.683976066494488
59.699883992909534,13.616390420472834,947.0808182711353,33.364954859620774
35.66320394599123,3.7421105317023335,1046.6324756727333,59.86926715868211
12.38263095814396,1.4047469905524734,1005.2654685543861,68.32552943852122
42.59097392542674,0.3728691636616441,976.9693705770649,57.13488761616447
55.604349864870876,7.627177833233806,1080.2991921837483,40.21605708275811
87.36344781741246,82.137520293838,1033.4328068789894,0.0
87.66504472929414,1.092260700237862,1169.0523201320461,26.134949431055364
72.63139612751897,1.3368235146074936,1088.5873400097362,26.32367761077587
58.017641117179295,50.30864043712946,1000.9715809144478,11.545864271015484
45.743916831265196,49.10707169852582,918.225857808495,24.585771024920103
87.15680391022298,1.811002505738304,913.6365009686205,24.953850164917572
29.461364750877788,33.534464630568806,1083.4811688460181,48.30055727128489
62.74085003524162,69.47199918511284,1167.678045862307,3.6352735415356507
30.38027359794292,30.133595862327,1054.6955053249005,37.58268259714952
12.204716113384123,3.7779483690055544,1214.6610732779307,58.06565856956952
22.615945198461468,17.755258644820294,740.4821767906174,46.75164564922062
50.874143689774215,6.574397633005779,953.0549717310038,46.306568730158816
86.19572616244322,81.72379800287533,950.6585638499911,0.0
42.0396507466476,11.79217146533039,993.223232636173,45.95913375673988
62.43918741035027,5.341946556092263,1007.4577597326964,37.28443442119248
27.835460807891938,8.078639713943968,1126.1201756210046,47.63018114638593
63.12147937501707,3.0078626480159087,950.3053052184365,24.8644302934216
16.936000674419724,0.6853512132672234,866.2901438921696,62.04951439593099
32.322571122329464,31.121070443209916,1032.3385637730862,32.824406180425484
13.186688988969356,28.387850789106146,906.4067480351023,47.72474863093398
58.87496750328168,17.15841449200918,1111.3094930744473,21.27167683460122
51.96989248430103,3.6398214759983216,1080.5604653745424,47.48490803906182
51.201202335096596,44.372347693985525,944.5264294266443,19.908384767849725
56.09962652904437,5.774868180472893,918.3514147672729,29.179905479168845
76.9472778255289,3.4793322436553273,1082.0290546836545,25.805321747615295
28.70786876406276,17.955139883915024,896.4235686646713,42.30559460710241
27.372305778950828,0.9638742084776113,848.5698486640048,49.05154403043108
43.21354232704581,6.461080386166753,1127.3850642312589,46.78387901853529
31.775490967586503,18.731096312875003,955.2755619589564,46.02870864461231
14.951808002483881,7.737494223450395,1088.2436462962505,52.915996445236935
92.17624074773632,9.220820842875582,770.4429090795606,10.83146034416935
33.549087456691645,15.27177333168399,933.0939715818615,43.37251482974138
16.302851894922593,8.985140376449866,1096.7378532944092,63.0644426447342
99.2086432331094,5.648428391483404,1015.3775647645579,18.88567196622894
28.020862216175033,24.09097932964145,893.046818096537,44.773032676851344
66.2938542030715,5.265264275125244,1000.470098366036,38.21903047936342
26.073599346146153,0.6431052029683725,941.9917079735744,53.11858180185427
49.521836783053764,32.89408350691123,1130.7855742604038,35.17832214707517
90.36521287226748,28.440279471507466,886.8907143397578,9.400340332569154
48.28919584018319,8.982642923124489,1023.3615180543128,36.5988588667514
90.0148156811228,9.266854043513074,997.9843071461428,22.384748060177078
42.77890856065123,5.952614990406795,887.6470392731376,47.134790617837865
37.24937540671843,8.01122728701317,939.3094148698088,51.44383268733608
45.1949458231986,21.453017126262125,1081.1410807566253,33.719869601308275
27.937383416555207,3.827621706386773,907.7272403042332,49.96674901030744
19.668136326377684,3.7393070974900993,1069.6895390046689,55.37214695202111
72.66052843136461,5.932892716045253,1044.8296087894432,35.512883273343554
58.298561655209085,15.935493708376322,972.4046380742402,30.66182850344926
78.6043683593256,1.1251091819278554,928.1286965919946,22.842975505197995
31.17411773937946,2.722878031538943,953.0402435536042,57.55535583107259
68.43746053860673,29.989893048310485,1012.2213068604245,18.227751465424987
15.406134981549933,6.109328040846485,960.675996207918,64.94988008257698
38.29239078605076,0.08923059161896445,1110.8816618603712,46.539890716068
94.48033684497817,19.255051241227083,1013.7635709526023,17.888597887561374
70.15819947100928,6.118021506891991,978.9257585674391,30.959448891966073
90.43105810382988,7.4920058773670135,933.3618867018539,19.325739882056766
44.8489995511882,9.945918074430201,1010.1722882619263,44.91783238617725
16.887600444878412,0.5408228814968613,897.2172703419335,64.95038141664983
12.183810001091473,29.11131049155389,980.9979884809966,50.06918065164692
53.330468066492706,16.798909268524984,947.1986716446656,30.640434986230353
72.12560196398094,8.36160744997609,871.169483567473,19.361146499626486
73.46700472879377,3.905489276376467,944.9715429664842,28.470720659121863
18.544397174149527,8.570249280043457,1124.816997501079,55.26162459141103
75.97391579715347,51.553552579864984,1076.1933683169339,5.560556700494292
74.58130557915929,10.390580626004821,987.9716593427873,28.803302706626084
35.47514907358903,0.8189027314306558,973.5530892394238,43.5490204771011
43.945159213658904,28.501535841154137,1048.375359705411,41.0816266058289
70.49704062770837,13.478097449746778,1220.998108359361,36.06297273035123
15.94706399768701,2.164192155273371,1014.0894671784009,57.38639939645629
30.979468522352022,3.4950664806105194,1037.673693667733,55.606015789203965
12.159143002488786,6.589991951969533,1223.5416044603442,62.828349480420506
87.5567151923998,11.880221526356717,1208.0521186661413,24.281436422966927
39.019738446679646,2.8312391658804428,1016.5595479624029,49.122243524692806
87.43876387354052,44.84442610960497,1082.753440075554,6.75597615092031
99.1396701115754,0.7026173066512801,1045.8998331854739,17.5795588846359
30.686604470153867,5.223651476366614,1071.6533214221515,49.75371535210138
85.19796147345265,31.92585675012857,1006.8187714022107,13.732034202962724
47.077980265764275,6.7105948790597765,1113.7765798928147,43.063570420560374
